"","Year","Station","SEdist","IPHC.Reg.Area","IPHC.Stat.Area","IPHC.Charter.Region","Purpose.Code","Date","Eff","Lat","Lon","Depth","Soak","CPUE","WCPUE"
"1","2025",3074,"CSEO","2C",160,"Ommaney","Standard Grid","2-Jun-25","Y",56.1665,-134.8912,100,637,0,0
"2","2025",3075,"CSEO","2C",160,"Ommaney","Standard Grid","2-Jun-25","Y",56.1672,-135.2067,155,777,0,0
"3","2025",3078,"CSEO","2C",160,"Ommaney","Standard Grid","2-Jun-25","Y",56.3347,-134.905,65,902,0.078982986075,0.294468495723727
"4","2025",3079,"CSEO","2C",160,"Ommaney","Standard Grid","3-Jun-25","Y",56.3338,-135.2735,87,539,0.04153581718125,0.154856003955133
"5","2025",3080,"CSEO","2C",160,"Ommaney","Standard Grid","3-Jun-25","Y",56.333,-135.5633,110,615,0.02038706845,0.0760081338655333
"6","2025",3215,"SSEO","2C",160,"Ommaney","Standard Grid","4-Jun-25","Y",55.98,-135.4345,168,477,0,0
"7","2025",3070,"SSEO","2C",160,"Ommaney","Standard Grid","4-Jun-25","Y",55.9747,-135.2148,181,602,0,0
"8","2025",3064,"SSEO","2C",150,"Ommaney","Standard Grid","4-Jun-25","Y",55.8655,-135.2148,115,766,0.04048897225,0.162235425867237
"9","2025",3058,"SSEO","2C",150,"Ommaney","Standard Grid","5-Jun-25","Y",55.6657,-134.9473,109,530,0.11157953145,0.447088473648711
"10","2025",3057,"SSEO","2C",150,"Ommaney","Standard Grid","5-Jun-25","Y",55.6667,-134.6503,112,647,0,0
"11","2025",3054,"SSEO","2C",150,"Ommaney","Standard Grid","5-Jun-25","Y",55.4998,-134.9407,157,757,0,0
"12","2025",3053,"SSEO","2C",150,"Ommaney","Standard Grid","6-Jun-25","Y",55.4998,-134.6488,113,630,0,0
"13","2025",3052,"SSEO","2C",150,"Ommaney","Standard Grid","6-Jun-25","Y",55.4997,-134.36,92,735,0,0
"14","2025",3208,"SSEO","2C",150,"Ommaney","Standard Grid","7-Jun-25","Y",55.1122,-134.2718,147,466,0.03396228525,0.136083617458537
"15","2025",3044,"SSEO","2C",140,"Ommaney","Standard Grid","7-Jun-25","Y",55.0003,-134.3322,117,576,0.01458026485,0.0584217219096455
"16","2025",3043,"SSEO","2C",140,"Ommaney","Standard Grid","7-Jun-25","Y",55.0002,-134.0483,82,701,0.18348361605,0.735201239629695
"17","2025",4064,"EYKT","3A",200,"Yakutat","Standard Grid","10-Jun-25","Y",59.3538,-139.6667,84,511,0,0
"18","2025",4057,"EYKT","3A",200,"Yakutat","Standard Grid","10-Jun-25","Y",59.1873,-139.6833,70,624,0,0
"19","2025",4058,"EYKT","3A",200,"Yakutat","Standard Grid","10-Jun-25","Y",59.1872,-139.9992,63,764,0,0
"20","2025",3051,"SSEO","2C",151,"Ommaney","Standard Grid","14-Jun-25","Y",55.5003,-133.979,50,477,0.02067654549375,0.0828489333572014
"21","2025",3049,"SSEO","2C",150,"Ommaney","Standard Grid","14-Jun-25","Y",55.3347,-134.2727,101,613,0.16408754625,0.657483049483398
"22","2025",3048,"SSEO","2C",150,"Ommaney","Standard Grid","14-Jun-25","Y",55.3338,-134.0523,64,709,0,0
"23","2025",3046,"SSEO","2C",150,"Ommaney","Standard Grid","15-Jun-25","Y",55.1668,-133.9868,94,544,0.030098635,0.120602341721517
"24","2025",3045,"SSEO","2C",141,"Ommaney","Standard Grid","15-Jun-25","Y",55.1687,-133.6848,86,587,0,0
"25","2025",3047,"SSEO","2C",151,"Ommaney","Standard Grid","15-Jun-25","Y",55.3117,-133.7333,38,702,0.0188993874875,0.07572803178931
"26","2025",3211,"SSEO","2C",151,"Ommaney","Standard Grid","16-Jun-25","Y",55.3337,-133.4143,63,781,0.01809627505,0.0725100373311501
"27","2025",3069,"CSEO","2C",150,"Ommaney","Standard Grid","23-Jun-25","Y",56.0003,-134.8802,193,447,0,0
"28","2025",3063,"SSEO","2C",150,"Ommaney","Standard Grid","23-Jun-25","Y",55.8327,-134.96,102,523,0.0137843636625,0.0552326222381343
"29","2025",3068,"SSEO","2C",150,"Ommaney","Standard Grid","24-Jun-25","Y",56.0078,-134.6333,149,660,0,0
"30","2025",3062,"SSEO","2C",150,"Ommaney","Standard Grid","24-Jun-25","Y",55.8158,-134.6152,75,758,0.22972256475,0.920476269276757
"31","2025",3056,"SSEO","2C",150,"Ommaney","Standard Grid","25-Jun-25","Y",55.6668,-134.2767,114,544,0,0
"32","2025",3055,"SSEO","2C",151,"Ommaney","Standard Grid","25-Jun-25","Y",55.6662,-134.049,104,633,0,0
"33","2025",3214,"SSEO","2C",151,"Ommaney","Standard Grid","25-Jun-25","Y",55.6665,-133.8172,60,759,0.0539260723125,0.216076596188876
"34","2024",3023,"SSEO","2C",141,"Ketchikan","Standard Grid","8-Jun-24","Y",54.8332,-133.1095,104,441,0.0273577833125,0.100653051733736
"35","2024",3029,"SSEO","2C",141,"Ketchikan","Standard Grid","8-Jun-24","Y",54.9998,-133.4008,50,590,0.135849141,0.499807694975383
"36","2024",3025,"SSEO","2C",140,"Ketchikan","Standard Grid","9-Jun-24","Y",54.8347,-133.6837,75,490,0.01132076175,0.0416506412479485
"37","2024",3026,"SSEO","2C",140,"Ketchikan","Standard Grid","9-Jun-24","Y",54.8358,-133.977,105,792,0.0226415235,0.0833012824958971
"38","2024",3019,"SSEO","2C",140,"Ketchikan","Standard Grid","10-Jun-24","Y",54.6773,-133.9677,124,467,0.01132076175,0.0416506412479485
"39","2024",3018,"SSEO","2C",140,"Ketchikan","Standard Grid","10-Jun-24","Y",54.6762,-133.6968,134,693,0,0
"40","2024",3006,"SSEO","2C",140,"Ketchikan","Standard Grid","11-Jun-24","Y",54.5067,-133.4268,163,666,0,0
"41","2024",3017,"SSEO","2C",141,"Ketchikan","Standard Grid","11-Jun-24","Y",54.6767,-133.407,164,756,0,0
"42","2024",3016,"SSEO","2C",141,"Ketchikan","Standard Grid","12-Jun-24","Y",54.6667,-133.1822,124,465,0.106765379175,0.392804530642041
"43","2024",3015,"SSEO","2C",141,"Ketchikan","Standard Grid","12-Jun-24","Y",54.6667,-132.8138,76,709,0.091741808025,0.337530743767083
"44","2024",3034,"SSEO","2C",141,"Ketchikan","Standard Grid","18-Jun-24","Y",55.1665,-133.3993,45,453,0.04824527281875,0.177501001651515
"45","2024",3211,"SSEO","2C",151,"Ommaney","Standard Grid","18-Jun-24","Y",55.3333,-133.4907,78,715,0.0809779445,0.297929007768915
"46","2024",3047,"SSEO","2C",151,"Ommaney","Standard Grid","19-Jun-24","Y",55.3332,-133.7023,40,463,0.02038706845,0.0750068319482406
"47","2024",3046,"SSEO","2C",150,"Ommaney","Standard Grid","19-Jun-24","Y",55.1667,-134.0502,93,546,0.01132076175,0.0416506412479485
"48","2024",3049,"SSEO","2C",150,"Ommaney","Standard Grid","20-Jun-24","Y",55.3332,-134.2733,101,443,0.135849141,0.499807694975383
"49","2024",3051,"SSEO","2C",151,"Ommaney","Standard Grid","20-Jun-24","Y",55.4998,-134.0545,49,641,0.06614785620625,0.243367070962995
"50","2024",3214,"SSEO","2C",151,"Ommaney","Standard Grid","21-Jun-24","Y",55.6242,-133.696,27,500,0.0273577833125,0.100653051733736
"51","2024",3056,"SSEO","2C",150,"Ommaney","Standard Grid","22-Jun-24","Y",55.6665,-134.2913,114,444,0,0
"52","2024",3057,"SSEO","2C",150,"Ommaney","Standard Grid","22-Jun-24","Y",55.6668,-134.5845,111,673,0,0
"53","2024",3062,"SSEO","2C",150,"Ommaney","Standard Grid","23-Jun-24","Y",55.8337,-134.5737,73,429,0.06331498688125,0.232944554655036
"54","2024",3068,"SSEO","2C",150,"Ommaney","Standard Grid","23-Jun-24","Y",56.0085,-134.6335,160,676,0.010193534225,0.0375034159741203
"55","2024",3116,"NSEO","2C",181,"Sitka","Standard Grid","1-Jul-24","Y",58.1653,-136.5968,157,435,0,0
"56","2024",3232,"CSEO","2C",170,"Sitka","Standard Grid","5-Jul-24","Y",57.4852,-135.887,72,478,0,0
"57","2024",3235,"NSEO","2C",170,"Sitka","Standard Grid","5-Jul-24","Y",57.6478,-136.3573,42,595,0.030098635,0.106320570672152
"58","2024",3110,"NSEO","2C",181,"Sitka","Standard Grid","6-Jul-24","Y",57.8163,-136.5623,48,427,0.13766250565,0.486279731983405
"59","2024",3108,"NSEO","2C",170,"Sitka","Standard Grid","6-Jul-24","Y",57.6672,-136.5785,85,695,0.03396228525,0.119968548378038
"60","2024",3106,"CSEO","2C",170,"Sitka","Standard Grid","7-Jul-24","Y",57.5162,-136.231,46,413,0.05267261125,0.191513760411494
"61","2024",3103,"CSEO","2C",170,"Sitka","Standard Grid","7-Jul-24","Y",57.3508,-136.2182,95,655,0.16981142625,0.617421920618689
"62","2024",3055,"SSEO","2C",151,"Ommaney","Standard Grid","29-Jun-24","Y",55.6662,-133.979,100,563,0.03396228525,0.124951923743846
"63","2024",3079,"CSEO","2C",160,"Ommaney","Standard Grid","7-Jul-24","Y",56.3333,-135.2015,86,430,0.071354739575,0.259440612016195
"64","2024",3218,"CSEO","2C",160,"Ommaney","Standard Grid","8-Jul-24","Y",56.1768,-135.4337,138,558,0,0
"65","2024",3063,"SSEO","2C",150,"Ommaney","Standard Grid","10-Jul-24","Y",55.8335,-134.8905,103,442,0.0104905100625,0.0385960309712535
"66","2024",3064,"SSEO","2C",150,"Ommaney","Standard Grid","10-Jul-24","Y",55.827,-135.216,116,700,0.04374079455,0.160928405873595
"67","2024",3054,"SSEO","2C",150,"Ommaney","Standard Grid","11-Jul-24","Y",55.4997,-134.8723,157,473,0,0
"68","2024",3050,"SSEO","2C",150,"Ommaney","Standard Grid","11-Jul-24","Y",55.3328,-134.6383,111,769,0.045283047,0.166602564991794
"69","2024",3044,"SSEO","2C",140,"Ommaney","Standard Grid","12-Jul-24","Y",55.0005,-134.2662,117,441,0.0051763081625,0.0190443504621158
"70","2024",3043,"SSEO","2C",140,"Ommaney","Standard Grid","12-Jul-24","Y",55.0003,-134.051,83,683,0.04374079455,0.160928405873595
"71","2024",3097,"CSEO","2C",170,"Sitka","Standard Grid","11-Jul-24","Y",57.149,-135.8977,35,434,0.08504724369375,0.309225555101424
"72","2024",3098,"CSEO","2C",170,"Sitka","Standard Grid","11-Jul-24","Y",57.1798,-136.197,114,719,0.03396228525,0.123484384123738
"73","2024",3092,"CSEO","2C",170,"Sitka","Standard Grid","12-Jul-24","Y",57.0175,-135.9978,58,432,0.21509447325,0.782067766117006
"74","2024",3226,"CSEO","2C",170,"Sitka","Standard Grid","12-Jul-24","Y",56.98,-135.5807,16,694,0.01573576509375,0.0572140904834291
"75","2024",3225,"CSEO","2C",160,"Sitka","Standard Grid","13-Jul-24","Y",56.8512,-135.6247,61,437,0.06767400345,0.24605772478785
"76","2024",3089,"CSEO","2C",160,"Sitka","Standard Grid","13-Jul-24","Y",56.8465,-135.8648,103,562,0.01132076175,0.0411614613745793
"77","2024",3083,"CSEO","2C",160,"Sitka","Standard Grid","14-Jul-24","Y",56.4825,-135.25,58,429,0.07613325388125,0.276814940386331
"78","2024",3086,"CSEO","2C",160,"Sitka","Standard Grid","15-Jul-24","Y",56.6503,-135.5647,74,614,0.15581665475,0.56653795545236
"79","2024",3084,"CSEO","2C",160,"Sitka","Standard Grid","15-Jul-24","Y",56.4837,-135.5508,85,647,0.240574370025,0.874710806408215
"80","2023",4006,"NSEO","3A",185,"Fairweather","Standard Grid","6-Jun-23","Y",58.1672,-136.8903,108,495,0,0
"81","2023",4007,"EYKT","3A",185,"Fairweather","Standard Grid","6-Jun-23","Y",58.1673,-137.2112,66,557,0,0
"82","2023",4013,"EYKT","3A",185,"Fairweather","Standard Grid","6-Jun-23","Y",58.3333,-137.1975,92,660,0,0
"83","2023",4036,"EYKT","3A",190,"Fairweather","Standard Grid","7-Jun-23","Y",58.8335,-138.1133,30,481,0,0
"84","2023",4029,"EYKT","3A",190,"Fairweather","Standard Grid","7-Jun-23","Y",58.6665,-138.0757,51,557,0.03626365415,0.162381197514407
"85","2023",4030,"EYKT","3A",190,"Fairweather","Standard Grid","7-Jun-23","Y",58.6668,-138.3897,73,637,0,0
"86","2023",4038,"EYKT","3A",190,"Fairweather","Standard Grid","8-Jun-23","Y",58.8333,-138.7653,68,499,0,0
"87","2023",4037,"EYKT","3A",190,"Fairweather","Standard Grid","8-Jun-23","Y",58.8337,-138.4258,41,584,0,0
"88","2023",4043,"EYKT","3A",190,"Fairweather","Standard Grid","8-Jun-23","Y",59.0002,-138.3737,34,666,0,0
"89","2023",4044,"EYKT","3A",190,"Fairweather","Standard Grid","8-Jun-23","Y",59.0002,-138.6883,86,751,0,0
"90","2023",4039,"EYKT","3A",190,"Fairweather","Standard Grid","9-Jun-23","Y",58.8338,-139.021,107,494,0,0
"91","2023",4045,"EYKT","3A",190,"Fairweather","Standard Grid","9-Jun-23","Y",59.0002,-139.0082,58,568,0,0
"92","2023",4046,"EYKT","3A",190,"Fairweather","Standard Grid","9-Jun-23","Y",59,-139.3392,61,658,0,0
"93","2023",4040,"EYKT","3A",190,"Fairweather","Standard Grid","9-Jun-23","Y",58.8328,-139.3935,74,753,0,0
"94","2023",4047,"EYKT","3A",200,"Fairweather","Standard Grid","10-Jun-23","Y",59.0002,-139.6575,68,458,0,0
"95","2023",4041,"EYKT","3A",200,"Fairweather","Standard Grid","10-Jun-23","Y",58.8332,-139.6727,89,516,0.00642105538333333,0.028752167614967
"96","2023",4050,"EYKT","3A",200,"Fairweather","Standard Grid","13-Jun-23","Y",59.3213,-139.3332,17,474,0,0
"97","2023",4049,"EYKT","3A",200,"Fairweather","Standard Grid","13-Jun-23","Y",59.1502,-139.35,54,534,0,0
"98","2023",4048,"EYKT","3A",190,"Fairweather","Standard Grid","13-Jun-23","Y",59.1475,-139.0332,31,620,0,0
"99","2023",4026,"EYKT","3A",190,"Fairweather","Standard Grid","14-Jun-23","Y",58.4983,-139.0937,56,493,0.015094349,0.0675893956020532
"100","2023",4032,"EYKT","3A",190,"Fairweather","Standard Grid","14-Jun-23","Y",58.6665,-139.092,80,586,0,0
"101","2023",4031,"EYKT","3A",190,"Fairweather","Standard Grid","14-Jun-23","Y",58.6663,-138.7642,55,662,0,0
"102","2023",4025,"EYKT","3A",190,"Fairweather","Standard Grid","14-Jun-23","Y",58.5163,-138.7508,55,751,0,0
"103","2023",4019,"EYKT","3A",190,"Fairweather","Standard Grid","14-Jun-23","Y",58.3198,-139.0848,63,489,0.120754792,0.540715164816426
"104","2023",4018,"EYKT","3A",190,"Fairweather","Standard Grid","15-Jun-23","Y",58.318,-138.7667,70,607,0.045283047,0.20276818680616
"105","2023",4012,"EYKT","3A",190,"Fairweather","Standard Grid","15-Jun-23","Y",58.1527,-138.7667,106,692,0.11279000575,0.505050487344277
"106","2023",4020,"EYKT","3A",190,"Fairweather","Standard Grid","16-Jun-23","Y",58.3202,-139.4027,147,530,0,0
"107","2023",4027,"EYKT","3A",190,"Fairweather","Standard Grid","16-Jun-23","Y",58.484,-139.3835,93,651,0.101459797916667,0.454316143021071
"108","2023",4028,"EYKT","3A",190,"Fairweather","Standard Grid","16-Jun-23","Y",58.4807,-139.7007,136,735,0,0
"109","2023",4034,"EYKT","3A",190,"Fairweather","Standard Grid","17-Jun-23","Y",58.6492,-139.7,102,599,0,0
"110","2023",4033,"EYKT","3A",190,"Fairweather","Standard Grid","17-Jun-23","Y",58.6487,-139.3832,138,701,0,0
"111","2023",4001,"EYKT","3A",185,"Fairweather","Standard Grid","18-Jun-23","Y",57.8458,-137.2405,162,480,0,0
"112","2023",4003,"EYKT","3A",185,"Fairweather","Standard Grid","18-Jun-23","Y",58.0077,-137.2132,121,544,0,0
"113","2023",4002,"NSEO","3A",185,"Fairweather","Standard Grid","18-Jun-23","Y",57.9985,-136.9247,227,643,0,0
"114","2023",4004,"EYKT","3A",185,"Fairweather","Standard Grid","22-Jun-23","Y",57.991,-137.5165,90,492,0.090566094,0.405536373612319
"115","2023",4008,"EYKT","3A",185,"Fairweather","Standard Grid","22-Jun-23","Y",58.145,-137.5003,78,583,0,0
"116","2023",4009,"EYKT","3A",185,"Fairweather","Standard Grid","22-Jun-23","Y",58.1662,-137.7778,85,685,0,0
"117","2023",4005,"EYKT","3A",185,"Fairweather","Standard Grid","22-Jun-23","Y",58.0252,-137.8335,98,776,0.0132220874583333,0.0592057928371895
"118","2023",4014,"EYKT","3A",185,"Fairweather","Standard Grid","23-Jun-23","Y",58.3328,-137.519,103,486,0,0
"119","2023",4021,"EYKT","3A",185,"Fairweather","Standard Grid","23-Jun-23","Y",58.4523,-137.5017,85,590,0,0
"120","2023",4022,"EYKT","3A",185,"Fairweather","Standard Grid","23-Jun-23","Y",58.4997,-137.7432,86,689,0,0
"121","2023",4015,"EYKT","3A",185,"Fairweather","Standard Grid","23-Jun-23","Y",58.3555,-137.804,96,777,0,0
"122","2023",4024,"EYKT","3A",190,"Fairweather","Standard Grid","24-Jun-23","Y",58.4995,-138.4467,64,509,0,0
"123","2023",4023,"EYKT","3A",190,"Fairweather","Standard Grid","24-Jun-23","Y",58.5003,-138.1592,73,596,0,0
"124","2023",4016,"EYKT","3A",185,"Fairweather","Standard Grid","24-Jun-23","Y",58.3242,-138.1163,70,675,0,0
"125","2023",4017,"EYKT","3A",190,"Fairweather","Standard Grid","24-Jun-23","Y",58.328,-138.4337,72,749,0,0
"126","2023",4011,"EYKT","3A",185,"Fairweather","Standard Grid","25-Jun-23","Y",58.1433,-138.4505,91,498,0.030188698,0.135178791204106
"127","2023",4010,"EYKT","3A",185,"Fairweather","Standard Grid","25-Jun-23","Y",58.1463,-138.1332,81,592,0.030188698,0.135178791204106
"128","2023",4501,"EYKT","3A",185,"Fairweather","Standard Grid","25-Jun-23","Y",57.9913,-138.1335,143,671,0,0
"129","2023",3070,"CSEO","2C",160,"Ommaney","Standard Grid","28-Jun-23","Y",55.994,-135.2028,203,635,0,0
"130","2023",3064,"SSEO","2C",150,"Ommaney","Standard Grid","28-Jun-23","Y",55.8267,-135.2115,119,731,0.00889711493125,0.0322117306505062
"131","2023",3054,"SSEO","2C",150,"Ommaney","Standard Grid","29-Jun-23","Y",55.4673,-134.9012,154,569,0,0
"132","2023",3053,"SSEO","2C",150,"Ommaney","Standard Grid","29-Jun-23","Y",55.4675,-134.6092,111,674,0.01132076175,0.0409864693293695
"133","2023",3050,"SSEO","2C",150,"Ommaney","Standard Grid","29-Jun-23","Y",55.3265,-134.5997,110,749,0.07117691945,0.25769384520405
"134","2023",3208,"SSEO","2C",150,"Ommaney","Standard Grid","30-Jun-23","Y",55.1352,-134.2618,180,491,0,0
"135","2023",3044,"SSEO","2C",140,"Ommaney","Standard Grid","30-Jun-23","Y",54.9923,-134.297,118,594,0.07559754995,0.273698601810179
"136","2023",3043,"SSEO","2C",140,"Ommaney","Standard Grid","30-Jun-23","Y",54.9885,-134.012,85,723,0.1630965476,0.590486028551343
"137","2023",3046,"SSEO","2C",150,"Ommaney","Standard Grid","1-Jul-23","Y",55.155,-134.0158,94,539,0.00944969374375,0.0342123252262724
"138","2023",3048,"SSEO","2C",150,"Ommaney","Standard Grid","1-Jul-23","Y",55.3332,-134.0005,67,668,0,0
"139","2023",3049,"SSEO","2C",150,"Ommaney","Standard Grid","1-Jul-23","Y",55.3203,-134.3223,101,791,0.2490567585,0.901702325246129
"140","2023",3051,"SSEO","2C",151,"Ommaney","Standard Grid","2-Jul-23","Y",55.4992,-133.9933,51,510,0.0233724982125,0.0846194100973263
"141","2023",3052,"SSEO","2C",150,"Ommaney","Standard Grid","2-Jul-23","Y",55.4998,-134.2648,88,629,0,0
"142","2023",3056,"SSEO","2C",150,"Ommaney","Standard Grid","2-Jul-23","Y",55.6397,-134.3173,113,755,0,0
"143","2023",3057,"SSEO","2C",150,"Ommaney","Standard Grid","3-Jul-23","Y",55.6675,-134.5958,111,514,0,0
"144","2023",3058,"SSEO","2C",150,"Ommaney","Standard Grid","3-Jul-23","Y",55.667,-134.8678,109,646,0.14716990275,0.532824101281804
"145","2023",3063,"SSEO","2C",150,"Ommaney","Standard Grid","3-Jul-23","Y",55.8112,-134.917,101,774,0.0226415235,0.081972938658739
"146","2023",3062,"SSEO","2C",150,"Ommaney","Standard Grid","11-Jul-23","Y",55.8335,-134.5823,78,573,0.28301904375,1.02466173323424
"147","2023",3068,"SSEO","2C",150,"Ommaney","Standard Grid","11-Jul-23","Y",56.0017,-134.6485,208,669,0,0
"148","2023",3069,"CSEO","2C",150,"Ommaney","Standard Grid","11-Jul-23","Y",56,-134.8585,185,791,0,0
"149","2023",3079,"CSEO","2C",160,"Ommaney","Standard Grid","12-Jul-23","Y",56.3438,-135.2693,86,788,0.112128876475,0.399251297369411
"150","2023",3078,"CSEO","2C",160,"Ommaney","Standard Grid","15-Jul-23","Y",56.3505,-134.9348,66,540,0.2078932623625,0.740234427757717
"151","2023",3074,"CSEO","2C",160,"Ommaney","Standard Grid","15-Jul-23","Y",56.1665,-134.9093,102,704,0,0
"152","2023",3075,"CSEO","2C",160,"Ommaney","Standard Grid","15-Jul-23","Y",56.1528,-135.2325,149,835,0,0
"153","2023",3055,"SSEO","2C",151,"Ommaney","Standard Grid","17-Jul-23","Y",55.6558,-134.0013,112,691,0.10188685575,0.368878223964326
"154","2023",3214,"SSEO","2C",151,"Ommaney","Standard Grid","17-Jul-23","Y",55.6533,-133.7553,39,780,0.0313639606,0.113552253599847
"155","2023",3211,"SSEO","2C",151,"Ommaney","Standard Grid","19-Jul-23","Y",55.3293,-133.4872,76,685,0.0401350252625,0.145307623133658
"156","2023",3047,"SSEO","2C",151,"Ommaney","Standard Grid","20-Jul-23","Y",55.301,-133.7368,42,491,0,0
"157","2023",3045,"SSEO","2C",141,"Ommaney","Standard Grid","20-Jul-23","Y",55.1595,-133.7172,85,559,0,0
"158","2023",3015,"SSEO","2C",141,"Ketchikan","Standard Grid","19-Jul-23","Y",54.6672,-132.8202,76,425,0.025674869475,0.0929550743590777
"159","2023",3016,"SSEO","2C",141,"Ketchikan","Standard Grid","19-Jul-23","Y",54.6673,-133.1152,121,554,0.0930164632625,0.336763241098584
"160","2023",3023,"SSEO","2C",141,"Ketchikan","Standard Grid","19-Jul-23","Y",54.8333,-133.1917,107,672,0.011467150075,0.0415164637524736
"161","2023",3034,"SSEO","2C",141,"Ketchikan","Standard Grid","20-Jul-23","Y",55.1662,-133.3988,43,455,0.0519392258,0.188044367707226
"162","2023",3029,"SSEO","2C",141,"Ketchikan","Standard Grid","20-Jul-23","Y",55.001,-133.4042,54,571,0.1956411275,0.70831267797346
"163","2023",3030,"SSEO","2C",140,"Ketchikan","Standard Grid","20-Jul-23","Y",55,-133.687,57,697,0,0
"164","2023",3025,"SSEO","2C",140,"Ketchikan","Standard Grid","21-Jul-23","Y",54.8348,-133.692,76,488,0.16064479364375,0.58160952884663
"165","2023",3026,"SSEO","2C",140,"Ketchikan","Standard Grid","21-Jul-23","Y",54.8333,-133.982,105,645,0.00752465875,0.0272427953066716
"166","2023",3019,"SSEO","2C",140,"Ketchikan","Standard Grid","21-Jul-23","Y",54.6668,-134.0237,121,764,0.0077908327375,0.0282064700324421
"167","2023",3201,"SSEO","2C",140,"Ketchikan","Standard Grid","22-Jul-23","Y",54.5263,-133.9725,129,451,0,0
"168","2023",3007,"SSEO","2C",140,"Ketchikan","Standard Grid","22-Jul-23","Y",54.4853,-133.7328,139,629,0,0
"169","2023",3018,"SSEO","2C",140,"Ketchikan","Standard Grid","22-Jul-23","Y",54.6477,-133.7173,133,768,0,0
"170","2023",3006,"SSEO","2C",140,"Ketchikan","Standard Grid","23-Jul-23","Y",54.5005,-133.4763,164,535,0,0
"171","2023",3017,"SSEO","2C",141,"Ketchikan","Standard Grid","23-Jul-23","Y",54.6498,-133.4295,164,686,0,0
"172","2023",3024,"SSEO","2C",141,"Ketchikan","Standard Grid","23-Jul-23","Y",54.8157,-133.431,69,781,0,0
"173","2023",3116,"NSEO","2C",181,"Sitka","Standard Grid","20-Aug-23","Y",58.167,-136.5635,122,679,0,0
"174","2023",3111,"NSEO","2C",181,"Sitka","Standard Grid","21-Aug-23","Y",57.8563,-136.885,225,525,0,0
"175","2023",3110,"NSEO","2C",181,"Sitka","Standard Grid","21-Aug-23","Y",57.851,-136.5667,53,636,0.050967671125,0.188570656507705
"176","2023",3108,"NSEO","2C",170,"Sitka","Standard Grid","21-Aug-23","Y",57.6872,-136.5508,90,862,0.02038706845,0.0754282626030821
"177","2023",3232,"NSEO","2C",170,"Sitka","Standard Grid","22-Aug-23","Y",57.5135,-135.9412,82,429,0,0
"178","2023",3235,"NSEO","2C",170,"Sitka","Standard Grid","22-Aug-23","Y",57.654,-136.171,26,489,0,0
"179","2023",3226,"CSEO","2C",170,"Sitka","Standard Grid","25-Aug-23","Y",57.0063,-135.5817,18,409,0.00439727571875,0.0156571446249475
"180","2023",3230,"CSEO","2C",170,"Sitka","Standard Grid","25-Aug-23","Y",57.1665,-135.5997,39,385,0,0
"181","2023",3106,"CSEO","2C",170,"Sitka","Standard Grid","26-Aug-23","Y",57.4798,-136.234,48,627,0.09628076053125,0.342821757982973
"182","2023",3103,"CSEO","2C",170,"Sitka","Standard Grid","26-Aug-23","Y",57.3342,-136.17,96,995,0.04374079455,0.155745509284131
"183","2023",3102,"CSEO","2C",170,"Sitka","Standard Grid","26-Aug-23","Y",57.3513,-135.9163,53,448,0.0155289244875,0.0552930114284014
"184","2023",3097,"CSEO","2C",170,"Sitka","Standard Grid","27-Aug-23","Y",57.1892,-135.9,33,662,0.0733413442125,0.261142604369051
"185","2023",3098,"CSEO","2C",170,"Sitka","Standard Grid","27-Aug-23","Y",57.1463,-136.1995,116,905,0.007290132425,0.0259575848806886
"186","2023",3092,"CSEO","2C",170,"Sitka","Standard Grid","28-Aug-23","Y",57.016,-135.9998,58,444,0.0991319949375,0.352973995939744
"187","2023",3089,"CSEO","2C",160,"Sitka","Standard Grid","28-Aug-23","Y",56.8558,-135.8672,102,594,0,0
"188","2023",3225,"CSEO","2C",160,"Sitka","Standard Grid","28-Aug-23","Y",56.8527,-135.5943,50,460,0.05543782678125,0.197394506763738
"189","2023",3086,"CSEO","2C",160,"Sitka","Standard Grid","29-Aug-23","Y",56.6893,-135.567,74,576,0.27404111856875,0.975763563862445
"190","2023",3087,"CSEO","2C",160,"Sitka","Standard Grid","29-Aug-23","Y",56.6472,-135.8673,134,797,0.00944969374375,0.0336470194435326
"191","2023",3085,"CSEO","2C",160,"Sitka","Standard Grid","30-Aug-23","Y",56.6448,-135.25,23,477,0.015352235625,0.0546638848394127
"192","2023",3083,"CSEO","2C",160,"Sitka","Standard Grid","30-Aug-23","Y",56.5188,-135.25,58,596,0.06767400345,0.24096320702561
"193","2023",3084,"CSEO","2C",160,"Sitka","Standard Grid","30-Aug-23","Y",56.48,-135.5497,86,752,0.340188974775,1.21129269996717
"194","2022",4065,"EYKT","3A",200,"Yakutat","Standard Grid","20-Jun-22","Y",59.3522,-139.999,89,528,0,0
"195","2022",4064,"EYKT","3A",200,"Yakutat","Standard Grid","21-Jun-22","Y",59.316,-139.6647,85,487,0,0
"196","2022",4050,"EYKT","3A",200,"Fairweather","Standard Grid","21-Jun-22","Y",59.3358,-139.3498,21,604,0,0
"197","2022",4057,"EYKT","3A",200,"Yakutat","Standard Grid","21-Jun-22","Y",59.146,-139.6827,72,701,0,0
"198","2022",4046,"EYKT","3A",190,"Fairweather","Standard Grid","22-Jun-22","Y",58.9832,-139.3673,59,491,0,0
"199","2022",4040,"EYKT","3A",190,"Fairweather","Standard Grid","22-Jun-22","Y",58.8547,-139.3662,74,577,0.0092335080375,0.0404954637623177
"200","2022",4041,"EYKT","3A",200,"Fairweather","Standard Grid","22-Jun-22","Y",58.814,-139.7007,89,693,0,0
"201","2022",3116,"NSEO","2C",181,"Sitka","Standard Grid","24-Jun-22","Y",58.1503,-136.6295,145,688,0.00420806545,0.0150896643995421
"202","2022",3110,"NSEO","2C",181,"Sitka","Standard Grid","25-Jun-22","Y",57.8342,-136.533,51,487,0.045283047,0.162380074725
"203","2022",3111,"NSEO","2C",181,"Sitka","Standard Grid","25-Jun-22","Y",57.8352,-136.844,194,639,0,0
"204","2022",3108,"NSEO","2C",170,"Sitka","Standard Grid","25-Jun-22","Y",57.6673,-136.5795,86,768,0.0388140402857143,0.139182921192857
"205","2022",3232,"CSEO","2C",170,"Sitka","Standard Grid","27-Jun-22","Y",57.5102,-135.9363,72,444,0,0
"206","2022",3106,"CSEO","2C",170,"Sitka","Standard Grid","27-Jun-22","Y",57.517,-136.2295,46,590,0.08007686090625,0.27828100461733
"207","2022",3102,"CSEO","2C",170,"Sitka","Standard Grid","28-Jun-22","Y",57.3493,-135.9135,42,441,0.00802085585,0.0278738676637432
"208","2022",3103,"CSEO","2C",170,"Sitka","Standard Grid","28-Jun-22","Y",57.3492,-136.2123,95,570,0.1132076175,0.393416140089672
"209","2022",3230,"CSEO","2C",170,"Sitka","Standard Grid","29-Jun-22","Y",57.1682,-135.594,44,400,0,0
"210","2022",3226,"CSEO","2C",170,"Sitka","Standard Grid","29-Jun-22","Y",57.0148,-135.5713,19,536,0.0041056920875,0.0142679933482476
"211","2022",4034,"EYKT","3A",190,"Fairweather","Standard Grid","28-Jun-22","Y",58.6835,-139.7072,103,549,0,0
"212","2022",4027,"EYKT","3A",190,"Fairweather","Standard Grid","28-Jun-22","Y",58.5162,-139.396,92,699,0.036450662125,0.159861935593774
"213","2022",4019,"EYKT","3A",190,"Fairweather","Standard Grid","29-Jun-22","Y",58.3523,-139.0855,59,461,0.21269077825,0.932799502445012
"214","2022",4018,"EYKT","3A",190,"Fairweather","Standard Grid","29-Jun-22","Y",58.3507,-138.7668,65,607,0.1590523176,0.697556913095766
"215","2022",4025,"EYKT","3A",190,"Fairweather","Standard Grid","30-Jun-22","Y",58.5157,-138.7505,54,483,0.0830716343625,0.364327874664843
"216","2022",4024,"EYKT","3A",190,"Fairweather","Standard Grid","30-Jun-22","Y",58.4993,-138.468,62,628,0.01132076175,0.0496495476418171
"217","2022",4030,"EYKT","3A",190,"Fairweather","Standard Grid","30-Jun-22","Y",58.6472,-138.4153,71,770,0,0
"218","2022",4038,"EYKT","3A",190,"Fairweather","Standard Grid","1-Jul-22","Y",58.8512,-138.731,67,493,0,0
"219","2022",4043,"EYKT","3A",190,"Fairweather","Standard Grid","1-Jul-22","Y",58.9997,-138.4385,33,579,0,0
"220","2022",4037,"EYKT","3A",190,"Fairweather","Standard Grid","1-Jul-22","Y",58.851,-138.4003,38,701,0.01568579165,0.0687932912134902
"221","2022",4029,"EYKT","3A",190,"Fairweather","Standard Grid","2-Jul-22","Y",58.6628,-138.0728,55,465,0,0
"222","2022",4023,"EYKT","3A",190,"Fairweather","Standard Grid","2-Jul-22","Y",58.5178,-138.1178,73,581,0,0
"223","2022",4022,"EYKT","3A",185,"Fairweather","Standard Grid","2-Jul-22","Y",58.483,-137.7822,84,741,0,0
"224","2022",4021,"EYKT","3A",185,"Fairweather","Standard Grid","3-Jul-22","Y",58.5135,-137.4673,44,494,0,0
"225","2022",4014,"EYKT","3A",185,"Fairweather","Standard Grid","3-Jul-22","Y",58.3453,-137.483,95,632,0,0
"226","2022",4008,"EYKT","3A",185,"Fairweather","Standard Grid","3-Jul-22","Y",58.1848,-137.5005,77,750,0,0
"227","2022",4004,"EYKT","3A",185,"Fairweather","Standard Grid","4-Jul-22","Y",58.0007,-137.4777,88,989,0.045283047,0.198598190567268
"228","2022",4010,"EYKT","3A",185,"Fairweather","Standard Grid","4-Jul-22","Y",58.1667,-138.1617,80,452,0,0
"229","2022",4003,"EYKT","3A",185,"Fairweather","Standard Grid","5-Jul-22","Y",57.9998,-137.2435,104,492,0.0077908327375,0.034168312142947
"230","2022",4007,"EYKT","3A",185,"Fairweather","Standard Grid","5-Jul-22","Y",58.1673,-137.216,66,611,0,0
"231","2022",4006,"NSEO","3A",185,"Fairweather","Standard Grid","5-Jul-22","Y",58.1848,-136.9177,114,735,0,0
"232","2022",3097,"CSEO","2C",170,"Sitka","Standard Grid","4-Jul-22","Y",57.1663,-135.8823,41,432,0.067206228125,0.233553319492157
"233","2022",3098,"CSEO","2C",170,"Sitka","Standard Grid","4-Jul-22","Y",57.1667,-136.1503,113,568,0.0226415235,0.0786832280179344
"234","2022",3092,"CSEO","2C",170,"Sitka","Standard Grid","4-Jul-22","Y",57.0013,-136.0345,54,669,0.2078932623625,0.722465207160677
"235","2022",3225,"CSEO","2C",160,"Sitka","Standard Grid","5-Jul-22","Y",56.833,-135.5982,64,455,0.1223224107,0.425091630111
"236","2022",3089,"CSEO","2C",160,"Sitka","Standard Grid","5-Jul-22","Y",56.8333,-135.8308,103,604,0.0226415235,0.0786832280179344
"237","2022",3087,"CSEO","2C",160,"Sitka","Standard Grid","5-Jul-22","Y",56.6673,-135.884,130,753,0,0
"238","2022",3085,"CSEO","2C",160,"Sitka","Standard Grid","6-Jul-22","Y",56.6523,-135.2275,30,428,0.01592042535,0.0553262441883185
"239","2022",3084,"CSEO","2C",160,"Sitka","Standard Grid","6-Jul-22","Y",56.5025,-135.5813,85,720,0.340188974775,1.18221579353565
"240","2022",3083,"CSEO","2C",160,"Sitka","Standard Grid","7-Jul-22","Y",56.5007,-135.2122,61,442,0.05267261125,0.183046475705743
"241","2022",3080,"CSEO","2C",160,"Ommaney","Standard Grid","7-Jul-22","Y",56.3523,-135.5292,110,609,0.0226415235,0.0786832280179344
"242","2022",3078,"CSEO","2C",160,"Ommaney","Standard Grid","8-Jul-22","Y",56.3342,-134.9142,64,433,0.1132076175,0.393416140089672
"243","2022",3074,"CSEO","2C",160,"Ommaney","Standard Grid","8-Jul-22","Y",56.166,-134.9072,102,602,0,0
"244","2022",3075,"CSEO","2C",160,"Ommaney","Standard Grid","8-Jul-22","Y",56.1662,-135.195,154,757,0,0
"245","2022",3070,"SSEO","2C",160,"Ommaney","Standard Grid","9-Jul-22","Y",55.9983,-135.196,197,465,0,0
"246","2022",3218,"CSEO","2C",160,"Ommaney","Standard Grid","9-Jul-22","Y",56.166,-135.5182,148,767,0,0
"247","2022",3068,"CSEO","2C",150,"Ommaney","Standard Grid","15-Jul-22","Y",55.9995,-134.6032,206,797,0,0
"248","2022",3062,"SSEO","2C",150,"Ommaney","Standard Grid","15-Jul-22","Y",55.8348,-134.646,74,954,0.0974707756375,0.352889941896026
"249","2022",3069,"SSEO","2C",150,"Ommaney","Standard Grid","16-Jul-22","Y",55.9788,-134.9173,195,793,0,0
"250","2022",3034,"SSEO","2C",141,"Ketchikan","Standard Grid","24-Jul-22","Y",55.1483,-133.4317,38,470,0.03067348550625,0.111052409783889
"251","2022",3211,"SSEO","2C",151,"Ommaney","Standard Grid","24-Jul-22","Y",55.3347,-133.4335,87,607,0.0664741196625,0.240667503381024
"252","2022",3047,"SSEO","2C",151,"Ommaney","Standard Grid","26-Jul-22","Y",55.3327,-133.704,40,445,0.0188993874875,0.0684246504525447
"253","2022",3045,"SSEO","2C",141,"Ommaney","Standard Grid","26-Jul-22","Y",55.1668,-133.691,85,540,0,0
"254","2022",3048,"SSEO","2C",150,"Ommaney","Standard Grid","26-Jul-22","Y",55.3333,-134.0435,63,652,0,0
"255","2022",3051,"SSEO","2C",151,"Ommaney","Standard Grid","27-Jul-22","Y",55.5002,-134.0438,48,435,0.0377075421,0.136518995090375
"256","2022",3055,"SSEO","2C",151,"Ommaney","Standard Grid","27-Jul-22","Y",55.6665,-134.0472,101,612,0.0125691807,0.0455063316967918
"257","2022",3214,"SSEO","2C",151,"Ommaney","Standard Grid","27-Jul-22","Y",55.667,-133.8467,61,762,0.140234989275,0.507716460583957
"258","2022",3023,"SSEO","2C",141,"Ketchikan","Standard Grid","7-Aug-22","Y",54.834,-133.1123,105,447,0.01273180665,0.0460951139412229
"259","2022",3024,"SSEO","2C",141,"Ketchikan","Standard Grid","7-Aug-22","Y",54.8338,-133.398,65,558,0.02257397625,0.0817283859200147
"260","2022",3016,"SSEO","2C",141,"Ketchikan","Standard Grid","7-Aug-22","Y",54.6685,-133.181,121,705,0.04434280104375,0.16054174578473
"261","2022",3004,"SSEO","2C",142,"Ketchikan","Standard Grid","8-Aug-22","Y",54.4997,-132.8913,207,440,0,0
"262","2021",3043,"SSEO","2C",140,"Ommaney","Standard Grid","30-May-21","Y",54.9998,-133.974,83,475,0.050967671125,0.180754846078416
"263","2021",3044,"SSEO","2C",140,"Ommaney","Standard Grid","30-May-21","Y",55.0002,-134.3313,118,614,0,0
"264","2021",3211,"SSEO","2C",151,"Ommaney","Standard Grid","31-May-21","Y",55.3337,-133.4033,53,1075,0.0219744735283019,0.0779316082644032
"265","2021",3045,"SSEO","2C",141,"Ommaney","Standard Grid","1-Jun-21","Y",55.1672,-133.684,89,439,0,0
"266","2021",3046,"SSEO","2C",150,"Ommaney","Standard Grid","1-Jun-21","Y",55.1667,-133.9852,96,559,0.01132076175,0.0401486374096452
"267","2021",3049,"SSEO","2C",150,"Ommaney","Standard Grid","1-Jun-21","Y",55.3333,-134.2817,104,627,0.06116120535,0.216905815294099
"268","2021",3048,"SSEO","2C",150,"Ommaney","Standard Grid","2-Jun-21","Y",55.3097,-134.0167,67,455,0,0
"269","2021",3047,"SSEO","2C",151,"Ommaney","Standard Grid","2-Jun-21","Y",55.3158,-133.7335,40,517,0,0
"270","2021",3051,"SSEO","2C",151,"Ommaney","Standard Grid","2-Jun-21","Y",55.4812,-134.0167,52,834,0.04448557465625,0.157766345257949
"271","2021",3052,"SSEO","2C",150,"Ommaney","Standard Grid","3-Jun-21","Y",55.3345,-134.3172,94,476,0,0
"272","2021",3068,"CSEO","2C",150,"Ommaney","Standard Grid","7-Jun-21","Y",55.9825,-134.6335,206,511,0,0
"273","2021",3069,"CSEO","2C",150,"Ommaney","Standard Grid","7-Jun-21","Y",55.9822,-134.9162,202,641,0,0
"274","2021",3063,"SSEO","2C",150,"Ommaney","Standard Grid","7-Jun-21","Y",55.8142,-134.9168,103,729,0,0
"275","2021",3070,"CSEO","2C",160,"Ommaney","Standard Grid","8-Jun-21","Y",56.0175,-135.2168,202,604,0,0
"276","2021",3064,"SSEO","2C",150,"Ommaney","Standard Grid","8-Jun-21","Y",55.851,-135.2167,135,734,0.01132076175,0.0401486374096452
"277","2021",3058,"SSEO","2C",150,"Ommaney","Standard Grid","9-Jun-21","Y",55.6845,-134.9167,110,646,0.05660380875,0.200743187048226
"278","2021",3054,"SSEO","2C",150,"Ommaney","Standard Grid","9-Jun-21","Y",55.4997,-134.9317,161,812,0,0
"279","2021",3050,"SSEO","2C",150,"Ommaney","Standard Grid","9-Jun-21","Y",55.3537,-134.6002,112,1431,0.0226415235,0.0802972748192905
"280","2021",4013,"EYKT","3A",185,"Fairweather","Standard Grid","6-Jun-21","Y",58.3333,-137.1393,94,417,0,0
"281","2021",4014,"EYKT","3A",185,"Fairweather","Standard Grid","6-Jun-21","Y",58.3333,-137.442,102,535,0,0
"282","2021",4021,"EYKT","3A",185,"Fairweather","Standard Grid","6-Jun-21","Y",58.4613,-137.4767,78,646,0,0
"283","2021",4024,"EYKT","3A",190,"Fairweather","Standard Grid","7-Jun-21","Y",58.5012,-138.473,63,434,0.0679245705,0.289570807126757
"284","2021",4023,"EYKT","3A",190,"Fairweather","Standard Grid","7-Jun-21","Y",58.4995,-138.1455,74,529,0,0
"285","2021",4029,"EYKT","3A",190,"Fairweather","Standard Grid","7-Jun-21","Y",58.667,-138.1492,51,645,0.01132076175,0.0482618011877928
"286","2021",4025,"EYKT","3A",190,"Fairweather","Standard Grid","8-Jun-21","Y",58.5003,-138.7825,52,426,0.02966844084375,0.126480216188001
"287","2021",4031,"EYKT","3A",190,"Fairweather","Standard Grid","8-Jun-21","Y",58.6668,-138.7762,55,528,0,0
"288","2021",4030,"EYKT","3A",190,"Fairweather","Standard Grid","8-Jun-21","Y",58.6668,-138.4568,73,631,0,0
"289","2021",4033,"EYKT","3A",190,"Fairweather","Standard Grid","9-Jun-21","Y",58.6672,-139.423,138,577,0,0
"290","2021",4032,"EYKT","3A",190,"Fairweather","Standard Grid","9-Jun-21","Y",58.6672,-139.0922,78,678,0,0
"291","2021",4043,"EYKT","3A",190,"Fairweather","Standard Grid","11-Jun-21","Y",58.9995,-138.452,35,444,0,0
"292","2021",4037,"EYKT","3A",190,"Fairweather","Standard Grid","11-Jun-21","Y",58.8542,-138.4005,40,550,0,0
"293","2021",4036,"EYKT","3A",190,"Fairweather","Standard Grid","11-Jun-21","Y",58.8502,-138.0828,29,644,0.0226415235,0.0965236023755856
"294","2021",4044,"EYKT","3A",190,"Fairweather","Standard Grid","12-Jun-21","Y",59,-138.7563,87,461,0,0
"295","2021",4038,"EYKT","3A",190,"Fairweather","Standard Grid","12-Jun-21","Y",58.8337,-138.7592,66,560,0,0
"296","2021",4039,"EYKT","3A",190,"Fairweather","Standard Grid","12-Jun-21","Y",58.8332,-139.0858,106,630,0,0
"297","2021",3078,"CSEO","2C",160,"Ommaney","Standard Grid","18-Jun-21","Y",56.3338,-134.9155,64,465,0.02429338335,0.084423727999361
"298","2021",3074,"CSEO","2C",160,"Ommaney","Standard Grid","18-Jun-21","Y",56.1672,-134.9617,103,663,0.02834908123125,0.0985179827946378
"299","2021",3079,"CSEO","2C",160,"Ommaney","Standard Grid","19-Jun-21","Y",56.3333,-135.1915,86,520,0.04229625215625,0.146986825012648
"300","2021",3062,"SSEO","2C",150,"Ommaney","Standard Grid","20-Jun-21","Y",55.8132,-134.6153,81,432,0.0773253840372671,0.27423144085457
"301","2021",3057,"SSEO","2C",150,"Ommaney","Standard Grid","20-Jun-21","Y",55.643,-134.6157,114,549,0,0
"302","2021",4050,"EYKT","3A",200,"Fairweather","Standard Grid","15-Jun-21","Y",59.34,-139.3818,14,425,0,0
"303","2021",4049,"EYKT","3A",200,"Fairweather","Standard Grid","15-Jun-21","Y",59.1845,-139.3502,54,533,0,0
"304","2021",4048,"EYKT","3A",190,"Fairweather","Standard Grid","15-Jun-21","Y",59.182,-139.0328,30,618,0,0
"305","2021",4045,"EYKT","3A",190,"Fairweather","Standard Grid","16-Jun-21","Y",58.9797,-139.034,57,463,0,0
"306","2021",4046,"EYKT","3A",190,"Fairweather","Standard Grid","16-Jun-21","Y",58.9797,-139.3672,61,548,0,0
"307","2021",4040,"EYKT","3A",190,"Fairweather","Standard Grid","16-Jun-21","Y",58.8167,-139.3672,74,611,0.04383345245625,0.186867404732557
"308","2021",4041,"EYKT","3A",200,"Fairweather","Standard Grid","17-Jun-21","Y",58.8097,-139.7007,90,552,0,0
"309","2021",4047,"EYKT","3A",200,"Fairweather","Standard Grid","17-Jun-21","Y",58.9793,-139.684,67,674,0.01132076175,0.0482618011877928
"310","2021",4019,"EYKT","3A",190,"Fairweather","Standard Grid","18-Jun-21","Y",58.3347,-139.047,62,559,0.077024608425,0.328365389226122
"311","2021",4026,"EYKT","3A",190,"Fairweather","Standard Grid","18-Jun-21","Y",58.477,-139.0667,55,684,0.0079009097125,0.0336825508890668
"312","2021",4017,"EYKT","3A",190,"Fairweather","Standard Grid","19-Jun-21","Y",58.3137,-138.4347,72,476,0,0
"313","2021",4018,"EYKT","3A",190,"Fairweather","Standard Grid","19-Jun-21","Y",58.3535,-138.7665,67,571,0.090566094,0.386094409502342
"314","2021",4012,"EYKT","3A",190,"Fairweather","Standard Grid","19-Jun-21","Y",58.1498,-138.7668,105,657,0.05660380875,0.241309005938964
"315","2021",4011,"EYKT","3A",185,"Fairweather","Standard Grid","20-Jun-21","Y",58.147,-138.4503,89,527,0.16981142625,0.723927017816892
"316","2021",3116,"NSEO","2C",181,"Sitka","Standard Grid","21-Jun-21","Y",58.1573,-136.5547,151,548,0,0
"317","2021",4008,"EYKT","3A",185,"Fairweather","Standard Grid","25-Jun-21","Y",58.1462,-137.4997,78,499,0,0
"318","2021",4009,"EYKT","3A",185,"Fairweather","Standard Grid","25-Jun-21","Y",58.1455,-137.817,83,593,0,0
"319","2021",4005,"EYKT","3A",185,"Fairweather","Standard Grid","25-Jun-21","Y",57.9818,-137.833,99,659,0.010193534225,0.0434562914609445
"320","2021",4016,"EYKT","3A",185,"Fairweather","Standard Grid","26-Jun-21","Y",58.3147,-138.117,71,439,0,0
"321","2021",4015,"EYKT","3A",185,"Fairweather","Standard Grid","26-Jun-21","Y",58.3172,-137.8002,95,530,0,0
"322","2021",4022,"EYKT","3A",185,"Fairweather","Standard Grid","26-Jun-21","Y",58.4758,-137.7835,84,682,0,0
"323","2021",4004,"EYKT","3A",185,"Fairweather","Standard Grid","27-Jun-21","Y",57.979,-137.5163,91,482,0.0226415235,0.0965236023755856
"324","2021",3111,"NSEO","2C",181,"Sitka","Standard Grid","7-Jul-21","Y",57.8325,-136.91,187,463,0,0
"325","2021",3110,"NSEO","2C",181,"Sitka","Standard Grid","7-Jul-21","Y",57.81,-136.5807,65,565,0.2943398055,1.04890537861386
"326","2021",3108,"NSEO","2C",170,"Sitka","Standard Grid","7-Jul-21","Y",57.6525,-136.5505,89,683,0,0
"327","2021",3235,"NSEO","2C",170,"Sitka","Standard Grid","8-Jul-21","Y",57.6878,-136.2833,31,420,0.020694907375,0.0737480940394015
"328","2021",3233,"NSEO","2C",170,"Sitka","Standard Grid","8-Jul-21","Y",57.525,-136.4875,103,555,0.20463364341875,0.729229703956156
"329","2021",3106,"CSEO","2C",170,"Sitka","Standard Grid","8-Jul-21","Y",57.5167,-136.2333,47,665,0.06211569795,0.215862842678983
"330","2021",3053,"SSEO","2C",150,"Ommaney","Standard Grid","26-Jun-21","Y",55.4998,-134.6525,114,423,0,0
"331","2021",3056,"SSEO","2C",150,"Ommaney","Standard Grid","26-Jun-21","Y",55.6468,-134.3165,112,532,0,0
"332","2021",3214,"SSEO","2C",151,"Ommaney","Standard Grid","27-Jun-21","Y",55.6857,-133.7945,26,688,0.009048137525,0.0320888647553977
"333","2021",3055,"SSEO","2C",151,"Ommaney","Standard Grid","27-Jun-21","Y",55.6668,-133.9828,105,795,0.0389541636875,0.138149413265888
"334","2021",3225,"CSEO","2C",160,"Sitka","Standard Grid","11-Jul-21","Y",56.8248,-135.5905,44,480,0.02332293675,0.0810512574539479
"335","2021",3226,"CSEO","2C",170,"Sitka","Standard Grid","11-Jul-21","Y",56.9657,-135.5715,29,601,0,0
"336","2021",3230,"CSEO","2C",170,"Sitka","Standard Grid","11-Jul-21","Y",57.1653,-135.6017,42,707,0,0
"337","2021",3232,"NSEO","2C",170,"Sitka","Standard Grid","12-Jul-21","Y",57.4873,-135.8922,79,430,0,0
"338","2021",3102,"CSEO","2C",170,"Sitka","Standard Grid","13-Jul-21","Y",57.3103,-135.9165,47,435,0.0089611316,0.0311414892633668
"339","2021",3103,"CSEO","2C",170,"Sitka","Standard Grid","13-Jul-21","Y",57.3337,-136.1725,95,530,0.0566981624625,0.197035965589276
"340","2021",3098,"CSEO","2C",170,"Sitka","Standard Grid","13-Jul-21","Y",57.1588,-136.1997,114,624,0.0226415235,0.0786832280179344
"341","2021",3089,"CSEO","2C",160,"Sitka","Standard Grid","14-Jul-21","Y",56.8332,-135.897,103,452,0.010193534225,0.03542430250925
"342","2021",3086,"CSEO","2C",160,"Sitka","Standard Grid","14-Jul-21","Y",56.6663,-135.5453,76,665,0.1869799857,0.649787937177602
"343","2021",3085,"CSEO","2C",160,"Sitka","Standard Grid","15-Jul-21","Y",56.6665,-135.2393,25,443,0.041363803575,0.143746404184364
"344","2021",3083,"CSEO","2C",160,"Sitka","Standard Grid","15-Jul-21","Y",56.4975,-135.2345,59,555,0.02537775129375,0.0881920950075891
"345","2021",3084,"CSEO","2C",160,"Sitka","Standard Grid","15-Jul-21","Y",56.486,-135.5213,87,669,0.295612492525,1.02730477276825
"346","2021",3097,"CSEO","2C",170,"Sitka","Standard Grid","16-Jul-21","Y",57.1875,-135.9003,37,423,0.0502767228,0.174720347067938
"347","2021",3092,"CSEO","2C",170,"Sitka","Standard Grid","16-Jul-21","Y",57.0192,-136.0045,58,532,0.171398320225,0.595638942412802
"348","2021",3026,"SSEO","2C",140,"Ketchikan","Standard Grid","19-Jul-21","Y",54.8335,-133.9813,105,519,0,0
"349","2021",3019,"SSEO","2C",140,"Ketchikan","Standard Grid","19-Jul-21","Y",54.668,-134.037,123,611,0,0
"350","2021",3201,"SSEO","2C",140,"Ketchikan","Standard Grid","19-Jul-21","Y",54.4997,-134.0113,137,726,0,0
"351","2021",3006,"SSEO","2C",140,"Ketchikan","Standard Grid","20-Jul-21","Y",54.4882,-133.4485,170,507,0,0
"352","2021",3007,"SSEO","2C",140,"Ketchikan","Standard Grid","20-Jul-21","Y",54.4998,-133.7467,139,586,0,0
"353","2021",3018,"SSEO","2C",140,"Ketchikan","Standard Grid","20-Jul-21","Y",54.6688,-133.7345,134,691,0,0
"354","2021",3017,"SSEO","2C",141,"Ketchikan","Standard Grid","21-Jul-21","Y",54.663,-133.4347,149,439,0.0150493175,0.0533718140981219
"355","2021",3024,"SSEO","2C",141,"Ketchikan","Standard Grid","21-Jul-21","Y",54.8125,-133.4332,70,554,0.010193534225,0.0361509692156832
"356","2021",3025,"SSEO","2C",140,"Ketchikan","Standard Grid","21-Jul-21","Y",54.8332,-133.7313,74,650,0.10193534225,0.361509692156832
"357","2021",3030,"SSEO","2C",140,"Ketchikan","Standard Grid","22-Jul-21","Y",54.9843,-133.7167,57,451,0,0
"358","2021",3029,"SSEO","2C",141,"Ketchikan","Standard Grid","22-Jul-21","Y",54.9875,-133.435,49,569,0.0753941016,0.267382223458978
"359","2021",3034,"SSEO","2C",141,"Ketchikan","Standard Grid","22-Jul-21","Y",55.1425,-133.4333,42,685,0.03819541995,0.135458558367919
"360","2021",4057,"EYKT","3A",200,"Yakutat","Standard Grid","29-Jun-21","Y",59.1663,-139.7215,73,533,0,0
"361","2021",4064,"EYKT","3A",200,"Yakutat","Standard Grid","29-Jun-21","Y",59.3337,-139.6323,89,684,0,0
"362","2021",4065,"EYKT","3A",200,"Yakutat","Standard Grid","29-Jun-21","Y",59.3327,-140.0382,90,783,0,0
"363","2021",3023,"SSEO","2C",141,"Ketchikan","Standard Grid","28-Jul-21","Y",54.8325,-133.0998,106,445,0.0211785163071429,0.075108777206599
"364","2021",3016,"SSEO","2C",141,"Ketchikan","Standard Grid","28-Jul-21","Y",54.6967,-133.1515,110,592,0.11157953145,0.395712430793286
"365","2021",3015,"SSEO","2C",141,"Ketchikan","Standard Grid","28-Jul-21","Y",54.6667,-132.819,75,675,0.0506784579503106,0.179729162900807
"366","2021",3004,"SSEO","2C",142,"Ketchikan","Standard Grid","29-Jul-21","Y",54.5,-132.8315,208,745,0,0
"367","2020",4057,"EYKT","3A",200,"Yakutat","Standard Grid","29-Jun-20","Y",59.145,-139.6828,74,600,0,0
"368","2020",4064,"EYKT","3A",200,"Yakutat","Standard Grid","29-Jun-20","Y",59.3128,-139.6668,89,740,0,0
"369","2020",4065,"EYKT","3A",200,"Yakutat","Standard Grid","4-Jul-20","Y",59.3153,-140.0002,92,467,0,0
"370","2020",3016,"SSEO","2C",141,"Ketchikan","Standard Grid","2-Jul-20","Y",54.6668,-133.1677,129,556,0,0
"371","2020",3015,"SSEO","2C",141,"Ketchikan","Standard Grid","2-Jul-20","Y",54.6665,-132.8872,75,630,0,0
"372","2020",3024,"SSEO","2C",141,"Ketchikan","Standard Grid","3-Jul-20","Y",54.8332,-133.3985,66,437,0.0226415235,0.0790815599281193
"373","2020",3023,"SSEO","2C",141,"Ketchikan","Standard Grid","3-Jul-20","Y",54.8332,-133.1152,107,541,0.030098635,0.10512751085443
"374","2020",3034,"SSEO","2C",141,"Ketchikan","Standard Grid","4-Jul-20","Y",55.1512,-133.4332,37,526,0.0383310752,0.133881504066546
"375","2020",3029,"SSEO","2C",141,"Ketchikan","Standard Grid","4-Jul-20","Y",54.981,-133.4333,51,635,0.103687797514286,0.362157289147998
"376","2020",3030,"SSEO","2C",140,"Ketchikan","Standard Grid","4-Jul-20","Y",54.993,-133.751,55,696,0,0
"377","2020",3026,"SSEO","2C",140,"Ketchikan","Standard Grid","5-Jul-20","Y",54.8127,-134.0165,106,446,0.04448557465625,0.155377734988331
"378","2020",3019,"SSEO","2C",140,"Ketchikan","Standard Grid","6-Jul-20","Y",54.6838,-133.9998,123,479,0,0
"379","2020",3018,"SSEO","2C",140,"Ketchikan","Standard Grid","6-Jul-20","Y",54.6667,-133.6835,131,546,0,0
"380","2020",3004,"SSEO","2C",142,"Ketchikan","Standard Grid","12-Jul-20","Y",54.5,-132.8327,210,664,0,0
"381","2020",3005,"SSEO","2C",142,"Ketchikan","Standard Grid","12-Jul-20","Y",54.4932,-133.1265,112,766,0.1276918334375,0.445997787132968
"382","2020",3017,"SSEO","2C",141,"Ketchikan","Standard Grid","13-Jul-20","Y",54.687,-133.4333,165,426,0,0
"383","2020",3006,"SSEO","2C",140,"Ketchikan","Standard Grid","13-Jul-20","Y",54.5208,-133.4493,168,536,0,0
"384","2020",3007,"SSEO","2C",140,"Ketchikan","Standard Grid","13-Jul-20","Y",54.4998,-133.6972,140,699,0,0
"385","2020",4013,"EYKT","3A",185,"Fairweather","Standard Grid","10-Jul-20","Y",58.3332,-137.1312,93,450,0,0
"386","2020",4014,"EYKT","3A",185,"Fairweather","Standard Grid","10-Jul-20","Y",58.3332,-137.4447,103,608,0,0
"387","2020",4008,"EYKT","3A",185,"Fairweather","Standard Grid","10-Jul-20","Y",58.1665,-137.5298,77,768,0,0
"388","2020",4009,"EYKT","3A",185,"Fairweather","Standard Grid","11-Jul-20","Y",58.1665,-137.7825,84,481,0,0
"389","2020",4501,"EYKT","3A",185,"Fairweather","Standard Grid","11-Jul-20","Y",58.0365,-138.133,126,657,0,0
"390","2020",4005,"EYKT","3A",185,"Fairweather","Standard Grid","11-Jul-20","Y",57.9995,-137.7948,99,790,0,0
"391","2020",4004,"EYKT","3A",185,"Fairweather","Standard Grid","12-Jul-20","Y",57.9995,-137.4742,88,498,0.0166633328625,0.0683435699395127
"392","2020",4003,"EYKT","3A",185,"Fairweather","Standard Grid","12-Jul-20","Y",57.9992,-137.2412,105,893,0,0
"393","2020",4015,"EYKT","3A",185,"Fairweather","Standard Grid","16-Jul-20","Y",58.3327,-137.7603,94,460,0,0
"394","2020",4021,"EYKT","3A",185,"Fairweather","Standard Grid","16-Jul-20","Y",58.4852,-137.5378,81,566,0,0
"395","2020",4022,"EYKT","3A",185,"Fairweather","Standard Grid","16-Jul-20","Y",58.5,-137.7408,85,675,0,0
"396","2020",4023,"EYKT","3A",190,"Fairweather","Standard Grid","17-Jul-20","Y",58.5,-138.0805,72,461,0,0
"397","2020",4017,"EYKT","3A",190,"Fairweather","Standard Grid","17-Jul-20","Y",58.3333,-138.3993,70,600,0,0
"398","2020",4024,"EYKT","3A",190,"Fairweather","Standard Grid","17-Jul-20","Y",58.4995,-138.4705,62,724,0.03396228525,0.139294091790759
"399","2020",4029,"EYKT","3A",190,"Fairweather","Standard Grid","18-Jul-20","Y",58.6663,-138.0683,49,454,0.02834908123125,0.116271902616136
"400","2020",4030,"EYKT","3A",190,"Fairweather","Standard Grid","18-Jul-20","Y",58.6662,-138.3798,71,598,0,0
"401","2020",4036,"EYKT","3A",190,"Fairweather","Standard Grid","18-Jul-20","Y",58.8318,-138.1203,27,698,0,0
"402","2020",4050,"EYKT","3A",200,"Fairweather","Standard Grid","21-Jul-20","Y",59.3325,-139.3367,14,460,0,0
"403","2020",4049,"EYKT","3A",200,"Fairweather","Standard Grid","21-Jul-20","Y",59.1667,-139.3115,52,587,0,0
"404","2020",4048,"EYKT","3A",190,"Fairweather","Standard Grid","21-Jul-20","Y",59.1643,-138.9993,28,672,0,0
"405","2020",4044,"EYKT","3A",190,"Fairweather","Standard Grid","22-Jul-20","Y",58.9997,-138.7502,86,455,0,0
"406","2020",4043,"EYKT","3A",190,"Fairweather","Standard Grid","22-Jul-20","Y",59,-138.3607,33,542,0,0
"407","2020",4037,"EYKT","3A",190,"Fairweather","Standard Grid","22-Jul-20","Y",58.8343,-138.368,38,672,0.0161955889,0.0664251486681688
"408","2020",4038,"EYKT","3A",190,"Fairweather","Standard Grid","23-Jul-20","Y",58.8337,-138.697,66,447,0,0
"409","2020",4039,"EYKT","3A",190,"Fairweather","Standard Grid","23-Jul-20","Y",58.8332,-139.0182,103,569,0,0
"410","2020",4032,"EYKT","3A",190,"Fairweather","Standard Grid","23-Jul-20","Y",58.6677,-139.0293,81,681,0,0
"411","2020",4033,"EYKT","3A",190,"Fairweather","Standard Grid","24-Jul-20","Y",58.666,-139.4173,139,446,0,0
"412","2020",4040,"EYKT","3A",190,"Fairweather","Standard Grid","24-Jul-20","Y",58.8333,-139.332,74,556,0,0
"413","2020",4041,"EYKT","3A",200,"Fairweather","Standard Grid","24-Jul-20","Y",58.8332,-139.6652,87,667,0,0
"414","2020",4034,"EYKT","3A",190,"Fairweather","Standard Grid","25-Jul-20","Y",58.6667,-139.6645,104,444,0,0
"415","2020",4047,"EYKT","3A",200,"Fairweather","Standard Grid","26-Jul-20","Y",58.9967,-139.716,67,534,0.010193534225,0.041808113958097
"416","2020",4046,"EYKT","3A",190,"Fairweather","Standard Grid","26-Jul-20","Y",59.0002,-139.3323,60,621,0,0
"417","2020",4045,"EYKT","3A",190,"Fairweather","Standard Grid","26-Jul-20","Y",58.9998,-139.0018,56,705,0,0
"418","2020",4031,"EYKT","3A",190,"Fairweather","Standard Grid","29-Jul-20","Y",58.6668,-138.7723,54,527,0.00944969374375,0.0387573008720454
"419","2020",4025,"EYKT","3A",190,"Fairweather","Standard Grid","29-Jul-20","Y",58.5,-138.7883,51,615,0.10087269886875,0.413722777250548
"420","2020",4026,"EYKT","3A",190,"Fairweather","Standard Grid","29-Jul-20","Y",58.5005,-139.0332,56,741,0,0
"421","2020",4027,"EYKT","3A",190,"Fairweather","Standard Grid","30-Jul-20","Y",58.4998,-139.3445,90,487,0.011467150075,0.0470317660713207
"422","2020",4028,"EYKT","3A",190,"Fairweather","Standard Grid","30-Jul-20","Y",58.4997,-139.6665,135,595,0,0
"423","2020",4020,"EYKT","3A",190,"Fairweather","Standard Grid","30-Jul-20","Y",58.3333,-139.3543,145,753,0,0
"424","2020",4019,"EYKT","3A",190,"Fairweather","Standard Grid","31-Jul-20","Y",58.3335,-139.052,60,500,0.11015035565625,0.451774479797896
"425","2020",4018,"EYKT","3A",190,"Fairweather","Standard Grid","31-Jul-20","Y",58.3337,-138.7388,63,586,0.07613325388125,0.312255561614896
"426","2020",4012,"EYKT","3A",190,"Fairweather","Standard Grid","31-Jul-20","Y",58.1665,-138.7257,99,719,0.11566249410625,0.474382155152064
"427","2020",4006,"NSEO","3A",185,"Fairweather","Standard Grid","2-Aug-20","Y",58.1665,-136.8833,106,461,0,0
"428","2020",4002,"NSEO","3A",185,"Fairweather","Standard Grid","2-Aug-20","Y",57.9942,-136.8725,227,600,0,0
"429","2020",4007,"EYKT","3A",185,"Fairweather","Standard Grid","2-Aug-20","Y",58.155,-137.156,64,698,0.00593368816875,0.0243366339559146
"430","2020",4016,"EYKT","3A",185,"Fairweather","Standard Grid","3-Aug-20","Y",58.3332,-138.1515,69,464,0,0
"431","2020",4011,"EYKT","3A",185,"Fairweather","Standard Grid","3-Aug-20","Y",58.1672,-138.4147,87,615,0.10206185395,0.418600019044549
"432","2020",4010,"EYKT","3A",185,"Fairweather","Standard Grid","3-Aug-20","Y",58.1668,-138.0982,82,684,0,0
"433","2020",3116,"NSEO","2C",181,"Sitka","Standard Grid","9-Aug-20","Y",58.1587,-136.5702,123,612,0.00708085678125,0.0253520011818862
"434","2020",3083,"CSEO","2C",160,"Sitka","Standard Grid","13-Aug-20","Y",56.4997,-135.218,58,451,0.00752465875,0.0261868557302426
"435","2020",3084,"CSEO","2C",160,"Sitka","Standard Grid","13-Aug-20","Y",56.5,-135.5188,84,582,0.1869799857,0.650716274670759
"436","2020",3085,"CSEO","2C",160,"Sitka","Standard Grid","13-Aug-20","Y",56.6537,-135.2162,29,658,0.0179676915,0.0625300576077296
"437","2020",3086,"CSEO","2C",160,"Sitka","Standard Grid","14-Aug-20","Y",56.6665,-135.5357,73,448,0.19844356861875,0.69061113263292
"438","2020",3087,"CSEO","2C",160,"Sitka","Standard Grid","14-Aug-20","Y",56.6662,-135.8253,131,563,0,0
"439","2020",3089,"CSEO","2C",160,"Sitka","Standard Grid","14-Aug-20","Y",56.8335,-135.8167,101,662,0,0
"440","2020",3074,"CSEO","2C",160,"Ommaney","Standard Grid","11-Aug-20","Y",56.1662,-134.9,102,523,0.010193534225,0.0354749124179705
"441","2020",3078,"CSEO","2C",160,"Ommaney","Standard Grid","11-Aug-20","Y",56.3328,-134.9733,53,649,0.01885377105,0.0656137372950468
"442","2020",3079,"CSEO","2C",160,"Ommaney","Standard Grid","12-Aug-20","Y",56.3332,-135.1982,87,504,0.06116120535,0.212849474507823
"443","2020",3080,"CSEO","2C",160,"Ommaney","Standard Grid","12-Aug-20","Y",56.3333,-135.4915,112,647,0.0226415235,0.0787956409860312
"444","2020",3075,"CSEO","2C",160,"Ommaney","Standard Grid","13-Aug-20","Y",56.1667,-135.189,156,457,0,0
"445","2020",3070,"SSEO","2C",160,"Ommaney","Standard Grid","13-Aug-20","Y",56.018,-135.2167,191,638,0,0
"446","2020",3069,"SSEO","2C",150,"Ommaney","Standard Grid","14-Aug-20","Y",55.9797,-134.9163,201,426,0,0
"447","2020",3068,"SSEO","2C",150,"Ommaney","Standard Grid","14-Aug-20","Y",55.9932,-134.67,210,617,0,0
"448","2020",3064,"SSEO","2C",150,"Ommaney","Standard Grid","15-Aug-20","Y",55.8088,-135.2098,139,505,0,0
"449","2020",3063,"SSEO","2C",150,"Ommaney","Standard Grid","15-Aug-20","Y",55.8328,-134.9515,103,617,0,0
"450","2020",3062,"SSEO","2C",150,"Ommaney","Standard Grid","15-Aug-20","Y",55.8087,-134.6098,80,768,0.22679264985,0.792133821311528
"451","2020",3214,"SSEO","2C",151,"Ommaney","Standard Grid","22-Aug-20","Y",55.6648,-133.7452,25,707,0.0083461874875,0.0291512859531759
"452","2020",3051,"SSEO","2C",151,"Ommaney","Standard Grid","23-Aug-20","Y",55.5202,-134.0162,51,522,0.0161955889,0.0565674140331826
"453","2020",3055,"SSEO","2C",151,"Ommaney","Standard Grid","23-Aug-20","Y",55.6877,-134.0173,104,620,0.0086370801375,0.0301673061222084
"454","2020",3056,"SSEO","2C",150,"Ommaney","Standard Grid","23-Aug-20","Y",55.6663,-134.3517,115,737,0,0
"455","2020",3058,"SSEO","2C",150,"Ommaney","Standard Grid","24-Aug-20","Y",55.6473,-134.9162,110,419,0.0966896286,0.337714317614647
"456","2020",3057,"SSEO","2C",150,"Ommaney","Standard Grid","24-Aug-20","Y",55.6413,-134.6098,111,564,0,0
"457","2020",3053,"SSEO","2C",150,"Ommaney","Standard Grid","25-Aug-20","Y",55.4797,-134.617,114,448,0,0
"458","2020",3052,"SSEO","2C",150,"Ommaney","Standard Grid","25-Aug-20","Y",55.5,-134.3532,92,543,0,0
"459","2020",3049,"SSEO","2C",150,"Ommaney","Standard Grid","25-Aug-20","Y",55.3265,-134.276,103,653,0.07975904184375,0.27857972752478
"460","2020",3110,"NSEO","2C",181,"Sitka","Standard Grid","17-Aug-20","Y",57.8337,-136.5308,51,444,0.0150493175,0.0538819420916501
"461","2020",3111,"NSEO","2C",181,"Sitka","Standard Grid","17-Aug-20","Y",57.8322,-136.9078,199,537,0,0
"462","2020",3108,"NSEO","2C",170,"Sitka","Standard Grid","17-Aug-20","Y",57.6665,-136.5858,86,677,0.06116120535,0.218979001866644
"463","2020",3235,"NSEO","2C",170,"Sitka","Shallow Expansion","18-Aug-20","Y",57.6845,-136.2925,33,453,0.0165559259,0.0592761393078091
"464","2020",3106,"CSEO","2C",170,"Sitka","Standard Grid","18-Aug-20","Y",57.4993,-136.1957,52,742,0.00889711493125,0.0309631935295446
"465","2020",3232,"NSEO","2C",170,"Sitka","Standard Grid","19-Aug-20","Y",57.4893,-135.895,79,583,0.003549849925,0.0127097330555288
"466","2020",3103,"CSEO","2C",170,"Sitka","Standard Grid","19-Aug-20","Y",57.3335,-136.1792,94,739,0.01132076175,0.0393978204930156
"467","2020",3102,"CSEO","2C",170,"Sitka","Standard Grid","19-Aug-20","Y",57.3203,-135.9173,65,841,0.018460530975,0.064245207312026
"468","2020",3097,"CSEO","2C",170,"Sitka","Standard Grid","20-Aug-20","Y",57.1665,-135.8687,39,422,0.0286678751875,0.0997681804012262
"469","2020",3098,"CSEO","2C",170,"Sitka","Standard Grid","20-Aug-20","Y",57.1662,-136.1495,111,577,0.035588459725,0.123852774118179
"470","2020",3092,"CSEO","2C",170,"Sitka","Standard Grid","20-Aug-20","Y",57.046,-135.9673,58,646,0.29294050605625,1.01947357674383
"471","2020",3230,"CSEO","2C",170,"Sitka","Standard Grid","21-Aug-20","Y",57.1508,-135.551,36,430,0.00531726945625,0.018504834937484
"472","2020",3226,"CSEO","2C",170,"Sitka","Standard Grid","21-Aug-20","Y",57.0058,-135.5753,23,579,0,0
"473","2020",3225,"CSEO","2C",160,"Sitka","Standard Grid","21-Aug-20","Y",56.8385,-135.5747,56,702,0.02067654549375,0.0719572450836564
"474","2020",3211,"SSEO","2C",151,"Ommaney","Standard Grid","29-Aug-20","Y",55.3333,-133.4753,59,410,0.01273180665,0.0444692306410036
"475","2020",3045,"SSEO","2C",141,"Ommaney","Standard Grid","29-Aug-20","Y",55.1667,-133.7517,88,470,0,0
"476","2020",3047,"SSEO","2C",151,"Ommaney","Standard Grid","30-Aug-20","Y",55.314,-133.7338,39,462,0.00944969374375,0.0330055758879803
"477","2020",3048,"SSEO","2C",150,"Ommaney","Standard Grid","30-Aug-20","Y",55.3158,-134.0147,66,582,0,0
"478","2020",3046,"SSEO","2C",150,"Ommaney","Standard Grid","1-Sep-20","Y",55.167,-134.0508,93,435,0,0
"479","2020",3043,"SSEO","2C",140,"Ommaney","Standard Grid","2-Sep-20","Y",54.9998,-133.9807,82,423,0.17702141953125,0.618294524095135
"480","2020",3044,"SSEO","2C",140,"Ommaney","Standard Grid","2-Sep-20","Y",55,-134.259,118,567,0.00708085678125,0.0247317809638054
"481","2020",3054,"SSEO","2C",150,"Ommaney","Standard Grid","3-Sep-20","Y",55.5,-134.9362,159,445,0,0
"482","2020",3050,"SSEO","2C",150,"Ommaney","Standard Grid","3-Sep-20","Y",55.3333,-134.5635,112,529,0.0485867667,0.169702242099548
"483","2019",3024,"SSEO","2C",141,"Ketchikan","Standard Grid","3-Jun-19","Y",54.8138,-133.435,70,477,0,0
"484","2019",3023,"SSEO","2C",141,"Ketchikan","Standard Grid","3-Jun-19","Y",54.852,-133.1478,113,585,0.0725424049285714,0.253373698227009
"485","2019",3016,"SSEO","2C",141,"Ketchikan","Standard Grid","3-Jun-19","Y",54.6475,-133.1483,144,688,0.00740499796428571,0.0258639305027448
"486","2019",3015,"SSEO","2C",141,"Ketchikan","Standard Grid","4-Jun-19","Y",54.6833,-132.8518,73,565,0.0284316154964029,0.0993050005990997
"487","2019",3034,"SSEO","2C",141,"Ketchikan","Standard Grid","9-Jun-19","Y",55.1648,-133.398,53,498,0.0174263559642857,0.0608661962839383
"488","2019",3045,"SSEO","2C",141,"Ommaney","Standard Grid","9-Jun-19","Y",55.183,-133.7158,88,592,0,0
"489","2019",3030,"SSEO","2C",140,"Ketchikan","Standard Grid","9-Jun-19","Y",54.9833,-133.7208,57,654,0,0
"490","2019",3214,"SSEO","2C",151,"Ommaney","Standard Grid","11-Jun-19","Y",55.6477,-133.7505,44,526,0.0130138638,0.0454543904696202
"491","2019",3043,"SSEO","2C",140,"Ommaney","Standard Grid","12-Jun-19","Y",54.9835,-134.0163,82,677,0.0397630794,0.13888316068915
"492","2019",3044,"SSEO","2C",140,"Ommaney","Standard Grid","12-Jun-19","Y",54.982,-134.2977,116,753,0,0
"493","2019",3050,"SSEO","2C",150,"Ommaney","Standard Grid","12-Jun-19","Y",55.3157,-134.5998,112,878,0.0258760268571429,0.0903789256321364
"494","2019",3007,"SSEO","2C",140,"Ketchikan","Standard Grid","13-Jun-19","Y",54.5133,-133.7328,139,480,0,0
"495","2019",3017,"SSEO","2C",141,"Ketchikan","Standard Grid","13-Jun-19","Y",54.6862,-133.434,164,550,0,0
"496","2019",3018,"SSEO","2C",140,"Ketchikan","Standard Grid","13-Jun-19","Y",54.6822,-133.7155,133,645,0,0
"497","2019",3049,"SSEO","2C",150,"Ommaney","Standard Grid","14-Jun-19","Y",55.3132,-134.3158,101,512,0.06958538895,0.243045531206013
"498","2019",3055,"SSEO","2C",151,"Ommaney","Standard Grid","14-Jun-19","Y",55.6482,-134.0172,106,617,0,0
"499","2019",4015,"EYKT","3A",185,"Fairweather","Standard Grid","27-May-19","Y",58.3333,-137.8342,96,454,0,0
"500","2019",4014,"EYKT","3A",185,"Fairweather","Standard Grid","27-May-19","Y",58.3338,-137.4737,103,544,0,0
"501","2019",4021,"EYKT","3A",185,"Fairweather","Standard Grid","27-May-19","Y",58.4612,-137.478,80,639,0,0
"502","2019",4022,"EYKT","3A",185,"Fairweather","Standard Grid","27-May-19","Y",58.5,-137.753,86,782,0,0
"503","2019",4018,"EYKT","3A",190,"Fairweather","Standard Grid","28-May-19","Y",58.3335,-138.8057,66,438,0.0517520537142857,0.205964804178483
"504","2019",4011,"EYKT","3A",185,"Fairweather","Standard Grid","28-May-19","Y",58.1667,-138.4795,89,643,0,0
"505","2019",4023,"EYKT","3A",190,"Fairweather","Standard Grid","29-May-19","Y",58.4998,-138.081,74,452,0,0
"506","2019",4016,"EYKT","3A",185,"Fairweather","Standard Grid","29-May-19","Y",58.3333,-138.0912,71,542,0,0
"507","2019",4017,"EYKT","3A",190,"Fairweather","Standard Grid","29-May-19","Y",58.3332,-138.4008,72,630,0,0
"508","2019",4024,"EYKT","3A",190,"Fairweather","Standard Grid","29-May-19","Y",58.4998,-138.4663,64,725,0.0129380134285714,0.0514912010446207
"509","2019",4036,"EYKT","3A",190,"Fairweather","Standard Grid","30-May-19","Y",58.8317,-138.133,31,444,0,0
"510","2019",4029,"EYKT","3A",190,"Fairweather","Standard Grid","30-May-19","Y",58.6673,-138.0723,50,548,0.0129380134285714,0.0514912010446207
"511","2019",4030,"EYKT","3A",190,"Fairweather","Standard Grid","30-May-19","Y",58.6667,-138.376,73,651,0,0
"512","2019",4037,"EYKT","3A",190,"Fairweather","Standard Grid","30-May-19","Y",58.8332,-138.4345,40,742,0.0129380134285714,0.0514912010446207
"513","2019",4033,"EYKT","3A",190,"Fairweather","Standard Grid","31-May-19","Y",58.667,-139.3628,138,456,0,0
"514","2019",4040,"EYKT","3A",190,"Fairweather","Standard Grid","31-May-19","Y",58.8178,-139.3678,73,589,0.0589387423571429,0.234566662709349
"515","2019",4039,"EYKT","3A",190,"Fairweather","Standard Grid","31-May-19","Y",58.8165,-139.05,104,684,0,0
"516","2019",3110,"NSEO","2C",181,"Sitka","Standard Grid","25-Jun-19","Y",57.833,-136.5375,52,498,0.02982230955,0.105057290092263
"517","2019",3235,"NSEO","2C",170,"Sitka","Standard Grid","25-Jun-19","Y",57.6735,-136.3148,32,575,0.0628088517,0.221261460060488
"518","2019",3106,"NSEO","2C",170,"Sitka","Standard Grid","25-Jun-19","Y",57.5188,-136.2352,46,690,0.0471509938857143,0.166102348125818
"519","2019",3086,"CSEO","2C",160,"Sitka","Standard Grid","28-Jun-19","Y",56.6667,-135.5363,73,572,0.0575460050714286,0.200820383296326
"520","2019",3092,"CSEO","2C",170,"Sitka","Standard Grid","28-Jun-19","Y",57,-136.0267,56,683,0.116442120857143,0.406352296972541
"521","2019",3087,"CSEO","2C",160,"Sitka","Standard Grid","28-Jun-19","Y",56.6665,-135.8938,130,806,0,0
"522","2019",3084,"CSEO","2C",160,"Sitka","Standard Grid","29-Jun-19","Y",56.5,-135.5157,83,471,0.129380134285714,0.451502552191712
"523","2019",3085,"CSEO","2C",160,"Sitka","Standard Grid","29-Jun-19","Y",56.624,-135.2848,36,560,0.0473026454285714,0.165073759231504
"524","2019",3083,"CSEO","2C",160,"Sitka","Standard Grid","29-Jun-19","Y",56.4998,-135.2227,58,671,0.0388140402857143,0.135450765657514
"525","2019",3078,"CSEO","2C",160,"Ommaney","Standard Grid","30-Jun-19","Y",56.3333,-134.9632,54,541,0.0621576183857143,0.216913697719104
"526","2019",3075,"CSEO","2C",160,"Ommaney","Standard Grid","1-Jul-19","Y",56.1672,-135.2067,153,467,0,0
"527","2019",3080,"CSEO","2C",160,"Ommaney","Standard Grid","1-Jul-19","Y",56.3333,-135.5043,110,555,0.0129380134285714,0.0451502552191713
"528","2019",3218,"CSEO","2C",160,"Ommaney","Standard Grid","1-Jul-19","Y",56.1668,-135.4797,174,631,0,0
"529","2019",3064,"SSEO","2C",150,"Ommaney","Standard Grid","2-Jul-19","Y",55.8537,-135.2172,120,604,0,0
"530","2019",3063,"SSEO","2C",150,"Ommaney","Standard Grid","2-Jul-19","Y",55.8335,-134.945,101,724,0.0230184020285714,0.0803979087128132
"531","2019",3068,"SSEO","2C",150,"Ommaney","Standard Grid","3-Jul-19","Y",56.0143,-134.634,190,515,0,0
"532","2019",3062,"SSEO","2C",150,"Ommaney","Standard Grid","3-Jul-19","Y",55.834,-134.5838,76,616,0.226148589428571,0.789884268501421
"533","2019",3057,"SSEO","2C",150,"Ommaney","Standard Grid","3-Jul-19","Y",55.6675,-134.587,110,716,0,0
"534","2019",4049,"EYKT","3A",200,"Fairweather","Standard Grid","18-Jul-19","Y",59.1662,-139.3577,52,459,0,0
"535","2019",4048,"EYKT","3A",190,"Fairweather","Standard Grid","18-Jul-19","Y",59.1662,-139.0317,31,522,0,0
"536","2019",4045,"EYKT","3A",190,"Fairweather","Standard Grid","18-Jul-19","Y",59.001,-139.025,56,630,0,0
"537","2019",4046,"EYKT","3A",190,"Fairweather","Standard Grid","18-Jul-19","Y",58.9998,-139.3187,59,714,0,0
"538","2019",4043,"EYKT","3A",190,"Fairweather","Standard Grid","19-Jul-19","Y",59,-138.37,35,424,0,0
"539","2019",4044,"EYKT","3A",190,"Fairweather","Standard Grid","19-Jul-19","Y",58.9998,-138.6825,87,517,0,0
"540","2019",4038,"EYKT","3A",190,"Fairweather","Standard Grid","19-Jul-19","Y",58.852,-138.7333,66,618,0,0
"541","2019",4031,"EYKT","3A",190,"Fairweather","Standard Grid","20-Jul-19","Y",58.6713,-138.732,57,463,0.0318323076857143,0.126687436507037
"542","2019",4025,"EYKT","3A",190,"Fairweather","Standard Grid","20-Jul-19","Y",58.5293,-138.7498,55,567,0.0299130806285714,0.119049223206734
"543","2019",4026,"EYKT","3A",190,"Fairweather","Standard Grid","20-Jul-19","Y",58.4998,-139.0192,56,659,0,0
"544","2019",4032,"EYKT","3A",190,"Fairweather","Standard Grid","20-Jul-19","Y",58.6683,-139.0675,74,742,0,0
"545","2019",4041,"EYKT","3A",200,"Fairweather","Standard Grid","23-Jul-19","Y",58.8333,-139.6967,90,539,0,0
"546","2019",4047,"EYKT","3A",200,"Fairweather","Standard Grid","23-Jul-19","Y",59,-139.6733,67,630,0.00473026454285714,0.0188256878782195
"547","2019",4501,"EYKT","3A",185,"Fairweather","Standard Grid","26-Jul-19","Y",57.9983,-138.1442,133,437,0,0
"548","2019",4010,"EYKT","3A",185,"Fairweather","Standard Grid","26-Jul-19","Y",58.1462,-138.1357,80,539,0,0
"549","2019",4009,"EYKT","3A",185,"Fairweather","Standard Grid","26-Jul-19","Y",58.167,-137.8023,85,617,0,0
"550","2019",4005,"EYKT","3A",185,"Fairweather","Standard Grid","27-Jul-19","Y",57.9865,-137.8355,99,402,0,0
"551","2019",4004,"EYKT","3A",185,"Fairweather","Standard Grid","27-Jul-19","Y",57.99,-137.5172,88,523,0.0583210594,0.232108384434739
"552","2019",4008,"EYKT","3A",185,"Fairweather","Standard Grid","27-Jul-19","Y",58.1425,-137.5005,78,638,0,0
"553","2019",4013,"EYKT","3A",185,"Fairweather","Standard Grid","28-Jul-19","Y",58.3378,-137.1617,95,439,0,0
"554","2019",4007,"EYKT","3A",185,"Fairweather","Standard Grid","28-Jul-19","Y",58.1633,-137.1868,65,545,0,0
"555","2019",4006,"NSEO","3A",185,"Fairweather","Standard Grid","28-Jul-19","Y",58.1638,-136.9162,104,678,0,0
"556","2019",3116,"NSEO","2C",181,"Sitka","Standard Grid","3-Aug-19","Y",58.1508,-136.5658,134,428,0.00652340263551402,0.0229804804996342
"557","2019",3113,"NSEO","2C",181,"Sitka","Extra Station","3-Aug-19","Y",57.9995,-136.6365,57,556,0.0753828631428571,0.265556874725167
"558","2019",3111,"NSEO","2C",181,"Sitka","Standard Grid","3-Aug-19","Y",57.833,-136.8992,164,664,0.00994076985,0.0350190966974211
"559","2019",3108,"NSEO","2C",170,"Sitka","Standard Grid","4-Aug-19","Y",57.6677,-136.5185,90,421,0,0
"560","2019",3102,"CSEO","2C",170,"Sitka","Standard Grid","5-Aug-19","Y",57.3538,-135.9135,60,440,0.0255600615142857,0.0891978747092043
"561","2019",3103,"CSEO","2C",170,"Sitka","Standard Grid","5-Aug-19","Y",57.3338,-136.1678,94,560,0.0258760268571429,0.0903005104383425
"562","2019",3098,"CSEO","2C",170,"Sitka","Standard Grid","5-Aug-19","Y",57.1865,-136.2042,114,754,0.00833157991428571,0.0290750169325227
"563","2019",3097,"CSEO","2C",170,"Sitka","Standard Grid","5-Aug-19","Y",57.1663,-135.9462,42,775,0.0635355489214286,0.221722311939924
"564","2019",3226,"CSEO","2C",170,"Sitka","Standard Grid","8-Aug-19","Y",56.9937,-135.5747,31,402,0,0
"565","2019",3225,"CSEO","2C",160,"Sitka","Standard Grid","8-Aug-19","Y",56.8325,-135.5835,61,488,0.0449936095714286,0.157015832963628
"566","2019",3089,"CSEO","2C",160,"Sitka","Standard Grid","8-Aug-19","Y",56.8343,-135.8375,103,583,0,0
"567","2019",3079,"CSEO","2C",160,"Ommaney","Standard Grid","9-Aug-19","Y",56.3352,-135.2005,85,502,0.0312756494857143,0.109143769576475
"568","2019",3074,"CSEO","2C",160,"Ommaney","Standard Grid","9-Aug-19","Y",56.1682,-134.964,101,642,0,0
"569","2019",3069,"CSEO","2C",150,"Ommaney","Standard Grid","9-Aug-19","Y",56.0212,-134.9113,197,769,0,0
"570","2019",3058,"SSEO","2C",150,"Ommaney","Standard Grid","14-Aug-19","Y",55.6832,-134.9175,109,411,0.116622086585714,0.407333743653358
"571","2019",3054,"SSEO","2C",150,"Ommaney","Standard Grid","14-Aug-19","Y",55.5173,-134.9007,158,561,0,0
"572","2019",3053,"SSEO","2C",150,"Ommaney","Standard Grid","14-Aug-19","Y",55.4963,-134.6437,110,668,0,0
"573","2019",3056,"SSEO","2C",150,"Ommaney","Standard Grid","15-Aug-19","Y",55.6865,-134.3102,112,398,0,0
"574","2019",3052,"SSEO","2C",150,"Ommaney","Standard Grid","15-Aug-19","Y",55.5005,-134.3347,89,519,0,0
"575","2019",3051,"SSEO","2C",151,"Ommaney","Standard Grid","15-Aug-19","Y",55.4845,-134.0175,49,607,0.0449936095714286,0.157152182436192
"576","2019",3047,"SSEO","2C",151,"Ommaney","Standard Grid","16-Aug-19","Y",55.355,-133.7427,40,389,0.00550376175714286,0.0192233559383751
"577","2019",3048,"SSEO","2C",150,"Ommaney","Standard Grid","16-Aug-19","Y",55.3327,-133.9845,64,485,0,0
"578","2019",3046,"SSEO","2C",150,"Ommaney","Standard Grid","16-Aug-19","Y",55.1702,-134.0487,92,587,0.0129380134285714,0.0451894628160682
"579","2019",3025,"SSEO","2C",140,"Ketchikan","Standard Grid","17-Aug-19","Y",54.8358,-133.6695,72,454,0.0129380134285714,0.0451894628160682
"580","2019",3026,"SSEO","2C",140,"Ketchikan","Standard Grid","17-Aug-19","Y",54.832,-133.979,105,595,0.0376914315714286,0.13164737808357
"581","2019",3019,"SSEO","2C",140,"Ketchikan","Standard Grid","17-Aug-19","Y",54.668,-134.0242,121,711,0,0
"582","2019",3029,"SSEO","2C",141,"Ketchikan","Standard Grid","18-Aug-19","Y",55.0088,-133.4402,57,604,0.0188457157857143,0.0658236890417851
"583","2019",3006,"SSEO","2C",140,"Ketchikan","Standard Grid","18-Aug-19","Y",54.5197,-133.446,166,730,0,0
"584","2019",3005,"SSEO","2C",142,"Ketchikan","Standard Grid","19-Aug-19","Y",54.5132,-133.162,102,487,0.0627979616428572,0.219338630946073
"585","2019",3004,"SSEO","2C",142,"Ketchikan","Standard Grid","19-Aug-19","Y",54.4823,-132.8735,208,602,0,0
"586","2019",4065,"EYKT","3A",200,"Yakutat","Standard Grid","28-Aug-19","Y",59.316,-139.9995,88,734,0,0
"587","2019",4057,"EYKT","3A",200,"Yakutat","Standard Grid","5-Sep-19","Y",59.1553,-139.6865,74,499,0,0
"588","2019",4064,"EYKT","3A",200,"Yakutat","Standard Grid","5-Sep-19","Y",59.3323,-139.6325,86,591,0,0
"589","2018",4007,"EYKT","3A",185,"Fairweather","Standard Grid","29-May-18","Y",58.1682,-137.1548,66,441,0.0282685736785714,0.111575050717404
"590","2018",4006,"NSEO","3A",185,"Fairweather","Standard Grid","29-May-18","Y",58.1685,-136.9473,106,545,0,0
"591","2018",4013,"EYKT","3A",185,"Fairweather","Standard Grid","29-May-18","Y",58.3302,-137.1303,90,664,0,0
"592","2018",4021,"EYKT","3A",185,"Fairweather","Standard Grid","30-May-18","Y",58.4713,-137.4692,80,416,0,0
"593","2018",4014,"EYKT","3A",185,"Fairweather","Standard Grid","30-May-18","Y",58.3353,-137.4597,102,525,0,0
"594","2018",4015,"EYKT","3A",185,"Fairweather","Standard Grid","30-May-18","Y",58.3317,-137.7593,94,718,0,0
"595","2018",4022,"EYKT","3A",185,"Fairweather","Standard Grid","31-May-18","Y",58.5018,-137.7483,85,419,0,0
"596","2018",4023,"EYKT","3A",190,"Fairweather","Standard Grid","31-May-18","Y",58.5015,-138.08,73,528,0,0
"597","2018",4029,"EYKT","3A",190,"Fairweather","Standard Grid","31-May-18","Y",58.6647,-138.1283,50,663,0.0383400922714286,0.151326974906319
"598","2018",4036,"EYKT","3A",190,"Fairweather","Standard Grid","1-Jun-18","Y",58.8328,-138.0482,28,406,0,0
"599","2018",4037,"EYKT","3A",190,"Fairweather","Standard Grid","1-Jun-18","Y",58.8337,-138.3647,36,506,0.0129380134285714,0.0510658769306633
"600","2018",4043,"EYKT","3A",190,"Fairweather","Standard Grid","1-Jun-18","Y",58.9993,-138.431,33,611,0,0
"601","2018",4044,"EYKT","3A",190,"Fairweather","Standard Grid","2-Jun-18","Y",59.0018,-138.6798,86,422,0,0
"602","2018",4045,"EYKT","3A",190,"Fairweather","Standard Grid","2-Jun-18","Y",58.9995,-139.0025,56,529,0,0
"603","2018",4048,"EYKT","3A",190,"Fairweather","Standard Grid","2-Jun-18","Y",59.1663,-139.061,28,632,0,0
"604","2018",4049,"EYKT","3A",200,"Fairweather","Standard Grid","3-Jun-18","Y",59.1683,-139.3173,54,417,0,0
"605","2018",4046,"EYKT","3A",190,"Fairweather","Standard Grid","3-Jun-18","Y",59.0012,-139.3415,60,513,0,0
"606","2018",4047,"EYKT","3A",200,"Fairweather","Standard Grid","3-Jun-18","Y",59.0002,-139.6552,66,623,0,0
"607","2018",3015,"SSEO","2C",141,"Ketchikan","Standard Grid","2-Jul-18","Y",54.667,-132.8248,77,437,0.00564975324285714,0.0200791184000542
"608","2018",3004,"SSEO","2C",142,"Ketchikan","Standard Grid","2-Jul-18","Y",54.5088,-132.8382,208,551,0,0
"609","2018",3110,"NSEO","2C",181,"Sitka","Standard Grid","30-Jun-18","Y",57.8377,-136.5672,53,442,0.0744049176,0.263330420013968
"610","2018",3111,"NSEO","2C",181,"Sitka","Standard Grid","30-Jun-18","Y",57.8413,-136.8728,214,552,0,0
"611","2018",3108,"NSEO","2C",170,"Sitka","Standard Grid","30-Jun-18","Y",57.6835,-136.5547,90,710,0,0
"612","2018",3235,"NSEO","2C",170,"Sitka","Standard Grid","1-Jul-18","Y",57.6427,-136.2587,25,448,0.0269924081714286,0.0955302742109448
"613","2018",3106,"CSEO","2C",170,"Sitka","Standard Grid","1-Jul-18","Y",57.5028,-136.2362,51,516,0.0316708788,0.115077296810488
"614","2018",3230,"CSEO","2C",170,"Sitka","Standard Grid","4-Jul-18","Y",57.1578,-135.5882,38,548,0.00286821170921986,0.0104217521800251
"615","2018",3226,"CSEO","2C",170,"Sitka","Standard Grid","4-Jul-18","Y",57.0002,-135.5577,26,604,0.00339083657857143,0.0123207287632361
"616","2018",3225,"CSEO","2C",160,"Sitka","Standard Grid","4-Jul-18","Y",56.8208,-135.5855,44,668,0.02397578805,0.0871169030426524
"617","2018",3232,"CSEO","2C",170,"Sitka","Standard Grid","7-Jul-18","Y",57.4845,-135.8888,73,610,0.00387565914121037,0.0140823492819955
"618","2018",3102,"CSEO","2C",170,"Sitka","Standard Grid","7-Jul-18","Y",57.3172,-135.9253,60,685,0.0138589168110465,0.0503568812664794
"619","2018",3103,"CSEO","2C",170,"Sitka","Standard Grid","7-Jul-18","Y",57.3177,-136.2062,98,759,0.147754811982659,0.536872515002844
"620","2018",3098,"CSEO","2C",170,"Sitka","Standard Grid","8-Jul-18","Y",57.1502,-136.1932,113,453,0.0163950097015782,0.0595718675681125
"621","2018",3097,"CSEO","2C",170,"Sitka","Standard Grid","8-Jul-18","Y",57.15,-135.907,35,534,0.0203703990315638,0.0740165901396884
"622","2018",3092,"CSEO","2C",170,"Sitka","Standard Grid","8-Jul-18","Y",57.0187,-135.9842,55,609,0.0854280469565217,0.310405934032874
"623","2018",3089,"CSEO","2C",160,"Sitka","Standard Grid","9-Jul-18","Y",56.8085,-135.8715,102,459,0.0147754957793904,0.0536873044813339
"624","2018",3086,"CSEO","2C",160,"Sitka","Standard Grid","9-Jul-18","Y",56.6423,-135.571,75,658,0.100563458439024,0.365401005389114
"625","2018",3085,"CSEO","2C",160,"Sitka","Standard Grid","10-Jul-18","Y",56.6432,-135.2375,21,464,0.00190054563362069,0.0069057020919181
"626","2018",3083,"CSEO","2C",160,"Sitka","Standard Grid","10-Jul-18","Y",56.4833,-135.2432,58,524,0.0232556262060086,0.0845001686351251
"627","2018",3084,"CSEO","2C",160,"Sitka","Standard Grid","10-Jul-18","Y",56.484,-135.5557,84,606,0.0920002360114777,0.334286223409997
"628","2018",3080,"CSEO","2C",160,"Ommaney","Standard Grid","11-Jul-18","Y",56.3168,-135.5258,109,490,0.00383334818776671,0.0139286108846962
"629","2018",3218,"CSEO","2C",160,"Ommaney","Standard Grid","11-Jul-18","Y",56.1502,-135.5203,227,628,0,0
"630","2018",3079,"CSEO","2C",160,"Ommaney","Standard Grid","11-Jul-18","Y",56.3088,-135.25,89,707,0.00664715424,0.0241526781196098
"631","2018",3078,"CSEO","2C",160,"Ommaney","Standard Grid","14-Jul-18","Y",56.3502,-134.918,60,453,0.0364337319293948,0.132383297906868
"632","2018",3064,"SSEO","2C",150,"Ommaney","Standard Grid","15-Jul-18","Y",55.8188,-135.2183,132,745,0.00135684298832117,0.00482219485377142
"633","2018",3058,"SSEO","2C",150,"Ommaney","Standard Grid","16-Jul-18","Y",55.6752,-134.8917,111,491,0.0531946600143266,0.18905283660462
"634","2018",3054,"SSEO","2C",150,"Ommaney","Standard Grid","16-Jul-18","Y",55.4697,-134.8932,156,623,0,0
"635","2018",3053,"SSEO","2C",150,"Ommaney","Standard Grid","16-Jul-18","Y",55.4865,-134.6255,110,788,0,0
"636","2018",3050,"SSEO","2C",150,"Ommaney","Standard Grid","17-Jul-18","Y",55.32,-134.6195,113,493,0.0143129618020086,0.0508680011894904
"637","2018",3049,"SSEO","2C",150,"Ommaney","Standard Grid","17-Jul-18","Y",55.3033,-134.326,102,605,0.0525995060472103,0.186937670426859
"638","2018",4064,"EYKT","3A",200,"Yakutat","Standard Grid","18-Jul-18","Y",59.3335,-139.6978,86,577,0,0
"639","2018",4057,"EYKT","3A",200,"Yakutat","Standard Grid","18-Jul-18","Y",59.1663,-139.6552,69,677,0,0
"640","2018",4072,"EYKT","3A",200,"Yakutat","Standard Grid","22-Jul-18","Y",59.5,-140.033,57,401,0,0
"641","2018",4041,"EYKT","3A",200,"Fairweather","Standard Grid","6-Jun-18","Y",58.8317,-139.6663,89,413,0,0
"642","2018",4034,"EYKT","3A",190,"Fairweather","Standard Grid","7-Jun-18","Y",58.6658,-139.7322,103,450,0,0
"643","2018",4033,"EYKT","3A",190,"Fairweather","Standard Grid","7-Jun-18","Y",58.6695,-139.4128,138,600,0,0
"644","2018",4040,"EYKT","3A",190,"Fairweather","Standard Grid","7-Jun-18","Y",58.832,-139.3357,75,725,0,0
"645","2018",4032,"EYKT","3A",190,"Fairweather","Standard Grid","8-Jun-18","Y",58.663,-139.093,76,441,0,0
"646","2018",4039,"EYKT","3A",190,"Fairweather","Standard Grid","8-Jun-18","Y",58.8328,-139.0752,106,547,0,0
"647","2018",4038,"EYKT","3A",190,"Fairweather","Standard Grid","8-Jun-18","Y",58.8332,-138.762,66,659,0,0
"648","2018",4025,"EYKT","3A",190,"Fairweather","Standard Grid","9-Jun-18","Y",58.5,-138.723,52,424,0.0530100393571429,0.209228732126952
"649","2018",4026,"EYKT","3A",190,"Fairweather","Standard Grid","9-Jun-18","Y",58.5015,-139.034,56,524,0.02982230955,0.117707590711366
"650","2018",4019,"EYKT","3A",190,"Fairweather","Standard Grid","9-Jun-18","Y",58.3327,-139.1142,60,630,0.0438129635142857,0.172928202242189
"651","2018",4020,"EYKT","3A",190,"Fairweather","Standard Grid","10-Jun-18","Y",58.3358,-139.4292,143,461,0,0
"652","2018",4027,"EYKT","3A",190,"Fairweather","Standard Grid","10-Jun-18","Y",58.5002,-139.3505,91,578,0.0483448143,0.190815255441589
"653","2018",3211,"SSEO","2C",151,"Ommaney","Standard Grid","21-Jul-18","Y",55.322,-133.4553,54,615,0.0212891121034483,0.0756611101728384
"654","2018",3047,"SSEO","2C",151,"Ommaney","Standard Grid","22-Jul-18","Y",55.3388,-133.7583,40,467,0.00512528375463623,0.0182151635513151
"655","2018",3045,"SSEO","2C",141,"Ommaney","Standard Grid","22-Jul-18","Y",55.1748,-133.7093,87,538,0,0
"656","2018",3046,"SSEO","2C",150,"Ommaney","Standard Grid","22-Jul-18","Y",55.1715,-134.0092,94,609,0.00247050527913669,0.00878013001195404
"657","2018",3044,"SSEO","2C",140,"Ommaney","Standard Grid","23-Jul-18","Y",55.0095,-134.2873,116,442,0,0
"658","2018",3043,"SSEO","2C",140,"Ommaney","Standard Grid","23-Jul-18","Y",55.0097,-134.0187,82,534,0.0935816828330956,0.332587567794695
"659","2018",3055,"SSEO","2C",151,"Ommaney","Standard Grid","24-Jul-18","Y",55.6538,-133.9895,100,522,0.027306509527897,0.0970468291860436
"660","2018",3051,"SSEO","2C",151,"Ommaney","Standard Grid","24-Jul-18","Y",55.5092,-134.0087,50,576,0.0322288964935438,0.114540901306638
"661","2018",3048,"SSEO","2C",150,"Ommaney","Standard Grid","24-Jul-18","Y",55.343,-134.0075,64,636,0,0
"662","2018",3057,"SSEO","2C",150,"Ommaney","Standard Grid","25-Jul-18","Y",55.6505,-134.6265,111,460,0,0
"663","2018",3056,"SSEO","2C",150,"Ommaney","Standard Grid","25-Jul-18","Y",55.6685,-134.3408,114,521,0,0
"664","2018",3052,"SSEO","2C",150,"Ommaney","Standard Grid","25-Jul-18","Y",55.4758,-134.3193,91,558,0.00181347376747504,0.00644505218675873
"665","2018",3069,"SSEO","2C",150,"Ommaney","Standard Grid","26-Jul-18","Y",56.0088,-134.9188,199,509,0,0
"666","2018",3063,"SSEO","2C",150,"Ommaney","Standard Grid","26-Jul-18","Y",55.8172,-134.9232,101,557,0.0553610561831187,0.19675216847006
"667","2018",3062,"SSEO","2C",150,"Ommaney","Standard Grid","26-Jul-18","Y",55.8193,-134.608,87,637,0.0712642558767908,0.253271845677672
"668","2018",3007,"SSEO","2C",140,"Ketchikan","Standard Grid","13-Jul-18","Y",54.4993,-133.7645,137,556,0,0
"669","2018",3018,"SSEO","2C",140,"Ketchikan","Standard Grid","13-Jul-18","Y",54.6665,-133.6862,129,697,0,0
"670","2018",3017,"SSEO","2C",141,"Ketchikan","Standard Grid","14-Jul-18","Y",54.668,-133.4078,165,439,0,0
"671","2018",3006,"SSEO","2C",140,"Ketchikan","Standard Grid","14-Jul-18","Y",54.5007,-133.4827,162,490,0,0
"672","2018",3005,"SSEO","2C",142,"Ketchikan","Standard Grid","14-Jul-18","Y",54.4997,-133.1947,106,719,0.275652204657143,0.979662830681029
"673","2018",3016,"SSEO","2C",141,"Ketchikan","Standard Grid","15-Jul-18","Y",54.6685,-133.1202,117,433,0.0343650636,0.122132799644333
"674","2018",3023,"SSEO","2C",141,"Ketchikan","Standard Grid","15-Jul-18","Y",54.8325,-133.1253,108,526,0.00806026721428572,0.0286460404153638
"675","2018",3024,"SSEO","2C",141,"Ketchikan","Standard Grid","15-Jul-18","Y",54.8328,-133.4002,64,636,0.155256161142857,0.551777521587619
"676","2018",3029,"SSEO","2C",141,"Ketchikan","Standard Grid","16-Jul-18","Y",54.9988,-133.3985,51,410,0.0458200848,0.162843732859111
"677","2018",3034,"SSEO","2C",141,"Ketchikan","Standard Grid","16-Jul-18","Y",55.1663,-133.4163,37,513,0.0307659555428571,0.109341636259397
"678","2018",3030,"SSEO","2C",140,"Ketchikan","Standard Grid","16-Jul-18","Y",55.0012,-133.7383,56,599,0,0
"679","2018",3025,"SSEO","2C",140,"Ketchikan","Standard Grid","17-Jul-18","Y",54.8358,-133.6887,76,406,0.0258760268571429,0.0919629202646032
"680","2018",3026,"SSEO","2C",140,"Ketchikan","Standard Grid","17-Jul-18","Y",54.8327,-133.9987,106,516,0,0
"681","2018",3019,"SSEO","2C",140,"Ketchikan","Standard Grid","17-Jul-18","Y",54.6677,-134.0272,121,627,0,0
"682","2018",3214,"SSEO","2C",151,"Ommaney","Standard Grid","3-Aug-18","Y",55.6837,-133.7055,16,665,0,0
"683","2018",3068,"SSEO","2C",150,"Ommaney","Standard Grid","12-Aug-18","Y",56.0085,-134.6198,198,312,0,0
"684","2018",3116,"NSEO","2C",181,"Sitka","Standard Grid","27-Aug-18","Y",58.1393,-136.5683,171,635,0,0
"685","2018",4031,"EYKT","3A",190,"Fairweather","Standard Grid","13-Jun-18","Y",58.6632,-138.7657,54,401,0.0258760268571429,0.102131753861327
"686","2018",4030,"EYKT","3A",190,"Fairweather","Standard Grid","13-Jun-18","Y",58.666,-138.443,71,532,0,0
"687","2018",4024,"EYKT","3A",190,"Fairweather","Standard Grid","13-Jun-18","Y",58.504,-138.3987,62,631,0.0646900671428571,0.255329384653316
"688","2018",4017,"EYKT","3A",190,"Fairweather","Standard Grid","14-Jun-18","Y",58.3337,-138.4033,71,423,0,0
"689","2018",4018,"EYKT","3A",190,"Fairweather","Standard Grid","14-Jun-18","Y",58.3337,-138.733,64,533,0.0106020078714286,0.0418457464253903
"690","2018",4012,"EYKT","3A",190,"Fairweather","Standard Grid","14-Jun-18","Y",58.1687,-138.7978,100,674,0.06841698255,0.270039386661187
"691","2018",4011,"EYKT","3A",185,"Fairweather","Standard Grid","15-Jun-18","Y",58.1682,-138.4755,88,429,0.0318060236142857,0.125537239276171
"692","2018",4010,"EYKT","3A",185,"Fairweather","Standard Grid","15-Jun-18","Y",58.1672,-138.1607,80,549,0,0
"693","2018",4016,"EYKT","3A",185,"Fairweather","Standard Grid","15-Jun-18","Y",58.3315,-138.086,69,669,0,0
"694","2018",4008,"EYKT","3A",185,"Fairweather","Standard Grid","16-Jun-18","Y",58.1678,-137.4775,79,425,0.00705950543571429,0.0278636158295702
"695","2018",4009,"EYKT","3A",185,"Fairweather","Standard Grid","16-Jun-18","Y",58.167,-137.7913,84,543,0,0
"696","2018",4005,"EYKT","3A",185,"Fairweather","Standard Grid","16-Jun-18","Y",58.005,-137.8643,97,657,0.0188993874875,0.0745952074350379
"697","2017",3116,"NSEO","2C",181,"Sitka","Standard Grid","7-Jun-17","Y",58.151,-136.5775,147,523,0,0
"698","2017",3113,"NSEO","2C",181,"Sitka","Extra Station","7-Jun-17","Y",58.0128,-136.6657,63,619,0.0362264376,0.134302890614634
"699","2017",3110,"NSEO","2C",181,"Sitka","Standard Grid","8-Jun-17","Y",57.8342,-136.5442,52,388,0.0362264376,0.134302890614634
"700","2017",3111,"NSEO","2C",181,"Sitka","Standard Grid","8-Jun-17","Y",57.834,-136.86,207,487,0,0
"701","2017",3106,"NSEO","2C",170,"Sitka","Standard Grid","9-Jun-17","Y",57.5028,-136.2113,51,385,0,0
"702","2017",3103,"CSEO","2C",170,"Sitka","Standard Grid","9-Jun-17","Y",57.349,-136.2197,96,475,0.0226415235,0.0809272739957143
"703","2017",3102,"CSEO","2C",170,"Sitka","Standard Grid","9-Jun-17","Y",57.3197,-135.9182,46,542,0,0
"704","2017",3097,"CSEO","2C",170,"Sitka","Standard Grid","10-Jun-17","Y",57.1663,-135.8767,36,383,0.02334766156,0.0834512131758857
"705","2017",3098,"CSEO","2C",170,"Sitka","Standard Grid","10-Jun-17","Y",57.1677,-136.2233,115,457,0,0
"706","2017",3092,"CSEO","2C",170,"Sitka","Standard Grid","10-Jun-17","Y",57.0008,-136.0245,56,535,0.04280395504,0.1529935650144
"707","2017",3089,"CSEO","2C",160,"Sitka","Standard Grid","13-Jun-17","Y",56.8353,-135.8442,104,397,0,0
"708","2017",3086,"CSEO","2C",160,"Sitka","Standard Grid","13-Jun-17","Y",56.6672,-135.59,73,619,0.13997054256,0.500294710693029
"709","2017",3085,"CSEO","2C",160,"Sitka","Standard Grid","14-Jun-17","Y",56.6673,-135.2288,23,387,0,0
"710","2017",3084,"CSEO","2C",160,"Sitka","Standard Grid","14-Jun-17","Y",56.5042,-135.5288,82,469,0.13911285388,0.4972290862968
"711","2017",3083,"CSEO","2C",160,"Sitka","Standard Grid","14-Jun-17","Y",56.4992,-135.2733,58,551,0.0281661926,0.100674019836
"712","2017",3078,"CSEO","2C",160,"Ommaney","Standard Grid","15-Jun-17","Y",56.3357,-134.9102,56,394,0.03188892965,0.113980145691857
"713","2017",3074,"CSEO","2C",160,"Ommaney","Standard Grid","15-Jun-17","Y",56.1705,-134.9537,101,482,0.01228809249,0.0439211534428286
"714","2017",3075,"CSEO","2C",160,"Ommaney","Standard Grid","16-Jun-17","Y",56.1673,-135.2107,155,419,0,0
"715","2017",3079,"CSEO","2C",160,"Ommaney","Standard Grid","16-Jun-17","Y",56.328,-135.212,87,525,0.00577832524,0.0206533853578286
"716","2017",3080,"CSEO","2C",160,"Ommaney","Standard Grid","16-Jun-17","Y",56.3318,-135.5115,111,598,0,0
"717","2017",3068,"CSEO","2C",150,"Ommaney","Standard Grid","20-Jun-17","Y",55.998,-134.6563,207,650,0,0
"718","2017",3062,"SSEO","2C",150,"Ommaney","Standard Grid","20-Jun-17","Y",55.8342,-134.6397,84,753,0.06420593256,0.226841714295975
"719","2017",3063,"SSEO","2C",150,"Ommaney","Standard Grid","21-Jun-17","Y",55.8348,-134.8952,101,434,0.01306428106,0.0461565433836733
"720","2017",3064,"SSEO","2C",150,"Ommaney","Standard Grid","21-Jun-17","Y",55.8293,-135.2322,126,517,0,0
"721","2017",3070,"CSEO","2C",160,"Ommaney","Standard Grid","21-Jun-17","Y",55.9907,-135.2308,199,605,0,0
"722","2017",3069,"CSEO","2C",160,"Ommaney","Standard Grid","21-Jun-17","Y",55.9988,-134.9368,197,723,0,0
"723","2017",3057,"SSEO","2C",150,"Ommaney","Standard Grid","22-Jun-17","Y",55.6703,-134.595,111,412,0,0
"724","2017",3058,"SSEO","2C",150,"Ommaney","Standard Grid","22-Jun-17","Y",55.6662,-134.8955,108,525,0.05225712424,0.184626173534693
"725","2017",3054,"SSEO","2C",150,"Ommaney","Standard Grid","22-Jun-17","Y",55.501,-134.9218,158,601,0,0
"726","2017",3053,"SSEO","2C",150,"Ommaney","Standard Grid","22-Jun-17","Y",55.4977,-134.6377,111,706,0,0
"727","2017",3050,"SSEO","2C",150,"Ommaney","Standard Grid","23-Jun-17","Y",55.3313,-134.5787,111,398,0.0724528752,0.255978439386137
"728","2017",3049,"SSEO","2C",150,"Ommaney","Standard Grid","23-Jun-17","Y",55.3317,-134.295,100,450,0.0445722098,0.157475112935138
"729","2017",3052,"SSEO","2C",150,"Ommaney","Standard Grid","23-Jun-17","Y",55.5012,-134.338,91,533,0,0
"730","2017",3056,"SSEO","2C",150,"Ommaney","Standard Grid","29-Jun-17","Y",55.6777,-134.3033,114,391,0,0
"731","2017",3055,"SSEO","2C",151,"Ommaney","Standard Grid","29-Jun-17","Y",55.6693,-133.9885,104,462,0.1243861472,0.439460432089385
"732","2017",3051,"SSEO","2C",151,"Ommaney","Standard Grid","29-Jun-17","Y",55.5075,-133.9982,49,565,0.06998527128,0.247260311931276
"733","2017",3047,"SSEO","2C",151,"Ommaney","Standard Grid","30-Jun-17","Y",55.3412,-133.7187,40,380,0,0
"734","2017",3045,"SSEO","2C",141,"Ommaney","Standard Grid","30-Jun-17","Y",55.1727,-133.698,88,462,0,0
"735","2017",3048,"SSEO","2C",150,"Ommaney","Standard Grid","30-Jun-17","Y",55.3363,-133.9972,65,528,0,0
"736","2017",3046,"SSEO","2C",150,"Ommaney","Standard Grid","1-Jul-17","Y",55.174,-133.9992,93,402,0,0
"737","2017",3044,"SSEO","2C",140,"Ommaney","Standard Grid","1-Jul-17","Y",55.0048,-134.2802,117,484,0,0
"738","2017",3043,"SSEO","2C",140,"Ommaney","Standard Grid","1-Jul-17","Y",55.0068,-133.9955,83,551,0.0281661926,0.0995121036300483
"739","2017",4002,"NSEO","3A",185,"Fairweather","Standard Grid","23-Jun-17","Y",58.0012,-136.8797,229,445,0,0
"740","2017",4003,"EYKT","3A",185,"Fairweather","Standard Grid","23-Jun-17","Y",58,-137.1783,109,588,0,0
"741","2017",4001,"EYKT","3A",185,"Fairweather","Standard Grid","23-Jun-17","Y",57.8218,-137.2165,175,690,0,0
"742","2017",4008,"EYKT","3A",185,"Fairweather","Standard Grid","24-Jun-17","Y",58.1665,-137.4668,78,513,0,0
"743","2017",4009,"EYKT","3A",185,"Fairweather","Standard Grid","24-Jun-17","Y",58.1668,-137.7977,84,626,0,0
"744","2017",4005,"EYKT","3A",185,"Fairweather","Standard Grid","24-Jun-17","Y",58.0005,-137.804,99,710,0.0543396564,0.210521708831127
"745","2017",4010,"EYKT","3A",185,"Fairweather","Standard Grid","25-Jun-17","Y",58.1553,-138.1355,81,432,0,0
"746","2017",4016,"EYKT","3A",185,"Fairweather","Standard Grid","25-Jun-17","Y",58.3332,-138.0957,71,526,0,0
"747","2017",4017,"EYKT","3A",190,"Fairweather","Standard Grid","25-Jun-17","Y",58.3335,-138.4148,71,604,0,0
"748","2017",4011,"EYKT","3A",185,"Fairweather","Standard Grid","25-Jun-17","Y",58.1805,-138.4498,88,682,0.1126647704,0.436483805033309
"749","2017",4029,"EYKT","3A",190,"Fairweather","Standard Grid","26-Jun-17","Y",58.6485,-138.1013,52,441,0.0362264376,0.140347805887418
"750","2017",4036,"EYKT","3A",190,"Fairweather","Standard Grid","26-Jun-17","Y",58.8333,-138.06,29,513,0,0
"751","2017",4037,"EYKT","3A",190,"Fairweather","Standard Grid","26-Jun-17","Y",58.8425,-138.3998,39,605,0,0
"752","2017",4030,"EYKT","3A",190,"Fairweather","Standard Grid","26-Jun-17","Y",58.6798,-138.4163,72,713,0,0
"753","2017",4033,"EYKT","3A",190,"Fairweather","Standard Grid","27-Jun-17","Y",58.6662,-139.4048,140,457,0,0
"754","2017",4027,"EYKT","3A",190,"Fairweather","Standard Grid","27-Jun-17","Y",58.5002,-139.3613,93,550,0.0698164285,0.270481537905091
"755","2017",4028,"EYKT","3A",190,"Fairweather","Standard Grid","27-Jun-17","Y",58.5,-139.7222,136,693,0,0
"756","2017",4020,"EYKT","3A",190,"Fairweather","Standard Grid","28-Jun-17","Y",58.3343,-139.421,151,512,0,0
"757","2017",4019,"EYKT","3A",190,"Fairweather","Standard Grid","28-Jun-17","Y",58.3335,-139.111,62,646,0.10972391136,0.425090382410705
"758","2017",4018,"EYKT","3A",190,"Fairweather","Standard Grid","28-Jun-17","Y",58.3417,-138.7667,68,785,0.13516901739,0.52366934955384
"759","2017",4012,"EYKT","3A",190,"Fairweather","Standard Grid","28-Jun-17","Y",58.1808,-138.7613,101,917,0.2487722944,0.963789099831855
"760","2017",4039,"EYKT","3A",190,"Fairweather","Standard Grid","29-Jun-17","Y",58.8205,-139.0433,108,436,0,0
"761","2017",4045,"EYKT","3A",190,"Fairweather","Standard Grid","29-Jun-17","Y",59.0108,-139.0423,57,520,0,0
"762","2017",4046,"EYKT","3A",190,"Fairweather","Standard Grid","29-Jun-17","Y",58.9903,-139.3517,61,598,0,0
"763","2017",4048,"EYKT","3A",190,"Fairweather","Standard Grid","13-Jul-17","Y",59.1668,-139.0135,31,477,0,0
"764","2017",4049,"EYKT","3A",200,"Fairweather","Standard Grid","13-Jul-17","Y",59.1668,-139.3278,55,564,0,0
"765","2017",4057,"EYKT","3A",200,"Yakutat","Standard Grid","13-Jul-17","Y",59.157,-139.6682,73,667,0,0
"766","2017",4064,"EYKT","3A",200,"Yakutat","Standard Grid","13-Jul-17","Y",59.329,-139.6667,83,774,0,0
"767","2017",4058,"EYKT","3A",200,"Yakutat","Standard Grid","9-Jul-17","Y",59.1667,-139.9763,64,391,0,0
"768","2017",4047,"EYKT","3A",200,"Fairweather","Standard Grid","23-Jul-17","Y",58.994,-139.663,66,385,0,0
"769","2017",4034,"EYKT","3A",190,"Fairweather","Standard Grid","24-Jul-17","Y",58.6667,-139.676,104,491,0,0
"770","2017",4041,"EYKT","3A",200,"Fairweather","Standard Grid","24-Jul-17","Y",58.8335,-139.7232,88,707,0,0
"771","2017",4040,"EYKT","3A",190,"Fairweather","Standard Grid","24-Jul-17","Y",58.8335,-139.3415,74,777,0,0
"772","2017",4038,"EYKT","3A",190,"Fairweather","Standard Grid","25-Jul-17","Y",58.8333,-138.7085,68,377,0,0
"773","2017",4044,"EYKT","3A",190,"Fairweather","Standard Grid","25-Jul-17","Y",58.9878,-138.7167,86,468,0,0
"774","2017",4043,"EYKT","3A",190,"Fairweather","Standard Grid","25-Jul-17","Y",59.0003,-138.378,33,548,0,0
"775","2017",4031,"EYKT","3A",190,"Fairweather","Standard Grid","26-Jul-17","Y",58.6667,-138.7093,56,441,0.0422492889,0.163681426887491
"776","2017",4032,"EYKT","3A",190,"Fairweather","Standard Grid","26-Jul-17","Y",58.6787,-139.0658,82,535,0,0
"777","2017",4026,"EYKT","3A",190,"Fairweather","Standard Grid","26-Jul-17","Y",58.5123,-139.067,56,647,0,0
"778","2017",4025,"EYKT","3A",190,"Fairweather","Standard Grid","26-Jul-17","Y",58.508,-138.7683,52,747,0.0365388873,0.141558292834255
"779","2017",4024,"EYKT","3A",190,"Fairweather","Standard Grid","27-Jul-17","Y",58.5002,-138.4578,65,494,0.1086793128,0.421043417662255
"780","2017",4023,"EYKT","3A",190,"Fairweather","Standard Grid","27-Jul-17","Y",58.5,-138.1395,75,601,0,0
"781","2017",4022,"EYKT","3A",185,"Fairweather","Standard Grid","27-Jul-17","Y",58.512,-137.782,86,709,0,0
"782","2017",4015,"EYKT","3A",185,"Fairweather","Standard Grid","27-Jul-17","Y",58.3455,-137.8002,95,787,0,0
"783","2017",4004,"EYKT","3A",185,"Fairweather","Standard Grid","28-Jul-17","Y",57.9887,-137.5078,90,493,0.090566094,0.350869514718545
"784","2017",4007,"EYKT","3A",185,"Fairweather","Standard Grid","28-Jul-17","Y",58.1777,-137.1908,66,788,0.0181132188,0.0701739029437091
"785","2017",4006,"NSEO","3A",185,"Fairweather","Standard Grid","28-Jul-17","Y",58.177,-136.9255,111,552,0,0
"786","2017",4021,"EYKT","3A",185,"Fairweather","Standard Grid","29-Jul-17","Y",58.4615,-137.5068,83,383,0,0
"787","2017",4014,"EYKT","3A",185,"Fairweather","Standard Grid","29-Jul-17","Y",58.3425,-137.4982,103,450,0,0
"788","2017",4013,"EYKT","3A",185,"Fairweather","Standard Grid","29-Jul-17","Y",58.3333,-137.1882,93,626,0,0
"789","2017",3017,"SSEO","2C",141,"Ketchikan","Standard Grid","16-Aug-17","Y",54.6577,-133.4485,167,407,0,0
"790","2017",3024,"SSEO","2C",141,"Ketchikan","Standard Grid","16-Aug-17","Y",54.8215,-133.4333,70,511,0,0
"791","2017",3023,"SSEO","2C",141,"Ketchikan","Standard Grid","16-Aug-17","Y",54.825,-133.1647,119,605,0,0
"792","2017",3030,"SSEO","2C",140,"Ketchikan","Standard Grid","17-Aug-17","Y",54.988,-133.7168,58,409,0,0
"793","2017",3029,"SSEO","2C",141,"Ketchikan","Standard Grid","17-Aug-17","Y",54.9878,-133.4333,53,531,0.09573561393,0.338237136619184
"794","2017",3034,"SSEO","2C",141,"Ketchikan","Standard Grid","17-Aug-17","Y",55.1535,-133.4333,38,637,0.02311330096,0.0816600679058062
"795","2017",3025,"SSEO","2C",140,"Ketchikan","Standard Grid","18-Aug-17","Y",54.8313,-133.7373,76,482,0.0621930736,0.219730216044693
"796","2017",3026,"SSEO","2C",140,"Ketchikan","Standard Grid","18-Aug-17","Y",54.832,-134.04,107,543,0.00630204179,0.0222653251219824
"797","2017",3019,"SSEO","2C",140,"Ketchikan","Standard Grid","18-Aug-17","Y",54.6628,-134.0193,124,631,0,0
"798","2017",3018,"SSEO","2C",140,"Ketchikan","Standard Grid","19-Aug-17","Y",54.6557,-133.717,132,466,0,0
"799","2017",3007,"SSEO","2C",140,"Ketchikan","Standard Grid","19-Aug-17","Y",54.4918,-133.749,139,536,0,0
"800","2017",3006,"SSEO","2C",140,"Ketchikan","Standard Grid","19-Aug-17","Y",54.489,-133.4505,167,710,0,0
"801","2017",3005,"SSEO","2C",142,"Ketchikan","Standard Grid","20-Aug-17","Y",54.488,-133.1648,117,485,0.0698164285,0.246663784723671
"802","2017",3016,"SSEO","2C",141,"Ketchikan","Standard Grid","20-Aug-17","Y",54.656,-133.1495,124,583,0.0068974403,0.0243688880376282
"803","2017",3015,"SSEO","2C",141,"Ketchikan","Standard Grid","20-Aug-17","Y",54.6537,-132.8503,76,636,0.0704154815,0.248780259075121
"804","2016",3079,"CSEO","2C",160,"Ommaney","Standard Grid","13-Jun-16","Y",56.333,-135.2692,87,685,0.01699439245,0.0598968729964043
"805","2016",3075,"CSEO","2C",160,"Ommaney","Standard Grid","13-Jun-16","Y",56.15,-135.226,156,778,0,0
"806","2016",3057,"SSEO","2C",150,"Ommaney","Standard Grid","14-Jun-16","Y",55.6512,-134.6145,112,576,0,0
"807","2016",3058,"SSEO","2C",150,"Ommaney","Standard Grid","14-Jun-16","Y",55.6667,-134.8938,110,667,0.0661104372916667,0.230544872432624
"808","2016",3054,"SSEO","2C",150,"Ommaney","Standard Grid","14-Jun-16","Y",55.5,-134.876,160,813,0.015094349,0.052638053947605
"809","2016",3034,"SSEO","2C",141,"Ketchikan","Standard Grid","7-Jun-16","Y",55.167,-133.4078,40,381,0.0322532342479339,0.112475700961167
"810","2016",3029,"SSEO","2C",141,"Ketchikan","Standard Grid","7-Jun-16","Y",55.0017,-133.4093,49,466,0.047464428302521,0.165521225034636
"811","2016",3030,"SSEO","2C",140,"Ketchikan","Standard Grid","7-Jun-16","Y",55.0012,-133.692,56,571,0,0
"812","2016",3023,"SSEO","2C",141,"Ketchikan","Standard Grid","8-Jun-16","Y",54.836,-133.1262,109,434,0,0
"813","2016",3016,"SSEO","2C",141,"Ketchikan","Standard Grid","8-Jun-16","Y",54.668,-133.127,126,529,0.0134579446333333,0.046931471879528
"814","2016",3017,"SSEO","2C",141,"Ketchikan","Standard Grid","8-Jun-16","Y",54.6695,-133.4065,164,659,0,0
"815","2016",3024,"SSEO","2C",141,"Ketchikan","Standard Grid","8-Jun-16","Y",54.8332,-133.4577,63,725,0.075471745,0.263190269738025
"816","2016",3025,"SSEO","2C",140,"Ketchikan","Standard Grid","9-Jun-16","Y",54.8367,-133.6925,76,458,0.045283047,0.157914161842815
"817","2016",3026,"SSEO","2C",140,"Ketchikan","Standard Grid","9-Jun-16","Y",54.8353,-133.9925,106,553,0,0
"818","2016",3019,"SSEO","2C",140,"Ketchikan","Standard Grid","9-Jun-16","Y",54.6802,-133.9953,122,640,0,0
"819","2016",3018,"SSEO","2C",140,"Ketchikan","Standard Grid","9-Jun-16","Y",54.6525,-133.7128,132,722,0,0
"820","2016",3007,"SSEO","2C",140,"Ketchikan","Standard Grid","10-Jun-16","Y",54.5117,-133.7225,139,458,0,0
"821","2016",3006,"SSEO","2C",140,"Ketchikan","Standard Grid","10-Jun-16","Y",54.5128,-133.4408,165,578,0,0
"822","2016",3005,"SSEO","2C",142,"Ketchikan","Standard Grid","10-Jun-16","Y",54.5137,-133.1582,107,657,0.419148864793388,1.46168480383432
"823","2016",3015,"SSEO","2C",141,"Ketchikan","Standard Grid","11-Jun-16","Y",54.6642,-132.8748,76,467,0.0264441749166667,0.0922179489730497
"824","2016",3070,"CSEO","2C",160,"Ommaney","Standard Grid","19-Jun-16","Y",56.0155,-135.2235,202,498,0,0
"825","2016",3064,"SSEO","2C",150,"Ommaney","Standard Grid","19-Jun-16","Y",55.8482,-135.2083,135,608,0,0
"826","2016",3063,"SSEO","2C",150,"Ommaney","Standard Grid","19-Jun-16","Y",55.825,-134.9388,101,712,0,0
"827","2016",3053,"SSEO","2C",150,"Ommaney","Standard Grid","20-Jun-16","Y",55.5005,-134.643,112,488,0,0
"828","2016",3050,"SSEO","2C",150,"Ommaney","Standard Grid","20-Jun-16","Y",55.3333,-134.6273,111,638,0.0228306432666667,0.0796165924035098
"829","2016",3049,"SSEO","2C",150,"Ommaney","Standard Grid","20-Jun-16","Y",55.3213,-134.3315,100,741,0.0567799273109244,0.198006875085075
"830","2016",3044,"SSEO","2C",140,"Ommaney","Standard Grid","21-Jun-16","Y",55,-134.327,117,482,0,0
"831","2016",3043,"SSEO","2C",140,"Ommaney","Standard Grid","21-Jun-16","Y",55.0002,-134.0447,83,584,0.00684257891666667,0.023861912703638
"832","2016",3046,"SSEO","2C",150,"Ommaney","Standard Grid","21-Jun-16","Y",55.1515,-134.0163,93,705,0,0
"833","2016",3045,"SSEO","2C",141,"Ommaney","Standard Grid","22-Jun-16","Y",55.1665,-133.6887,87,435,0,0
"834","2016",3047,"SSEO","2C",151,"Ommaney","Standard Grid","22-Jun-16","Y",55.3202,-133.7197,39,527,0.00632787335,0.0220669959844517
"835","2016",3048,"SSEO","2C",150,"Ommaney","Standard Grid","21-Jun-16","Y",55.3333,-133.9892,64,617,0,0
"836","2016",3055,"SSEO","2C",151,"Ommaney","Standard Grid","23-Jun-16","Y",55.6817,-134.019,110,513,0,0
"837","2016",3051,"SSEO","2C",151,"Ommaney","Standard Grid","23-Jun-16","Y",55.5157,-134.0172,50,613,0.030767551625,0.107294726143703
"838","2016",3052,"SSEO","2C",150,"Ommaney","Standard Grid","23-Jun-16","Y",55.5,-134.2893,91,726,0,0
"839","2016",3056,"SSEO","2C",150,"Ommaney","Standard Grid","23-Jun-16","Y",55.6668,-134.3448,114,825,0,0
"840","2016",3078,"CSEO","2C",160,"Ommaney","Standard Grid","27-Jun-16","Y",56.3183,-134.9333,61,521,0.0143741532,0.050661818666619
"841","2016",3074,"CSEO","2C",160,"Ommaney","Standard Grid","27-Jun-16","Y",56.1667,-134.9597,102,607,0.00584513201666667,0.0206012148465772
"842","2016",3062,"SSEO","2C",150,"Ommaney","Standard Grid","28-Jun-16","Y",55.8182,-134.6163,83,445,0.0471894997,0.164562475067265
"843","2016",3068,"CSEO","2C",150,"Ommaney","Standard Grid","28-Jun-16","Y",56.0015,-134.6047,207,810,0,0
"844","2016",3069,"CSEO","2C",160,"Ommaney","Standard Grid","28-Jun-16","Y",56,-134.889,196,532,0,0
"845","2016",3116,"NSEO","2C",181,"Sitka","Standard Grid","16-Jul-16","Y",58.1818,-136.5997,137,648,0,0
"846","2016",4006,"NSEO","3A",185,"Fairweather","Standard Grid","16-Jul-16","Y",58.1815,-136.9168,111,452,0,0
"847","2016",4002,"NSEO","3A",185,"Fairweather","Standard Grid","17-Jul-16","Y",58.0167,-136.9002,228,593,0,0
"848","2016",3113,"NSEO","2C",181,"Sitka","Extra Station","17-Jul-16","Y",58,-136.6965,57,722,0.0213072492833333,0.0802004863024667
"849","2016",4008,"EYKT","3A",185,"Fairweather","Standard Grid","20-Jul-16","Y",58.1575,-137.523,77,506,0,0
"850","2016",4007,"EYKT","3A",185,"Fairweather","Standard Grid","20-Jul-16","Y",58.1587,-137.2077,64,672,0,0
"851","2016",4013,"EYKT","3A",185,"Fairweather","Standard Grid","20-Jul-16","Y",58.3332,-137.1367,91,821,0,0
"852","2016",4014,"EYKT","3A",185,"Fairweather","Standard Grid","20-Jul-16","Y",58.3335,-137.4528,101,931,0,0
"853","2016",4021,"EYKT","3A",185,"Fairweather","Standard Grid","21-Jul-16","Y",58.4693,-137.4772,79,475,0,0
"854","2016",4022,"EYKT","3A",185,"Fairweather","Standard Grid","21-Jul-16","Y",58.5,-137.7517,84,598,0,0
"855","2016",4015,"EYKT","3A",185,"Fairweather","Standard Grid","21-Jul-16","Y",58.3335,-137.771,94,709,0,0
"856","2016",4016,"EYKT","3A",185,"Fairweather","Standard Grid","22-Jul-16","Y",58.325,-138.0923,71,514,0,0
"857","2016",4017,"EYKT","3A",190,"Fairweather","Standard Grid","22-Jul-16","Y",58.3485,-138.4328,71,647,0,0
"858","2016",4011,"EYKT","3A",185,"Fairweather","Standard Grid","22-Jul-16","Y",58.1667,-138.4202,88,760,0.045173909,0.177397710555178
"859","2016",4010,"EYKT","3A",185,"Fairweather","Standard Grid","23-Jul-16","Y",58.1517,-138.1333,80,581,0,0
"860","2016",4009,"EYKT","3A",185,"Fairweather","Standard Grid","23-Jul-16","Y",58.151,-137.8175,84,669,0,0
"861","2016",4005,"EYKT","3A",185,"Fairweather","Standard Grid","23-Jul-16","Y",57.9845,-137.833,99,741,0.018460530975,0.0724944111123514
"862","2016",4003,"EYKT","3A",185,"Fairweather","Standard Grid","24-Jul-16","Y",57.984,-137.2,107,701,0,0
"863","2016",4004,"EYKT","3A",185,"Fairweather","Standard Grid","24-Jul-16","Y",58.0078,-137.49,88,898,0.0456635768067227,0.179320633538115
"864","2016",4064,"EYKT","3A",200,"Yakutat","Standard Grid","15-Jul-16","Y",59.3335,-139.6953,85,615,0,0
"865","2016",4058,"EYKT","3A",200,"Yakutat","Standard Grid","15-Jul-16","Y",59.1662,-139.9698,63,756,0,0
"866","2016",4057,"EYKT","3A",200,"Yakutat","Standard Grid","16-Jul-16","Y",59.167,-139.7147,69,800,0,0
"867","2016",3084,"CSEO","2C",160,"Sitka","Standard Grid","28-Jul-16","Y",56.49,-135.5712,85,475,0.148883544775,0.52474125208534
"868","2016",3083,"CSEO","2C",160,"Sitka","Standard Grid","28-Jul-16","Y",56.4892,-135.2692,59,598,0.0725273083,0.255623081954669
"869","2016",3085,"CSEO","2C",160,"Sitka","Standard Grid","28-Jul-16","Y",56.6517,-135.25,23,674,0.00835108268333333,0.0294334581443709
"870","2016",3086,"CSEO","2C",160,"Sitka","Standard Grid","29-Jul-16","Y",56.6645,-135.5378,74,479,0.106921942233333,0.376847246132582
"871","2016",3087,"CSEO","2C",160,"Sitka","Standard Grid","29-Jul-16","Y",56.6603,-135.84,133,599,0.00786491661666667,0.0277199619287239
"872","2016",3089,"CSEO","2C",160,"Sitka","Standard Grid","29-Jul-16","Y",56.818,-135.8665,103,710,0,0
"873","2016",3092,"CSEO","2C",170,"Sitka","Standard Grid","30-Jul-16","Y",56.9848,-135.9998,55,499,0.145442962041667,0.512614890544708
"874","2016",3097,"CSEO","2C",170,"Sitka","Standard Grid","30-Jul-16","Y",57.1512,-135.9,35,602,0.0264441749166667,0.0932027073717651
"875","2016",3098,"CSEO","2C",170,"Sitka","Standard Grid","30-Jul-16","Y",57.1517,-136.2,115,714,0,0
"876","2016",3106,"NSEO","2C",170,"Sitka","Standard Grid","31-Jul-16","Y",57.5155,-136.2335,46,435,0.0510586350420168,0.192184702298151
"877","2016",3103,"CSEO","2C",170,"Sitka","Standard Grid","31-Jul-16","Y",57.3338,-136.2457,94,538,0.0852289971333333,0.300390286497484
"878","2016",3102,"CSEO","2C",170,"Sitka","Standard Grid","31-Jul-16","Y",57.3333,-135.9452,40,674,0.0374327739,0.131932112947728
"879","2016",3108,"NSEO","2C",170,"Sitka","Standard Grid","3-Aug-16","Y",57.6508,-136.55,90,456,0,0
"880","2016",3110,"NSEO","2C",181,"Sitka","Standard Grid","3-Aug-16","Y",57.8177,-136.5668,51,563,0.0230614177,0.0868031762228
"881","2016",3111,"NSEO","2C",181,"Sitka","Standard Grid","3-Aug-16","Y",57.8333,-136.8542,210,690,0,0
"882","2016",4012,"EYKT","3A",190,"Fairweather","Standard Grid","4-Aug-16","Y",58.151,-138.7667,105,448,0.00417554134166667,0.0163973295811121
"883","2016",4018,"EYKT","3A",190,"Fairweather","Standard Grid","4-Aug-16","Y",58.3207,-138.7493,66,577,0,0
"884","2016",4019,"EYKT","3A",190,"Fairweather","Standard Grid","4-Aug-16","Y",58.3333,-139.0542,60,677,0.1050160296,0.412397413352801
"885","2016",4025,"EYKT","3A",190,"Fairweather","Standard Grid","5-Aug-16","Y",58.4858,-138.7642,54,437,0.02359474985,0.0926564624839559
"886","2016",4031,"EYKT","3A",190,"Fairweather","Standard Grid","5-Aug-16","Y",58.6668,-138.7625,54,532,0.030188698,0.118550863283531
"887","2016",4030,"EYKT","3A",190,"Fairweather","Standard Grid","5-Aug-16","Y",58.6565,-138.4388,71,636,0,0
"888","2016",4024,"EYKT","3A",190,"Fairweather","Standard Grid","5-Aug-16","Y",58.4998,-138.4632,64,484,0.015094349,0.0592754316417657
"889","2016",4023,"EYKT","3A",190,"Fairweather","Standard Grid","6-Aug-16","Y",58.5,-138.1477,73,593,0,0
"890","2016",4029,"EYKT","3A",190,"Fairweather","Standard Grid","6-Aug-16","Y",58.6702,-138.1297,49,702,0.045173909,0.177397710555178
"891","2016",4036,"EYKT","3A",190,"Fairweather","Standard Grid","7-Aug-16","Y",58.849,-138.0833,29,442,0,0
"892","2016",4037,"EYKT","3A",190,"Fairweather","Standard Grid","7-Aug-16","Y",58.8233,-138.4232,39,511,0.0221054223,0.0868078807808149
"893","2016",4043,"EYKT","3A",190,"Fairweather","Standard Grid","7-Aug-16","Y",59.0157,-138.4,33,615,0,0
"894","2016",4044,"EYKT","3A",190,"Fairweather","Standard Grid","8-Aug-16","Y",58.9843,-138.7175,87,565,0,0
"895","2016",4038,"EYKT","3A",190,"Fairweather","Standard Grid","8-Aug-16","Y",58.8178,-138.7337,66,561,0,0
"896","2016",4039,"EYKT","3A",190,"Fairweather","Standard Grid","8-Aug-16","Y",58.818,-139.04,106,644,0,0
"897","2016",4045,"EYKT","3A",190,"Fairweather","Standard Grid","11-Aug-16","Y",58.9848,-139.0338,56,531,0,0
"898","2016",4048,"EYKT","3A",190,"Fairweather","Standard Grid","11-Aug-16","Y",59.1542,-139.0157,29,620,0,0
"899","2016",4049,"EYKT","3A",200,"Fairweather","Standard Grid","11-Aug-16","Y",59.1667,-139.328,54,725,0,0
"900","2016",4046,"EYKT","3A",190,"Fairweather","Standard Grid","11-Aug-16","Y",58.9933,-139.3405,60,833,0,0
"901","2016",4040,"EYKT","3A",190,"Fairweather","Standard Grid","12-Aug-16","Y",58.82,-139.3507,74,480,0,0
"902","2016",4041,"EYKT","3A",200,"Fairweather","Standard Grid","12-Aug-16","Y",58.817,-139.6958,88,565,0.00360867125833333,0.014171233651146
"903","2016",4047,"EYKT","3A",200,"Fairweather","Standard Grid","12-Aug-16","Y",58.9845,-139.6797,66,689,0,0
"904","2016",4034,"EYKT","3A",190,"Fairweather","Standard Grid","13-Aug-16","Y",58.6537,-139.683,102,440,0,0
"905","2016",4026,"EYKT","3A",190,"Fairweather","Standard Grid","14-Aug-16","Y",58.4865,-139.0517,55,476,0.127457943375,0.500526694442063
"906","2016",4032,"EYKT","3A",190,"Fairweather","Standard Grid","14-Aug-16","Y",58.6532,-139.0515,83,587,0.011279000575,0.0442925778098048
"907","2016",4033,"EYKT","3A",190,"Fairweather","Standard Grid","14-Aug-16","Y",58.653,-139.3685,138,695,0,0
"908","2016",4020,"EYKT","3A",190,"Fairweather","Standard Grid","15-Aug-16","Y",58.3185,-139.3893,150,507,0,0
"909","2016",4027,"EYKT","3A",190,"Fairweather","Standard Grid","15-Aug-16","Y",58.4847,-139.3723,93,641,0.018460530975,0.0724944111123514
"910","2016",4028,"EYKT","3A",190,"Fairweather","Standard Grid","15-Aug-16","Y",58.4843,-139.6895,136,741,0,0
"911","2015",4015,"EYKT","3A",185,"Fairweather","Standard Grid","1-Jun-15","Y",58.3335,-137.8423,94,530,0,0
"912","2015",4014,"EYKT","3A",185,"Fairweather","Standard Grid","1-Jun-15","Y",58.3335,-137.516,101,618,0,0
"913","2015",4021,"EYKT","3A",185,"Fairweather","Standard Grid","1-Jun-15","Y",58.4843,-137.5238,79,712,0,0
"914","2015",4022,"EYKT","3A",185,"Fairweather","Standard Grid","1-Jun-15","Y",58.4992,-137.8168,85,790,0,0
"915","2015",4017,"EYKT","3A",190,"Fairweather","Standard Grid","2-Jun-15","Y",58.3333,-138.4662,72,453,0,0
"916","2015",4011,"EYKT","3A",185,"Fairweather","Standard Grid","2-Jun-15","Y",58.1667,-138.4813,88,565,0.0328035234971347,0.129949379829613
"917","2015",4012,"EYKT","3A",190,"Fairweather","Standard Grid","2-Jun-15","Y",58.167,-138.8035,104,639,0.0669905673968706,0.265379500723988
"918","2015",4013,"EYKT","3A",185,"Fairweather","Standard Grid","3-Jun-15","Y",58.3335,-137.2005,92,415,0,0
"919","2015",4007,"EYKT","3A",185,"Fairweather","Standard Grid","3-Jun-15","Y",58.1677,-137.2055,66,542,0.00200948598002853,0.00796046976184796
"920","2015",4006,"NSEO","3A",185,"Fairweather","Standard Grid","3-Jun-15","Y",58.1675,-136.8927,107,636,0,0
"921","2015",4009,"EYKT","3A",185,"Fairweather","Standard Grid","8-Jun-15","Y",58.167,-137.8515,85,472,0,0
"922","2015",4010,"EYKT","3A",185,"Fairweather","Standard Grid","8-Jun-15","Y",58.1673,-138.1643,82,553,0,0
"923","2015",4016,"EYKT","3A",185,"Fairweather","Standard Grid","8-Jun-15","Y",58.3333,-138.1497,70,645,0,0
"924","2015",4024,"EYKT","3A",190,"Fairweather","Standard Grid","9-Jun-15","Y",58.5,-138.4737,64,436,0.0441785824390244,0.175011059107846
"925","2015",4023,"EYKT","3A",190,"Fairweather","Standard Grid","9-Jun-15","Y",58.5,-138.1438,75,570,0.00258760268571429,0.0102506477477453
"926","2015",4029,"EYKT","3A",190,"Fairweather","Standard Grid","9-Jun-15","Y",58.667,-138.1348,51,667,0.0110087101440922,0.0436104083780424
"927","2015",4030,"EYKT","3A",190,"Fairweather","Standard Grid","10-Jun-15","Y",58.65,-138.4157,73,464,0,0
"928","2015",4037,"EYKT","3A",190,"Fairweather","Standard Grid","10-Jun-15","Y",58.8183,-138.4012,40,553,0.023321740944206,0.0923878123187342
"929","2015",4036,"EYKT","3A",190,"Fairweather","Standard Grid","10-Jun-15","Y",58.8157,-138.0833,29,641,0.00256925089361702,0.0101779481183286
"930","2015",4026,"EYKT","3A",190,"Fairweather","Standard Grid","11-Jun-15","Y",58.5002,-139.0378,57,436,0.00246096479399142,0.00974897860559491
"931","2015",4032,"EYKT","3A",190,"Fairweather","Standard Grid","11-Jun-15","Y",58.667,-139.0963,80,531,0.00218799018025751,0.0086676044731165
"932","2015",4031,"EYKT","3A",190,"Fairweather","Standard Grid","11-Jun-15","Y",58.6668,-138.765,56,655,0.0320018905899281,0.126773754529739
"933","2015",4034,"EYKT","3A",190,"Fairweather","Standard Grid","12-Jun-15","Y",58.6668,-139.733,104,685,0.00137239463323782,0.00543666693263369
"934","2015",4041,"EYKT","3A",200,"Fairweather","Standard Grid","13-Jun-15","Y",58.8333,-139.7323,88,430,0.000652918623209169,0.00258650172664066
"935","2015",4047,"EYKT","3A",200,"Fairweather","Standard Grid","13-Jun-15","Y",59,-139.7168,67,529,0.000990498667617689,0.00392380677003248
"936","2015",4046,"EYKT","3A",190,"Fairweather","Standard Grid","13-Jun-15","Y",59.0002,-139.3985,60,650,0,0
"937","2015",4049,"EYKT","3A",200,"Fairweather","Standard Grid","16-Jun-15","Y",59.1665,-139.3192,55,442,0,0
"938","2015",4048,"EYKT","3A",190,"Fairweather","Standard Grid","16-Jun-15","Y",59.1658,-139.0022,29,489,0,0
"939","2015",4045,"EYKT","3A",190,"Fairweather","Standard Grid","16-Jun-15","Y",59.0002,-139.0052,56,598,0,0
"940","2015",4043,"EYKT","3A",190,"Fairweather","Standard Grid","17-Jun-15","Y",59.0003,-138.367,34,440,0,0
"941","2015",4044,"EYKT","3A",190,"Fairweather","Standard Grid","17-Jun-15","Y",59.0002,-138.6862,86,543,0,0
"942","2015",4038,"EYKT","3A",190,"Fairweather","Standard Grid","17-Jun-15","Y",58.8333,-138.6993,66,630,0,0
"943","2015",4020,"EYKT","3A",190,"Fairweather","Standard Grid","18-Jun-15","Y",58.3333,-139.4323,149,469,0,0
"944","2015",4027,"EYKT","3A",190,"Fairweather","Standard Grid","18-Jun-15","Y",58.5,-139.3567,93,572,0.0579561742346209,0.229590242028233
"945","2015",4028,"EYKT","3A",190,"Fairweather","Standard Grid","18-Jun-15","Y",58.5,-139.6693,136,702,0,0
"946","2015",4039,"EYKT","3A",190,"Fairweather","Standard Grid","19-Jun-15","Y",58.8335,-139.0175,105,455,0,0
"947","2015",4040,"EYKT","3A",190,"Fairweather","Standard Grid","19-Jun-15","Y",58.8335,-139.3328,75,549,0.00525147913304721,0.0208034498668183
"948","2015",4033,"EYKT","3A",190,"Fairweather","Standard Grid","19-Jun-15","Y",58.6668,-139.3617,138,656,0,0
"949","2015",4025,"EYKT","3A",190,"Fairweather","Standard Grid","20-Jun-15","Y",58.5003,-138.7825,53,446,0.0313387154253201,0.124146622070425
"950","2015",4018,"EYKT","3A",190,"Fairweather","Standard Grid","20-Jun-15","Y",58.3333,-138.7372,64,537,0.0381867241836442,0.151274637488942
"951","2015",4019,"EYKT","3A",190,"Fairweather","Standard Grid","20-Jun-15","Y",58.3335,-139.0492,61,640,0.0840590319527221,0.332995297663313
"952","2015",4005,"EYKT","3A",185,"Fairweather","Standard Grid","21-Jun-15","Y",58.0002,-137.8003,101,470,0.00183599410744986,0.00727319111481341
"953","2015",4004,"EYKT","3A",185,"Fairweather","Standard Grid","21-Jun-15","Y",58,-137.485,90,605,0.0285861415781923,0.113242450010959
"954","2015",4008,"EYKT","3A",185,"Fairweather","Standard Grid","21-Jun-15","Y",58.1665,-137.4717,78,705,0,0
"955","2015",3089,"CSEO","2C",160,"Sitka","Standard Grid","3-Jul-15","Y",56.833,-135.898,103,425,0.0185104512758621,0.0642821188153619
"956","2015",3087,"CSEO","2C",160,"Sitka","Standard Grid","3-Jul-15","Y",56.6667,-135.8947,130,531,0.00322754994563662,0.0112084652068141
"957","2015",3086,"CSEO","2C",160,"Sitka","Standard Grid","3-Jul-15","Y",56.6667,-135.5977,73,642,0.0812228484054441,0.282066423660313
"958","2015",3085,"CSEO","2C",160,"Sitka","Standard Grid","4-Jul-15","Y",56.6822,-135.251,26,444,0.00356820224856322,0.0123914645559445
"959","2015",3083,"CSEO","2C",160,"Sitka","Standard Grid","4-Jul-15","Y",56.5003,-135.2853,59,548,0.00566026589541547,0.0196566728381231
"960","2015",3084,"CSEO","2C",160,"Sitka","Standard Grid","4-Jul-15","Y",56.5002,-135.5833,86,628,0.115840885179856,0.402286115764155
"961","2015",3079,"CSEO","2C",160,"Ommaney","Standard Grid","5-Jul-15","Y",56.333,-135.207,87,572,0.0250950460229885,0.0871487521338992
"962","2015",3075,"CSEO","2C",160,"Ommaney","Standard Grid","5-Jul-15","Y",56.1665,-135.2553,153,652,0,0
"963","2015",3078,"CSEO","2C",160,"Ommaney","Standard Grid","6-Jul-15","Y",56.3453,-134.933,69,469,0.0360059621747851,0.125039606225006
"964","2015",3074,"CSEO","2C",160,"Ommaney","Standard Grid","6-Jul-15","Y",56.1853,-134.9355,103,597,0,0
"965","2015",4057,"EYKT","3A",200,"Yakutat","Standard Grid","17-Jul-15","Y",59.1673,-139.648,71,508,0,0
"966","2015",4065,"EYKT","3A",200,"Yakutat","Standard Grid","17-Jul-15","Y",59.3132,-139.9977,87,628,0,0
"967","2015",4064,"EYKT","3A",200,"Yakutat","Standard Grid","17-Jul-15","Y",59.3158,-139.667,84,682,0,0
"968","2015",4058,"EYKT","3A",200,"Yakutat","Standard Grid","18-Jul-15","Y",59.166,-139.9645,64,444,0,0
"969","2015",4072,"EYKT","3A",200,"Yakutat","Standard Grid","25-Jul-15","Y",59.5173,-140.0002,59,560,0,0
"970","2015",3055,"SSEO","2C",151,"Ommaney","Standard Grid","10-Jul-15","Y",55.6668,-134.0513,107,499,0.0361272478273381,0.127706266510373
"971","2015",3056,"SSEO","2C",150,"Ommaney","Standard Grid","10-Jul-15","Y",55.6665,-134.3427,115,569,0,0
"972","2015",3052,"SSEO","2C",150,"Ommaney","Standard Grid","10-Jul-15","Y",55.5,-134.348,93,681,0.00517520537142857,0.0182938417996361
"973","2015",3051,"SSEO","2C",151,"Ommaney","Standard Grid","10-Jul-15","Y",55.5,-134.0448,50,799,0.0203130987817404,0.0718048055880265
"974","2015",3044,"SSEO","2C",140,"Ommaney","Standard Grid","11-Jul-15","Y",55.001,-134.2758,118,484,0.00197643734477825,0.00698651155215613
"975","2015",3043,"SSEO","2C",140,"Ommaney","Standard Grid","11-Jul-15","Y",55,-134.0448,83,589,0.0705779790487106,0.249486211771096
"976","2015",3046,"SSEO","2C",150,"Ommaney","Standard Grid","11-Jul-15","Y",55.1667,-134.045,94,719,0.0164652822108262,0.0582031525964485
"977","2015",3047,"SSEO","2C",151,"Ommaney","Standard Grid","12-Jul-15","Y",55.3333,-133.7113,41,427,0.00446488355747126,0.0157829240758476
"978","2015",3045,"SSEO","2C",141,"Ommaney","Standard Grid","12-Jul-15","Y",55.1667,-133.7473,87,531,0,0
"979","2015",3048,"SSEO","2C",150,"Ommaney","Standard Grid","12-Jul-15","Y",55.3333,-134.0442,66,611,0,0
"980","2015",3054,"SSEO","2C",150,"Ommaney","Standard Grid","13-Jul-15","Y",55.5,-134.9338,157,437,0,0
"981","2015",3050,"SSEO","2C",150,"Ommaney","Standard Grid","14-Jul-15","Y",55.334,-134.6332,111,549,0.0168538804152299,0.0595768090148451
"982","2015",3049,"SSEO","2C",150,"Ommaney","Standard Grid","14-Jul-15","Y",55.3333,-134.349,102,659,0.0807566757183499,0.285466903016488
"983","2015",3034,"SSEO","2C",141,"Ketchikan","Standard Grid","17-Jul-15","Y",55.1648,-133.4018,47,403,0.0330671190857143,0.116889012494745
"984","2015",3029,"SSEO","2C",141,"Ketchikan","Standard Grid","17-Jul-15","Y",54.9998,-133.4135,53,507,0.0501772412571429,0.17737161090613
"985","2015",3030,"SSEO","2C",140,"Ketchikan","Standard Grid","17-Jul-15","Y",54.9998,-133.684,56,625,0,0
"986","2015",3025,"SSEO","2C",140,"Ketchikan","Standard Grid","18-Jul-15","Y",54.8352,-133.6717,73,427,0.0646900671428571,0.228673022495451
"987","2015",3026,"SSEO","2C",140,"Ketchikan","Standard Grid","18-Jul-15","Y",54.835,-133.9772,104,541,0.00436144435251799,0.0154172766637193
"988","2015",3019,"SSEO","2C",140,"Ketchikan","Standard Grid","18-Jul-15","Y",54.6693,-134.0233,121,655,0,0
"989","2015",3018,"SSEO","2C",140,"Ketchikan","Standard Grid","19-Jul-15","Y",54.6687,-133.7493,132,442,0,0
"990","2015",3017,"SSEO","2C",141,"Ketchikan","Standard Grid","19-Jul-15","Y",54.6887,-133.4122,153,558,0,0
"991","2015",3024,"SSEO","2C",141,"Ketchikan","Standard Grid","19-Jul-15","Y",54.8322,-133.4575,66,651,0,0
"992","2015",3023,"SSEO","2C",141,"Ketchikan","Standard Grid","20-Jul-15","Y",54.8423,-133.1068,104,456,0.00400264805714286,0.0141489670615293
"993","2015",3016,"SSEO","2C",141,"Ketchikan","Standard Grid","20-Jul-15","Y",54.6683,-133.1277,125,579,0.0501979368785714,0.177444767891639
"994","2015",3015,"SSEO","2C",141,"Ketchikan","Standard Grid","20-Jul-15","Y",54.6693,-132.8292,75,658,0.0836287354285714,0.295619351510217
"995","2015",3007,"SSEO","2C",140,"Ketchikan","Standard Grid","21-Jul-15","Y",54.4995,-133.7578,139,470,0,0
"996","2015",3006,"SSEO","2C",140,"Ketchikan","Standard Grid","21-Jul-15","Y",54.4912,-133.4827,160,643,0,0
"997","2015",3005,"SSEO","2C",142,"Ketchikan","Standard Grid","21-Jul-15","Y",54.5015,-133.1475,115,741,0,0
"998","2015",3070,"CSEO","2C",160,"Ommaney","Standard Grid","17-Jul-15","Y",56,-135.1898,200,470,0,0
"999","2015",3064,"SSEO","2C",150,"Ommaney","Standard Grid","17-Jul-15","Y",55.8333,-135.1782,122,641,0.0424080314857143,0.149908218776541
"1000","2015",3063,"SSEO","2C",150,"Ommaney","Standard Grid","17-Jul-15","Y",55.8333,-134.9535,102,784,0.00781891237142857,0.0276390859303517
"1001","2015",3069,"SSEO","2C",160,"Ommaney","Standard Grid","18-Jul-15","Y",55.9997,-134.8685,188,498,0,0
"1002","2015",3068,"CSEO","2C",150,"Ommaney","Standard Grid","18-Jul-15","Y",56,-134.6142,207,616,0,0
"1003","2015",3062,"SSEO","2C",150,"Ommaney","Standard Grid","18-Jul-15","Y",55.8333,-134.5962,82,748,0.0249947397428571,0.0883539457590038
"1004","2015",3116,"NSEO","2C",181,"Sitka","Standard Grid","25-Jun-15","Y",58.1518,-136.6245,146,594,0,0
"1005","2015",3113,"NSEO","2C",181,"Sitka","Extra Station","25-Jun-15","Y",58.0002,-136.6925,54,694,0.0430473292051282,0.170023153139357
"1006","2015",3110,"NSEO","2C",181,"Sitka","Standard Grid","27-Jun-15","Y",57.8333,-136.5432,55,549,0.0198640017403156,0.0784564402070223
"1007","2015",3106,"NSEO","2C",170,"Sitka","Standard Grid","28-Jun-15","Y",57.5,-136.205,56,429,0.0102276697931034,0.040396017583466
"1008","2015",3103,"CSEO","2C",170,"Sitka","Standard Grid","28-Jun-15","Y",57.3332,-136.1838,96,543,0.0553784844610778,0.192315479773515
"1009","2015",3102,"CSEO","2C",170,"Sitka","Standard Grid","28-Jun-15","Y",57.3162,-135.916,55,636,0.00920294586781609,0.03195950497964
"1010","2015",3097,"CSEO","2C",170,"Sitka","Standard Grid","29-Jun-15","Y",57.1665,-135.8738,40,403,0.0262350932606838,0.0911078480466075
"1011","2015",3098,"CSEO","2C",170,"Sitka","Standard Grid","29-Jun-15","Y",57.1667,-136.161,116,504,0.011372010971223,0.0394921198585264
"1012","2015",3092,"CSEO","2C",170,"Sitka","Standard Grid","29-Jun-15","Y",56.9997,-136.0373,56,615,0.109342700528736,0.379719562869132
"1013","2014",4065,"EYKT","3A",200,"Yakutat","Standard Grid","9-Jun-14","Y",59.324,-139.9655,89,410,0,0
"1014","2014",4064,"EYKT","3A",200,"Yakutat","Standard Grid","9-Jun-14","Y",59.3248,-139.6383,83,478,0,0
"1015","2014",4057,"EYKT","3A",200,"Yakutat","Standard Grid","9-Jun-14","Y",59.16,-139.6535,70,589,0.00639001537857143,0.0235691331933936
"1016","2014",4058,"EYKT","3A",200,"Yakutat","Standard Grid","10-Jun-14","Y",59.1585,-139.9715,63,402,0,0
"1017","2014",4013,"EYKT","3A",185,"Fairweather","Standard Grid","2-Jun-14","Y",58.3333,-137.1953,94,446,0,0
"1018","2014",4014,"EYKT","3A",185,"Fairweather","Standard Grid","2-Jun-14","Y",58.3332,-137.5142,103,521,0,0
"1019","2014",4021,"EYKT","3A",185,"Fairweather","Standard Grid","2-Jun-14","Y",58.4845,-137.5255,79,603,0,0
"1020","2014",4023,"EYKT","3A",190,"Fairweather","Standard Grid","3-Jun-14","Y",58.5,-138.1425,75,471,0,0
"1021","2014",4016,"EYKT","3A",185,"Fairweather","Standard Grid","3-Jun-14","Y",58.3332,-138.1392,71,555,0,0
"1022","2014",4015,"EYKT","3A",185,"Fairweather","Standard Grid","3-Jun-14","Y",58.3333,-137.8377,95,656,0,0
"1023","2014",4022,"EYKT","3A",185,"Fairweather","Standard Grid","3-Jun-14","Y",58.5,-137.8223,85,751,0,0
"1024","2014",4037,"EYKT","3A",190,"Fairweather","Standard Grid","4-Jun-14","Y",58.8335,-138.4337,40,469,0.00781891237142857,0.0288395216899888
"1025","2014",4030,"EYKT","3A",190,"Fairweather","Standard Grid","4-Jun-14","Y",58.6668,-138.4387,74,555,0,0
"1026","2014",4029,"EYKT","3A",190,"Fairweather","Standard Grid","4-Jun-14","Y",58.667,-138.1298,52,654,0.0196168654100719,0.0723554618095811
"1027","2014",4036,"EYKT","3A",190,"Fairweather","Standard Grid","4-Jun-14","Y",58.8332,-138.1348,32,734,0,0
"1028","2014",4025,"EYKT","3A",190,"Fairweather","Standard Grid","5-Jun-14","Y",58.4993,-138.7798,53,475,0.0088259425,0.0325538832093137
"1029","2014",4018,"EYKT","3A",190,"Fairweather","Standard Grid","5-Jun-14","Y",58.3338,-138.7973,63,587,0.00702118711428571,0.0258971668248683
"1030","2014",4017,"EYKT","3A",190,"Fairweather","Standard Grid","5-Jun-14","Y",58.3333,-138.4673,72,681,0,0
"1031","2014",4024,"EYKT","3A",190,"Fairweather","Standard Grid","5-Jun-14","Y",58.4998,-138.4667,64,777,0.0513850178723404,0.189530111999333
"1032","2014",4034,"EYKT","3A",190,"Fairweather","Standard Grid","6-Jun-14","Y",58.6663,-139.6702,104,538,0,0
"1033","2014",4028,"EYKT","3A",190,"Fairweather","Standard Grid","6-Jun-14","Y",58.4997,-139.6712,135,656,0,0
"1034","2014",4041,"EYKT","3A",200,"Fairweather","Standard Grid","7-Jun-14","Y",58.8335,-139.6877,90,538,0,0
"1035","2014",4047,"EYKT","3A",200,"Fairweather","Standard Grid","7-Jun-14","Y",58.9995,-139.6553,68,647,0,0
"1036","2014",4043,"EYKT","3A",190,"Fairweather","Standard Grid","8-Jun-14","Y",58.9812,-138.4008,34,445,0,0
"1037","2014",4044,"EYKT","3A",190,"Fairweather","Standard Grid","8-Jun-14","Y",58.9835,-138.7112,88,537,0,0
"1038","2014",4038,"EYKT","3A",190,"Fairweather","Standard Grid","8-Jun-14","Y",58.8533,-138.7153,70,564,0,0
"1039","2014",4048,"EYKT","3A",190,"Fairweather","Standard Grid","11-Jun-14","Y",59.1667,-139.0037,29,431,0,0
"1040","2014",4049,"EYKT","3A",200,"Fairweather","Standard Grid","11-Jun-14","Y",59.1672,-139.3163,54,530,0,0
"1041","2014",4046,"EYKT","3A",190,"Fairweather","Standard Grid","11-Jun-14","Y",59.0002,-139.393,60,614,0,0
"1042","2014",4045,"EYKT","3A",190,"Fairweather","Standard Grid","11-Jun-14","Y",59.0002,-139.0722,56,754,0,0
"1043","2014",4033,"EYKT","3A",190,"Fairweather","Standard Grid","12-Jun-14","Y",58.6667,-139.4185,138,463,0,0
"1044","2014",4040,"EYKT","3A",190,"Fairweather","Standard Grid","12-Jun-14","Y",58.8333,-139.3965,74,559,0.00316079175714286,0.0116583634791401
"1045","2014",4039,"EYKT","3A",190,"Fairweather","Standard Grid","12-Jun-14","Y",58.8328,-139.0825,105,696,0,0
"1046","2014",4031,"EYKT","3A",190,"Fairweather","Standard Grid","13-Jun-14","Y",58.6815,-138.7325,56,434,0.0376914315714286,0.139022258684342
"1047","2014",4032,"EYKT","3A",190,"Fairweather","Standard Grid","13-Jun-14","Y",58.6772,-139.0665,78,524,0,0
"1048","2014",4026,"EYKT","3A",190,"Fairweather","Standard Grid","13-Jun-14","Y",58.4908,-139.068,57,611,0.00942285789285714,0.0347555646710854
"1049","2014",4019,"EYKT","3A",190,"Fairweather","Standard Grid","14-Jun-14","Y",58.317,-139.0863,61,434,0.151725825,0.559630292955882
"1050","2014",4020,"EYKT","3A",190,"Fairweather","Standard Grid","14-Jun-14","Y",58.3207,-139.4008,147,570,0,0
"1051","2014",4027,"EYKT","3A",190,"Fairweather","Standard Grid","14-Jun-14","Y",58.4737,-139.3832,94,713,0.0318060236142857,0.117314335334966
"1052","2014",4011,"EYKT","3A",185,"Fairweather","Standard Grid","15-Jun-14","Y",58.149,-138.4503,89,608,0.108310538885714,0.399495989603759
"1053","2014",4010,"EYKT","3A",185,"Fairweather","Standard Grid","15-Jun-14","Y",58.1487,-138.134,80,706,0,0
"1054","2014",4007,"EYKT","3A",185,"Fairweather","Standard Grid","16-Jun-14","Y",58.1668,-137.2045,67,416,0,0
"1055","2014",4006,"NSEO","3A",185,"Fairweather","Standard Grid","16-Jun-14","Y",58.1668,-136.889,107,516,0,0
"1056","2014",3116,"NSEO","2C",181,"Sitka","Standard Grid","22-Jun-14","Y",58.1523,-136.5735,130,812,0.00627979616428571,0.0220148817329819
"1057","2014",3113,"NSEO","2C",181,"Sitka","Extra Station","22-Jun-14","Y",57.9995,-136.6967,57,497,0.0347522655539568,0.121829912326551
"1058","2014",4008,"EYKT","3A",185,"Fairweather","Standard Grid","23-Jun-14","Y",58.1672,-137.4703,77,455,0,0
"1059","2014",4009,"EYKT","3A",185,"Fairweather","Standard Grid","23-Jun-14","Y",58.1667,-137.7882,84,557,0,0
"1060","2014",4005,"EYKT","3A",185,"Fairweather","Standard Grid","23-Jun-14","Y",58.0005,-137.8018,100,662,0.0258760268571429,0.0954419492568067
"1061","2014",4004,"EYKT","3A",185,"Fairweather","Standard Grid","24-Jun-14","Y",58.0005,-137.4838,88,516,0.0388140402857143,0.14316292388521
"1062","2014",4003,"EYKT","3A",185,"Fairweather","Standard Grid","24-Jun-14","Y",57.9993,-137.2343,108,636,0,0
"1063","2014",3110,"NSEO","2C",181,"Sitka","Standard Grid","25-Jun-14","Y",57.8125,-136.5658,52,579,0.0483448143,0.169480878260088
"1064","2014",3108,"NSEO","2C",170,"Sitka","Standard Grid","25-Jun-14","Y",57.6533,-136.5488,88,650,0,0
"1065","2014",3106,"NSEO","2C",170,"Sitka","Standard Grid","26-Jun-14","Y",57.5,-136.204,55,413,0.0130138638,0.0456222885187742
"1066","2014",3103,"CSEO","2C",170,"Sitka","Standard Grid","26-Jun-14","Y",57.3332,-136.245,95,510,0.0565371473571429,0.192429744824855
"1067","2014",3102,"CSEO","2C",170,"Sitka","Standard Grid","26-Jun-14","Y",57.3167,-135.9158,49,605,0.0248352285357143,0.0845291443447877
"1068","2014",3098,"CSEO","2C",170,"Sitka","Standard Grid","29-Jun-14","Y",57.1667,-136.1638,115,512,0.02982230955,0.101503165353271
"1069","2014",3092,"CSEO","2C",170,"Sitka","Standard Grid","29-Jun-14","Y",57,-135.9757,57,616,0.06841698255,0.232863932992894
"1070","2014",3089,"CSEO","2C",160,"Sitka","Standard Grid","30-Jun-14","Y",56.8192,-135.868,103,466,0.0258760268571429,0.0880716038562567
"1071","2014",3087,"CSEO","2C",160,"Sitka","Standard Grid","30-Jun-14","Y",56.6498,-135.8672,134,549,0.0129380134285714,0.0440358019281284
"1072","2014",3086,"CSEO","2C",160,"Sitka","Standard Grid","30-Jun-14","Y",56.6482,-135.5678,75,645,0.137024542642857,0.46637651540755
"1073","2014",3085,"CSEO","2C",160,"Sitka","Standard Grid","1-Jul-14","Y",56.6815,-135.25,25,408,0.0105455694428571,0.0358928833834311
"1074","2014",3083,"CSEO","2C",160,"Sitka","Standard Grid","1-Jul-14","Y",56.4997,-135.2218,60,504,0,0
"1075","2014",3084,"CSEO","2C",160,"Sitka","Standard Grid","1-Jul-14","Y",56.5,-135.5193,86,607,0.159030118071429,0.541274656937309
"1076","2014",3080,"CSEO","2C",160,"Ommaney","Standard Grid","2-Jul-14","Y",56.334,-135.4973,111,449,0,0
"1077","2014",3079,"CSEO","2C",160,"Ommaney","Standard Grid","2-Jul-14","Y",56.3337,-135.2107,88,529,0.0138128040857143,0.0470132380174627
"1078","2014",3075,"CSEO","2C",160,"Ommaney","Standard Grid","2-Jul-14","Y",56.1663,-135.2073,155,638,0,0
"1079","2014",3078,"CSEO","2C",160,"Ommaney","Standard Grid","3-Jul-14","Y",56.348,-134.9342,63,455,0.0195585006043165,0.0665692815498926
"1080","2014",3074,"CSEO","2C",160,"Ommaney","Standard Grid","3-Jul-14","Y",56.1662,-134.9083,102,575,0,0
"1081","2014",3070,"CSEO","2C",160,"Ommaney","Standard Grid","4-Jul-14","Y",56,-135.2482,202,460,0,0
"1082","2014",3064,"SSEO","2C",150,"Ommaney","Standard Grid","4-Jul-14","Y",55.8332,-135.1765,122,595,0.0216751178571429,0.0766194090105418
"1083","2014",3063,"SSEO","2C",150,"Ommaney","Standard Grid","4-Jul-14","Y",55.8333,-134.9533,103,698,0,0
"1084","2014",3052,"SSEO","2C",150,"Ommaney","Standard Grid","7-Jul-14","Y",55.5003,-134.2877,92,480,0.00595489912056738,0.0210499824887877
"1085","2014",3056,"SSEO","2C",150,"Ommaney","Standard Grid","7-Jul-14","Y",55.6668,-134.3417,115,591,0,0
"1086","2014",3055,"SSEO","2C",151,"Ommaney","Standard Grid","7-Jul-14","Y",55.6668,-134.049,106,732,0.0130310926618705,0.0460636304307383
"1087","2014",3051,"SSEO","2C",151,"Ommaney","Standard Grid","7-Jul-14","Y",55.4988,-134.043,51,822,0.0129380134285714,0.0457346044990902
"1088","2014",3044,"SSEO","2C",140,"Ommaney","Standard Grid","8-Jul-14","Y",55,-134.3282,117,452,0.00426909348666667,0.0150908254393349
"1089","2014",3043,"SSEO","2C",140,"Ommaney","Standard Grid","8-Jul-14","Y",55,-134.0417,83,571,0.0801851484,0.283446610178683
"1090","2014",3046,"SSEO","2C",150,"Ommaney","Standard Grid","8-Jul-14","Y",55.1665,-134.0472,94,684,0.0115092010142857,0.0406838931954181
"1091","2014",3045,"SSEO","2C",141,"Ommaney","Standard Grid","9-Jul-14","Y",55.1667,-133.6895,86,441,0,0
"1092","2014",3047,"SSEO","2C",151,"Ommaney","Standard Grid","9-Jul-14","Y",55.3333,-133.7067,41,541,0,0
"1093","2014",3048,"SSEO","2C",150,"Ommaney","Standard Grid","9-Jul-14","Y",55.3338,-134.0448,65,618,0,0
"1094","2014",3049,"SSEO","2C",150,"Ommaney","Standard Grid","10-Jul-14","Y",55.3335,-134.2878,101,425,0.0766203650642857,0.270845451825902
"1095","2014",3050,"SSEO","2C",150,"Ommaney","Standard Grid","10-Jul-14","Y",55.3333,-134.5725,111,534,0.0805644071,0.284787252367927
"1096","2014",3053,"SSEO","2C",150,"Ommaney","Standard Grid","10-Jul-14","Y",55.4998,-134.6445,111,668,0,0
"1097","2014",3054,"SSEO","2C",150,"Ommaney","Standard Grid","11-Jul-14","Y",55.4998,-134.8713,157,465,0,0
"1098","2014",3058,"SSEO","2C",150,"Ommaney","Standard Grid","11-Jul-14","Y",55.6665,-134.8898,109,581,0.106020078714286,0.374770546941352
"1099","2014",3057,"SSEO","2C",150,"Ommaney","Standard Grid","11-Jul-14","Y",55.6667,-134.6478,111,729,0,0
"1100","2014",3005,"SSEO","2C",142,"Ketchikan","Standard Grid","4-Jul-14","Y",54.4877,-133.1502,117,632,0,0
"1101","2014",3015,"SSEO","2C",141,"Ketchikan","Standard Grid","5-Jul-14","Y",54.6677,-132.8768,74,415,0.0205106370285714,0.0725030838547897
"1102","2014",3007,"SSEO","2C",140,"Ketchikan","Standard Grid","4-Jul-14","Y",54.514,-133.7498,139,444,0,0
"1103","2014",3006,"SSEO","2C",140,"Ketchikan","Standard Grid","4-Jul-14","Y",54.4837,-133.441,164,548,0,0
"1104","2014",3018,"SSEO","2C",140,"Ketchikan","Standard Grid","10-Jul-14","Y",54.6838,-133.703,133,463,0,0
"1105","2014",3019,"SSEO","2C",140,"Ketchikan","Standard Grid","10-Jul-14","Y",54.6492,-134.0045,121,570,0,0
"1106","2014",3026,"SSEO","2C",140,"Ketchikan","Standard Grid","10-Jul-14","Y",54.8168,-134.0203,105,662,0.0100377281428571,0.0354823813731076
"1107","2014",3025,"SSEO","2C",140,"Ketchikan","Standard Grid","10-Jul-14","Y",54.8162,-133.7227,76,767,0.0530100393571429,0.187385273470676
"1108","2014",3030,"SSEO","2C",140,"Ketchikan","Standard Grid","11-Jul-14","Y",54.9835,-133.7087,56,407,0.0129380134285714,0.0457346044990902
"1109","2014",3029,"SSEO","2C",141,"Ketchikan","Standard Grid","11-Jul-14","Y",54.9823,-133.4328,54,506,0.1391707779,0.491955006866152
"1110","2014",3034,"SSEO","2C",141,"Ketchikan","Standard Grid","11-Jul-14","Y",55.148,-133.4327,38,617,0.0598311230714286,0.211497133274371
"1111","2014",3023,"SSEO","2C",141,"Ketchikan","Standard Grid","12-Jul-14","Y",54.832,-133.1205,105,456,0.0256382962857143,0.0906288548184871
"1112","2014",3024,"SSEO","2C",141,"Ketchikan","Standard Grid","12-Jul-14","Y",54.8328,-133.4048,64,561,0.0636120472285714,0.224862328164811
"1113","2014",3017,"SSEO","2C",141,"Ketchikan","Standard Grid","12-Jul-14","Y",54.6847,-133.4232,162,709,0,0
"1114","2014",3016,"SSEO","2C",141,"Ketchikan","Standard Grid","12-Jul-14","Y",54.6505,-133.1603,130,1323,0.0690552060857143,0.244103359172509
"1115","2014",3062,"SSEO","2C",150,"Ommaney","Standard Grid","14-Jul-14","Y",55.8333,-134.5895,83,435,0.0235754969428571,0.0833370621002775
"1116","2014",3068,"SSEO","2C",150,"Ommaney","Standard Grid","14-Jul-14","Y",55.9992,-134.6053,207,563,0,0
"1117","2014",3069,"CSEO","2C",160,"Ommaney","Standard Grid","14-Jul-14","Y",56,-134.8768,192,735,0,0
"1118","2013",4006,"NSEO","3A",185,"Fairweather","Standard Grid","26-May-13","Y",58.1668,-136.8918,108,411,0,0
"1119","2013",4007,"EYKT","3A",185,"Fairweather","Standard Grid","26-May-13","Y",58.1665,-137.1575,65,536,0.008497196225,0.034529696508341
"1120","2013",4013,"EYKT","3A",185,"Fairweather","Standard Grid","26-May-13","Y",58.3333,-137.1382,92,658,0,0
"1121","2013",4014,"EYKT","3A",185,"Fairweather","Standard Grid","27-May-13","Y",58.333,-137.4618,103,471,0,0
"1122","2013",4015,"EYKT","3A",185,"Fairweather","Standard Grid","27-May-13","Y",58.3332,-137.7647,95,576,0,0
"1123","2013",4022,"EYKT","3A",185,"Fairweather","Standard Grid","27-May-13","Y",58.5,-137.8125,85,666,0,0
"1124","2013",4021,"EYKT","3A",185,"Fairweather","Standard Grid","27-May-13","Y",58.5,-137.4957,37,773,0,0
"1125","2013",4024,"EYKT","3A",190,"Fairweather","Standard Grid","28-May-13","Y",58.5,-138.4632,65,458,0.0299392046280992,0.121662678151155
"1126","2013",4017,"EYKT","3A",190,"Fairweather","Standard Grid","28-May-13","Y",58.333,-138.4548,72,557,0,0
"1127","2013",4016,"EYKT","3A",185,"Fairweather","Standard Grid","28-May-13","Y",58.3333,-138.157,71,650,0,0
"1128","2013",4023,"EYKT","3A",190,"Fairweather","Standard Grid","28-May-13","Y",58.5,-138.1468,72,756,0,0
"1129","2013",4037,"EYKT","3A",190,"Fairweather","Standard Grid","29-May-13","Y",58.8332,-138.3807,41,488,0,0
"1130","2013",4038,"EYKT","3A",190,"Fairweather","Standard Grid","29-May-13","Y",58.8333,-138.7068,67,581,0,0
"1131","2013",4044,"EYKT","3A",190,"Fairweather","Standard Grid","29-May-13","Y",58.9995,-138.693,87,653,0,0
"1132","2013",4043,"EYKT","3A",190,"Fairweather","Standard Grid","29-May-13","Y",59,-138.4348,33,729,0,0
"1133","2013",4036,"EYKT","3A",190,"Fairweather","Standard Grid","30-May-13","Y",58.8338,-138.0627,30,521,0,0
"1134","2013",4029,"EYKT","3A",190,"Fairweather","Standard Grid","30-May-13","Y",58.6672,-138.0795,51,603,0.017753290275,0.072143293974623
"1135","2013",4030,"EYKT","3A",190,"Fairweather","Standard Grid","30-May-13","Y",58.6667,-138.3912,73,689,0,0
"1136","2013",4031,"EYKT","3A",190,"Fairweather","Standard Grid","30-May-13","Y",58.6663,-138.705,55,790,0.031960873925,0.129878050070757
"1137","2013",4039,"EYKT","3A",190,"Fairweather","Standard Grid","31-May-13","Y",58.8332,-139.0255,105,459,0,0
"1138","2013",4032,"EYKT","3A",190,"Fairweather","Standard Grid","31-May-13","Y",58.6667,-139.0363,84,554,0,0
"1139","2013",4033,"EYKT","3A",190,"Fairweather","Standard Grid","31-May-13","Y",58.6665,-139.3513,139,668,0,0
"1140","2013",4040,"EYKT","3A",190,"Fairweather","Standard Grid","31-May-13","Y",58.8333,-139.3957,75,778,0.0039758311,0.0161564164950685
"1141","2013",4045,"EYKT","3A",190,"Fairweather","Standard Grid","3-Jun-13","Y",59,-139.0052,57,472,0,0
"1142","2013",4046,"EYKT","3A",190,"Fairweather","Standard Grid","3-Jun-13","Y",59,-139.3383,60,616,0,0
"1143","2013",4049,"EYKT","3A",200,"Fairweather","Standard Grid","3-Jun-13","Y",59.1652,-139.3222,55,641,0,0
"1144","2013",4048,"EYKT","3A",190,"Fairweather","Standard Grid","3-Jun-13","Y",59.167,-139.0085,31,704,0,0
"1145","2013",4041,"EYKT","3A",200,"Fairweather","Standard Grid","4-Jun-13","Y",58.8333,-139.6707,88,475,0,0
"1146","2013",4034,"EYKT","3A",190,"Fairweather","Standard Grid","4-Jun-13","Y",58.6665,-139.6757,103,582,0,0
"1147","2013",4047,"EYKT","3A",200,"Fairweather","Standard Grid","5-Jun-13","Y",59.0002,-139.6657,67,826,0,0
"1148","2013",4057,"EYKT","3A",200,"Yakutat","Standard Grid","6-Jun-13","Y",59.1668,-139.651,71,467,0,0
"1149","2013",4065,"EYKT","3A",200,"Yakutat","Standard Grid","6-Jun-13","Y",59.3333,-139.971,88,653,0,0
"1150","2013",4064,"EYKT","3A",200,"Yakutat","Standard Grid","6-Jun-13","Y",59.3332,-139.6435,87,722,0,0
"1151","2013",3015,"SSEO","2C",141,"Ketchikan","Standard Grid","5-Jun-13","Y",54.6628,-132.8727,74,592,0,0
"1152","2013",3029,"SSEO","2C",141,"Ketchikan","Standard Grid","6-Jun-13","Y",54.9982,-133.4088,48,434,0.0278503663666667,0.0984483049091181
"1153","2013",3030,"SSEO","2C",140,"Ketchikan","Standard Grid","6-Jun-13","Y",54.9978,-133.6918,57,539,0,0
"1154","2013",3045,"SSEO","2C",141,"Ommaney","Standard Grid","6-Jun-13","Y",55.1672,-133.7417,86,661,0,0
"1155","2013",3034,"SSEO","2C",141,"Ketchikan","Standard Grid","6-Jun-13","Y",55.1655,-133.4602,42,760,0.0691842531,0.244559527671075
"1156","2013",3046,"SSEO","2C",150,"Ommaney","Standard Grid","7-Jun-13","Y",55.169,-133.9928,93,501,0,0
"1157","2013",3048,"SSEO","2C",150,"Ommaney","Standard Grid","7-Jun-13","Y",55.3312,-133.9875,63,495,0,0
"1158","2013",3047,"SSEO","2C",151,"Ommaney","Standard Grid","7-Jun-13","Y",55.3323,-133.7592,40,567,0,0
"1159","2013",3051,"SSEO","2C",151,"Ommaney","Standard Grid","8-Jun-13","Y",55.5003,-133.9925,50,422,0,0
"1160","2013",3052,"SSEO","2C",150,"Ommaney","Standard Grid","8-Jun-13","Y",55.5012,-134.2913,91,515,0,0
"1161","2013",3056,"SSEO","2C",150,"Ommaney","Standard Grid","8-Jun-13","Y",55.6672,-134.3428,114,616,0,0
"1162","2013",3055,"SSEO","2C",151,"Ommaney","Standard Grid","8-Jun-13","Y",55.6652,-134.0428,106,691,0,0
"1163","2013",3116,"NSEO","2C",181,"Sitka","Standard Grid","22-Jun-13","Y",58.156,-136.5755,144,703,0,0
"1164","2013",3113,"NSEO","2C",181,"Sitka","Extra Station","22-Jun-13","Y",57.9858,-136.6643,49,807,0.0654814354833333,0.219500819069513
"1165","2013",3110,"NSEO","2C",181,"Sitka","Standard Grid","23-Jun-13","Y",57.818,-136.5647,51,448,0.0320834234,0.107547088161291
"1166","2013",3111,"NSEO","2C",181,"Sitka","Standard Grid","23-Jun-13","Y",57.8352,-136.8465,180,547,0,0
"1167","2013",3108,"NSEO","2C",170,"Sitka","Standard Grid","23-Jun-13","Y",57.6667,-136.5265,88,625,0.060377396,0.202391529407713
"1168","2013",3106,"NSEO","2C",170,"Sitka","Standard Grid","24-Jun-13","Y",57.516,-136.2302,42,415,0.0776787229579832,0.260387439397092
"1169","2013",3103,"CSEO","2C",170,"Sitka","Standard Grid","24-Jun-13","Y",57.3332,-136.193,95,536,0.0532681232083333,0.16985284579983
"1170","2013",3102,"CSEO","2C",170,"Sitka","Standard Grid","24-Jun-13","Y",57.3327,-135.9457,45,627,0.0231006138333333,0.0736595314982067
"1171","2013",3097,"CSEO","2C",170,"Sitka","Standard Grid","25-Jun-13","Y",57.1668,-135.8785,38,408,0.0225116797916667,0.0717816331053114
"1172","2013",3098,"CSEO","2C",170,"Sitka","Standard Grid","25-Jun-13","Y",57.1677,-136.2352,121,510,0.00768713923333333,0.0245115163854117
"1173","2013",3092,"CSEO","2C",170,"Sitka","Standard Grid","25-Jun-13","Y",56.9998,-135.9725,55,633,0.0902320046,0.287717340886823
"1174","2013",3049,"SSEO","2C",150,"Ommaney","Standard Grid","12-Jul-13","Y",55.3338,-134.2895,102,505,0.108030471471074,0.381877087534092
"1175","2013",3050,"SSEO","2C",150,"Ommaney","Standard Grid","12-Jul-13","Y",55.3242,-134.5742,112,610,0.045283047,0.160071115746816
"1176","2013",3053,"SSEO","2C",150,"Ommaney","Standard Grid","12-Jul-13","Y",55.4995,-134.5895,111,693,0,0
"1177","2013",3054,"SSEO","2C",150,"Ommaney","Standard Grid","12-Jul-13","Y",55.5065,-134.9235,158,810,0,0
"1178","2013",3044,"SSEO","2C",140,"Ommaney","Standard Grid","13-Jul-13","Y",55.0033,-134.2738,118,413,0,0
"1179","2013",3043,"SSEO","2C",140,"Ommaney","Standard Grid","13-Jul-13","Y",55.001,-134.0433,83,520,0.00557953815,0.0197231183895912
"1180","2013",3026,"SSEO","2C",140,"Ketchikan","Standard Grid","13-Jul-13","Y",54.8358,-133.9903,105,601,0.00805746905,0.0284823603175143
"1181","2013",3024,"SSEO","2C",141,"Ketchikan","Standard Grid","14-Jul-13","Y",54.8335,-133.4593,66,430,0,0
"1182","2013",3023,"SSEO","2C",141,"Ketchikan","Standard Grid","14-Jul-13","Y",54.834,-133.1753,109,517,0.00805746905,0.0284823603175143
"1183","2013",3016,"SSEO","2C",141,"Ketchikan","Standard Grid","14-Jul-13","Y",54.6725,-133.1263,128,625,0.05265532405,0.186131389760359
"1184","2013",3017,"SSEO","2C",141,"Ketchikan","Standard Grid","14-Jul-13","Y",54.6703,-133.4092,165,733,0,0
"1185","2013",3025,"SSEO","2C",140,"Ketchikan","Standard Grid","15-Jul-13","Y",54.8377,-133.6927,75,402,0.060377396,0.213428154329088
"1186","2013",3018,"SSEO","2C",140,"Ketchikan","Standard Grid","15-Jul-13","Y",54.6873,-133.6917,132,489,0,0
"1187","2013",3019,"SSEO","2C",140,"Ketchikan","Standard Grid","15-Jul-13","Y",54.662,-133.9755,123,616,0,0
"1188","2013",3007,"SSEO","2C",140,"Ketchikan","Standard Grid","16-Jul-13","Y",54.5132,-133.7452,139,400,0,0
"1189","2013",3006,"SSEO","2C",140,"Ketchikan","Standard Grid","16-Jul-13","Y",54.505,-133.4732,164,482,0,0
"1190","2013",3005,"SSEO","2C",142,"Ketchikan","Standard Grid","16-Jul-13","Y",54.5145,-133.1607,106,553,0.290885924083333,1.02825312137372
"1191","2013",4028,"EYKT","3A",190,"Fairweather","Standard Grid","14-Jul-13","Y",58.5002,-139.672,138,420,0,0
"1192","2013",4027,"EYKT","3A",190,"Fairweather","Standard Grid","14-Jul-13","Y",58.5005,-139.3628,94,471,0.05642502025,0.229291965622401
"1193","2013",4018,"EYKT","3A",190,"Fairweather","Standard Grid","15-Jul-13","Y",58.3332,-138.8003,66,448,0.0404260742083333,0.16427772602573
"1194","2013",4025,"EYKT","3A",190,"Fairweather","Standard Grid","15-Jul-13","Y",58.5,-138.729,53,558,0.0045698899,0.0185704680867874
"1195","2013",4026,"EYKT","3A",190,"Fairweather","Standard Grid","15-Jul-13","Y",58.5,-139.0443,57,635,0.00384234243333333,0.015613964252558
"1196","2013",4019,"EYKT","3A",190,"Fairweather","Standard Grid","15-Jul-13","Y",58.3332,-139.0593,62,718,0.0684919298,0.278327755019521
"1197","2013",4012,"EYKT","3A",190,"Fairweather","Standard Grid","16-Jul-13","Y",58.1665,-138.8028,106,469,0.02018691695,0.0820327196483667
"1198","2013",4011,"EYKT","3A",185,"Fairweather","Standard Grid","16-Jul-13","Y",58.1667,-138.4778,89,572,0.0225116797916667,0.0914797599721434
"1199","2013",4010,"EYKT","3A",185,"Fairweather","Standard Grid","16-Jul-13","Y",58.1667,-138.1632,83,683,0,0
"1200","2013",4009,"EYKT","3A",185,"Fairweather","Standard Grid","17-Jul-13","Y",58.1663,-137.8427,85,456,0,0
"1201","2013",4005,"EYKT","3A",185,"Fairweather","Standard Grid","17-Jul-13","Y",58.0002,-137.8548,100,551,0,0
"1202","2013",4004,"EYKT","3A",185,"Fairweather","Standard Grid","17-Jul-13","Y",58.0003,-137.5443,90,676,0.0528883498333333,0.214920147801102
"1203","2013",4008,"EYKT","3A",185,"Fairweather","Standard Grid","17-Jul-13","Y",58.1668,-137.5223,78,769,0,0
"1204","2013",4002,"NSEO","3A",185,"Fairweather","Standard Grid","18-Jul-13","Y",57.9998,-136.9323,228,439,0,0
"1205","2013",3057,"SSEO","2C",150,"Ommaney","Standard Grid","28-Jun-13","Y",55.6657,-134.59,113,493,0,0
"1206","2013",3058,"SSEO","2C",150,"Ommaney","Standard Grid","28-Jun-13","Y",55.667,-134.8903,110,590,0.0528883498333333,0.186955112977039
"1207","2013",3063,"SSEO","2C",150,"Ommaney","Standard Grid","28-Jun-13","Y",55.8327,-134.889,102,679,0,0
"1208","2013",3062,"SSEO","2C",150,"Ommaney","Standard Grid","28-Jun-13","Y",55.8327,-134.5913,81,742,0.0228306432666667,0.0807040776410841
"1209","2013",3069,"CSEO","2C",160,"Ommaney","Standard Grid","29-Jun-13","Y",55.998,-134.9432,197,421,0,0
"1210","2013",3064,"SSEO","2C",150,"Ommaney","Standard Grid","29-Jun-13","Y",55.8475,-135.2253,125,675,0,0
"1211","2013",3075,"CSEO","2C",160,"Ommaney","Standard Grid","30-Jun-13","Y",56.1663,-135.2063,155,400,0,0
"1212","2013",3079,"CSEO","2C",160,"Ommaney","Standard Grid","30-Jun-13","Y",56.3317,-135.2067,87,484,0.014100997322314,0.044962998122602
"1213","2013",3083,"CSEO","2C",160,"Sitka","Standard Grid","1-Jul-13","Y",56.5003,-135.2228,59,396,0,0
"1214","2013",3084,"CSEO","2C",160,"Sitka","Standard Grid","1-Jul-13","Y",56.4998,-135.5237,86,481,0.102899398616667,0.328109094772794
"1215","2013",3085,"CSEO","2C",160,"Sitka","Standard Grid","1-Jul-13","Y",56.666,-135.225,23,573,0.01116150085,0.0355900033375521
"1216","2013",3086,"CSEO","2C",160,"Sitka","Standard Grid","2-Jul-13","Y",56.6655,-135.54,73,416,0.0614971138666667,0.196092131083293
"1217","2013",3087,"CSEO","2C",160,"Sitka","Standard Grid","2-Jul-13","Y",56.6655,-135.8403,131,495,0,0
"1218","2013",3089,"CSEO","2C",160,"Sitka","Standard Grid","2-Jul-13","Y",56.8298,-135.8395,104,579,0.0264441749166667,0.0843209426932023
"1219","2013",3078,"CSEO","2C",160,"Ommaney","Standard Grid","5-Jul-13","Y",56.3332,-134.9068,53,408,0.0577515345833333,0.184148828745517
"1220","2013",3074,"CSEO","2C",160,"Ommaney","Standard Grid","5-Jul-13","Y",56.1663,-134.9607,100,501,0,0
"1221","2013",3068,"SSEO","2C",150,"Ommaney","Standard Grid","7-Jul-13","Y",56.0003,-134.608,206,484,0,0
"1222","2012",3017,"SSEO","2C",141,"Ketchikan","Standard Grid","27-May-12","Y",54.6672,-133.462,168,479,0,0
"1223","2012",3024,"SSEO","2C",141,"Ketchikan","Standard Grid","27-May-12","Y",54.834,-133.4608,69,568,0,0
"1224","2012",3023,"SSEO","2C",141,"Ketchikan","Standard Grid","27-May-12","Y",54.8333,-133.12,118,651,0,0
"1225","2012",3015,"SSEO","2C",141,"Ketchikan","Standard Grid","28-May-12","Y",54.6662,-132.878,78,435,0.0462935501481481,0.170172092920482
"1226","2012",3026,"SSEO","2C",140,"Ketchikan","Standard Grid","4-Jun-12","Y",54.8332,-133.9913,106,419,0,0
"1227","2012",3043,"SSEO","2C",140,"Ommaney","Standard Grid","4-Jun-12","Y",55,-133.9862,81,529,0.2078932623625,0.764202171729721
"1228","2012",3044,"SSEO","2C",140,"Ommaney","Standard Grid","4-Jun-12","Y",55,-134.263,120,635,0,0
"1229","2012",3034,"SSEO","2C",141,"Ketchikan","Standard Grid","5-Jun-12","Y",55.1665,-133.405,46,457,0.0395045485625,0.145216162667282
"1230","2012",3045,"SSEO","2C",141,"Ommaney","Standard Grid","5-Jun-12","Y",55.1667,-133.6813,86,562,0,0
"1231","2012",3046,"SSEO","2C",150,"Ommaney","Standard Grid","5-Jun-12","Y",55.1667,-133.9772,93,675,0,0
"1232","2012",3047,"SSEO","2C",151,"Ommaney","Standard Grid","6-Jun-12","Y",55.3333,-133.6987,46,431,0,0
"1233","2012",3048,"SSEO","2C",150,"Ommaney","Standard Grid","6-Jun-12","Y",55.3332,-133.9787,65,543,0,0
"1234","2012",3051,"SSEO","2C",151,"Ommaney","Standard Grid","6-Jun-12","Y",55.5,-133.9863,50,649,0.0131270037,0.0482540156513201
"1235","2012",3049,"SSEO","2C",150,"Ommaney","Standard Grid","7-Jun-12","Y",55.3332,-134.2828,104,463,0.0226415235,0.0832287743880755
"1236","2012",3050,"SSEO","2C",150,"Ommaney","Standard Grid","7-Jun-12","Y",55.3332,-134.5615,111,582,0,0
"1237","2012",3053,"SSEO","2C",150,"Ommaney","Standard Grid","7-Jun-12","Y",55.4997,-134.5838,111,709,0,0
"1238","2012",3057,"SSEO","2C",150,"Ommaney","Standard Grid","8-Jun-12","Y",55.6667,-134.5807,114,471,0,0
"1239","2012",3058,"SSEO","2C",150,"Ommaney","Standard Grid","8-Jun-12","Y",55.6667,-134.8803,111,606,0.057319278721519,0.210701957260099
"1240","2012",3054,"SSEO","2C",150,"Ommaney","Standard Grid","8-Jun-12","Y",55.5,-134.8618,164,722,0,0
"1241","2012",3052,"SSEO","2C",150,"Ommaney","Standard Grid","9-Jun-12","Y",55.4998,-134.3555,95,462,0,0
"1242","2012",3056,"SSEO","2C",150,"Ommaney","Standard Grid","9-Jun-12","Y",55.6667,-134.2887,117,560,0,0
"1243","2012",3055,"SSEO","2C",151,"Ommaney","Standard Grid","9-Jun-12","Y",55.6663,-133.9852,99,626,0,0
"1244","2012",3070,"CSEO","2C",160,"Ommaney","Standard Grid","12-Jun-12","Y",55.9998,-135.2488,203,466,0,0
"1245","2012",3064,"SSEO","2C",150,"Ommaney","Standard Grid","12-Jun-12","Y",55.8335,-135.2453,124,584,0,0
"1246","2012",3063,"SSEO","2C",150,"Ommaney","Standard Grid","12-Jun-12","Y",55.833,-134.9563,104,728,0,0
"1247","2012",3062,"SSEO","2C",150,"Ommaney","Standard Grid","13-Jun-12","Y",55.8178,-134.6183,92,438,0,0
"1248","2012",3068,"CSEO","2C",150,"Ommaney","Standard Grid","13-Jun-12","Y",56.0002,-134.6802,209,567,0,0
"1249","2012",3069,"CSEO","2C",160,"Ommaney","Standard Grid","13-Jun-12","Y",56,-134.9415,181,654,0,0
"1250","2012",3079,"CSEO","2C",160,"Ommaney","Standard Grid","14-Jun-12","Y",56.3132,-135.2338,86,572,0.022407405525,0.0762959220825139
"1251","2012",3075,"CSEO","2C",160,"Ommaney","Standard Grid","14-Jun-12","Y",56.1482,-135.2337,164,649,0,0
"1252","2012",3074,"CSEO","2C",160,"Ommaney","Standard Grid","15-Jun-12","Y",56.1458,-134.9325,102,609,0,0
"1253","2012",3078,"CSEO","2C",160,"Ommaney","Standard Grid","15-Jun-12","Y",56.3122,-134.9333,66,768,0.0525080148,0.178786758753423
"1254","2012",3083,"CSEO","2C",160,"Sitka","Standard Grid","16-Jun-12","Y",56.4787,-135.2492,60,435,0.0659698389,0.224623492572346
"1255","2012",3084,"CSEO","2C",160,"Sitka","Standard Grid","16-Jun-12","Y",56.4823,-135.5505,88,548,0.056416418625,0.192094648119128
"1256","2012",3085,"CSEO","2C",160,"Sitka","Standard Grid","16-Jun-12","Y",56.6438,-135.2498,25,712,0,0
"1257","2012",3086,"CSEO","2C",160,"Sitka","Standard Grid","17-Jun-12","Y",56.6448,-135.5672,76,452,0.130538023987179,0.444474434838934
"1258","2012",3092,"CSEO","2C",170,"Sitka","Standard Grid","20-Jun-12","Y",57,-135.969,59,431,0.16038291335,0.5460945599733
"1259","2012",3098,"CSEO","2C",170,"Sitka","Standard Grid","20-Jun-12","Y",57.1507,-136.2003,115,534,0.0226415235,0.0770930802701848
"1260","2012",3097,"CSEO","2C",170,"Sitka","Standard Grid","20-Jun-12","Y",57.1462,-135.8998,37,635,0.0262540074,0.0893933793767113
"1261","2012",3102,"CSEO","2C",170,"Sitka","Standard Grid","21-Jun-12","Y",57.3518,-135.9158,75,428,0.0280492338148148,0.0955060216686699
"1262","2012",3103,"CSEO","2C",170,"Sitka","Standard Grid","21-Jun-12","Y",57.3333,-136.1743,94,545,0.06767400345,0.230426074472224
"1263","2012",3106,"NSEO","2C",170,"Sitka","Standard Grid","21-Jun-12","Y",57.4998,-136.195,52,642,0.0251383614,0.0842664928866726
"1264","2012",3108,"NSEO","2C",170,"Sitka","Standard Grid","22-Jun-12","Y",57.6668,-136.5093,91,441,0,0
"1265","2012",3110,"NSEO","2C",181,"Sitka","Standard Grid","22-Jun-12","Y",57.8332,-136.5375,59,556,0.090566094,0.303587294111569
"1266","2012",3111,"NSEO","2C",181,"Sitka","Standard Grid","22-Jun-12","Y",57.8333,-136.8373,220,697,0,0
"1267","2012",3116,"NSEO","2C",181,"Sitka","Standard Grid","23-Jun-12","Y",58.1667,-136.5633,75,732,0,0
"1268","2012",3113,"NSEO","2C",181,"Sitka","Extra Station","23-Jun-12","Y",58.0182,-136.6667,54,860,0.015581665475,0.0522314196227444
"1269","2012",4038,"EYKT","3A",190,"Fairweather","Standard Grid","8-Jul-12","Y",58.8277,-138.6955,67,413,0,0
"1270","2012",4044,"EYKT","3A",190,"Fairweather","Standard Grid","8-Jul-12","Y",58.9993,-138.6772,87,490,0,0
"1271","2012",4045,"EYKT","3A",190,"Fairweather","Standard Grid","8-Jul-12","Y",58.9993,-138.9935,55,597,0,0
"1272","2012",4048,"EYKT","3A",190,"Fairweather","Standard Grid","9-Jul-12","Y",59.1663,-138.994,29,412,0,0
"1273","2012",4049,"EYKT","3A",200,"Fairweather","Standard Grid","9-Jul-12","Y",59.1663,-139.3095,51,499,0,0
"1274","2012",4046,"EYKT","3A",190,"Fairweather","Standard Grid","9-Jul-12","Y",58.9998,-139.407,59,579,0,0
"1275","2012",4064,"EYKT","3A",200,"Yakutat","Standard Grid","10-Jul-12","Y",59.3325,-139.6255,84,452,0,0
"1276","2012",4065,"EYKT","3A",200,"Yakutat","Standard Grid","10-Jul-12","Y",59.3323,-139.9598,88,542,0,0
"1277","2012",4057,"EYKT","3A",200,"Yakutat","Standard Grid","10-Jul-12","Y",59.1663,-139.7233,73,704,0,0
"1278","2012",4034,"EYKT","3A",190,"Fairweather","Standard Grid","20-Jul-12","Y",58.6687,-139.6602,102,544,0,0
"1279","2012",4028,"EYKT","3A",190,"Fairweather","Standard Grid","20-Jul-12","Y",58.5023,-139.662,141,651,0,0
"1280","2012",4021,"EYKT","3A",185,"Fairweather","Standard Grid","21-Jul-12","Y",58.5005,-137.428,49,413,0,0
"1281","2012",4022,"EYKT","3A",185,"Fairweather","Standard Grid","21-Jul-12","Y",58.5005,-137.7428,84,510,0,0
"1282","2012",4015,"EYKT","3A",185,"Fairweather","Standard Grid","21-Jul-12","Y",58.3388,-137.8378,93,608,0,0
"1283","2012",4014,"EYKT","3A",185,"Fairweather","Standard Grid","21-Jul-12","Y",58.335,-137.5218,102,711,0,0
"1284","2012",4013,"EYKT","3A",185,"Fairweather","Standard Grid","22-Jul-12","Y",58.334,-137.1282,92,414,0,0
"1285","2012",4007,"EYKT","3A",185,"Fairweather","Standard Grid","22-Jul-12","Y",58.167,-137.1452,66,517,0.0131270037,0.0573848461538882
"1286","2012",4006,"NSEO","3A",185,"Fairweather","Standard Grid","22-Jul-12","Y",58.168,-136.8785,103,574,0,0
"1287","2012",4016,"EYKT","3A",185,"Fairweather","Standard Grid","28-Jul-12","Y",58.3305,-138.082,69,444,0,0
"1288","2012",4023,"EYKT","3A",190,"Fairweather","Standard Grid","28-Jul-12","Y",58.4793,-138.1177,73,531,0,0
"1289","2012",4029,"EYKT","3A",190,"Fairweather","Standard Grid","28-Jul-12","Y",58.6635,-138.061,50,627,0,0
"1290","2012",4036,"EYKT","3A",190,"Fairweather","Standard Grid","29-Jul-12","Y",58.8312,-138.043,26,411,0,0
"1291","2012",4037,"EYKT","3A",190,"Fairweather","Standard Grid","29-Jul-12","Y",58.833,-138.3588,38,493,0,0
"1292","2012",4043,"EYKT","3A",190,"Fairweather","Standard Grid","29-Jul-12","Y",58.9973,-138.4403,33,577,0,0
"1293","2012",4030,"EYKT","3A",190,"Fairweather","Standard Grid","30-Jul-12","Y",58.666,-138.3768,71,400,0,0
"1294","2012",4024,"EYKT","3A",190,"Fairweather","Standard Grid","30-Jul-12","Y",58.4995,-138.3932,63,493,0.0226415235,0.0989776778029814
"1295","2012",4025,"EYKT","3A",190,"Fairweather","Standard Grid","30-Jul-12","Y",58.4993,-138.7098,53,579,0.0087147329,0.0380965541084389
"1296","2012",4026,"EYKT","3A",190,"Fairweather","Standard Grid","31-Jul-12","Y",58.494,-139.1047,54,458,0.090566094,0.395910711211925
"1297","2012",4032,"EYKT","3A",190,"Fairweather","Standard Grid","31-Jul-12","Y",58.6628,-139.105,81,577,0,0
"1298","2012",4031,"EYKT","3A",190,"Fairweather","Standard Grid","31-Jul-12","Y",58.6663,-138.6927,53,671,0.045283047,0.197955355605963
"1299","2012",4039,"EYKT","3A",190,"Fairweather","Standard Grid","1-Aug-12","Y",58.8332,-139.0102,100,428,0,0
"1300","2012",4040,"EYKT","3A",190,"Fairweather","Standard Grid","1-Aug-12","Y",58.8333,-139.3277,72,537,0.01926316615,0.0842091501775487
"1301","2012",4033,"EYKT","3A",190,"Fairweather","Standard Grid","1-Aug-12","Y",58.6662,-139.4225,137,656,0,0
"1302","2012",4041,"EYKT","3A",200,"Fairweather","Standard Grid","2-Aug-12","Y",58.8305,-139.7387,87,563,0,0
"1303","2012",4047,"EYKT","3A",200,"Fairweather","Standard Grid","2-Aug-12","Y",58.9953,-139.7208,65,654,0,0
"1304","2012",4027,"EYKT","3A",190,"Fairweather","Standard Grid","5-Aug-12","Y",58.5008,-139.3443,96,440,0.01340882615,0.0586168362032215
"1305","2012",4020,"EYKT","3A",190,"Fairweather","Standard Grid","5-Aug-12","Y",58.338,-139.4372,149,602,0,0
"1306","2012",4019,"EYKT","3A",190,"Fairweather","Standard Grid","5-Aug-12","Y",58.3343,-139.0438,58,707,0.124273031925,0.543260974177478
"1307","2012",4017,"EYKT","3A",190,"Fairweather","Standard Grid","6-Aug-12","Y",58.3148,-138.4177,72,483,0.0226415235,0.0989776778029814
"1308","2012",4012,"EYKT","3A",190,"Fairweather","Standard Grid","6-Aug-12","Y",58.1598,-138.7338,102,726,0.0435736645,0.190482770542195
"1309","2012",4011,"EYKT","3A",185,"Fairweather","Standard Grid","7-Aug-12","Y",58.1658,-138.4897,89,498,0.0925774399,0.4047033327173
"1310","2012",4010,"EYKT","3A",185,"Fairweather","Standard Grid","7-Aug-12","Y",58.1715,-138.1715,80,621,0,0
"1311","2012",4009,"EYKT","3A",185,"Fairweather","Standard Grid","7-Aug-12","Y",58.1653,-137.7778,84,705,0,0
"1312","2012",4005,"EYKT","3A",185,"Fairweather","Standard Grid","8-Aug-12","Y",57.9953,-137.8702,101,462,0,0
"1313","2012",4004,"EYKT","3A",185,"Fairweather","Standard Grid","8-Aug-12","Y",57.9993,-137.4763,89,567,0.045283047,0.197955355605963
"1314","2012",4008,"EYKT","3A",185,"Fairweather","Standard Grid","8-Aug-12","Y",58.1667,-137.4613,75,655,0,0
"1315","2012",4002,"NSEO","3A",185,"Fairweather","Standard Grid","9-Aug-12","Y",57.9962,-136.9382,225,480,0,0
"1316","2012",4003,"EYKT","3A",185,"Fairweather","Standard Grid","9-Aug-12","Y",58.0018,-137.1628,112,598,0,0
"1317","2012",4001,"EYKT","3A",185,"Fairweather","Standard Grid","9-Aug-12","Y",57.8528,-137.2167,189,721,0,0
"1318","2012",3029,"SSEO","2C",141,"Ketchikan","Standard Grid","17-Jul-12","Y",55.0153,-133.4373,46,468,0.1313173599,0.482714112429529
"1319","2012",3030,"SSEO","2C",140,"Ketchikan","Standard Grid","17-Jul-12","Y",54.9995,-133.734,58,557,0,0
"1320","2012",3025,"SSEO","2C",140,"Ketchikan","Standard Grid","17-Jul-12","Y",54.8345,-133.7465,76,669,0.135849141,0.499372646328453
"1321","2012",3019,"SSEO","2C",140,"Ketchikan","Standard Grid","18-Jul-12","Y",54.666,-133.9755,124,513,0,0
"1322","2012",3018,"SSEO","2C",140,"Ketchikan","Standard Grid","18-Jul-12","Y",54.6665,-133.6835,132,592,0,0
"1323","2012",3007,"SSEO","2C",140,"Ketchikan","Standard Grid","18-Jul-12","Y",54.4998,-133.7685,139,696,0,0
"1324","2012",3016,"SSEO","2C",141,"Ketchikan","Standard Grid","19-Jul-12","Y",54.6665,-133.1232,124,537,0.03550658055,0.13051989111457
"1325","2012",3005,"SSEO","2C",142,"Ketchikan","Standard Grid","19-Jul-12","Y",54.5003,-133.1313,132,635,0,0
"1326","2012",3006,"SSEO","2C",140,"Ketchikan","Standard Grid","19-Jul-12","Y",54.5008,-133.466,165,779,0,0
"1327","2012",4018,"EYKT","3A",190,"Fairweather","Standard Grid","6-Aug-12","Y",58.3267,-138.73,67,612,0.0583210594,0.254951175278542
"1328","2011",4006,"NSEO","3A",185,"Fairweather","Standard Grid","29-May-11","Y",58.1668,-136.896,108,412,0,0
"1329","2011",4007,"EYKT","3A",185,"Fairweather","Standard Grid","29-May-11","Y",58.1668,-137.1537,67,501,0,0
"1330","2011",4013,"EYKT","3A",185,"Fairweather","Standard Grid","29-May-11","Y",58.3333,-137.1942,94,603,0,0
"1331","2011",4014,"EYKT","3A",185,"Fairweather","Standard Grid","30-May-11","Y",58.3333,-137.4565,103,480,0,0
"1332","2011",4015,"EYKT","3A",185,"Fairweather","Standard Grid","30-May-11","Y",58.3333,-137.769,96,565,0,0
"1333","2011",4022,"EYKT","3A",185,"Fairweather","Standard Grid","30-May-11","Y",58.5,-137.8113,86,644,0,0
"1334","2011",4021,"EYKT","3A",185,"Fairweather","Standard Grid","30-May-11","Y",58.5002,-137.4963,39,745,0,0
"1335","2011",4016,"EYKT","3A",185,"Fairweather","Standard Grid","31-May-11","Y",58.3337,-138.0962,71,438,0,0
"1336","2011",4017,"EYKT","3A",190,"Fairweather","Standard Grid","31-May-11","Y",58.3332,-138.4593,72,495,0,0
"1337","2011",4024,"EYKT","3A",190,"Fairweather","Standard Grid","31-May-11","Y",58.5,-138.4615,64,574,0.015094349,0.0656572800317048
"1338","2011",4023,"EYKT","3A",190,"Fairweather","Standard Grid","31-May-11","Y",58.5,-138.1472,74,691,0,0
"1339","2011",4031,"EYKT","3A",190,"Fairweather","Standard Grid","1-Jun-11","Y",58.6667,-138.7608,55,492,0,0
"1340","2011",4030,"EYKT","3A",190,"Fairweather","Standard Grid","1-Jun-11","Y",58.6667,-138.4478,73,584,0,0
"1341","2011",4029,"EYKT","3A",190,"Fairweather","Standard Grid","1-Jun-11","Y",58.6672,-138.1315,50,676,0.0426144985666667,0.185364209201888
"1342","2011",4036,"EYKT","3A",190,"Fairweather","Standard Grid","1-Jun-11","Y",58.8337,-138.064,30,751,0,0
"1343","2011",4039,"EYKT","3A",190,"Fairweather","Standard Grid","2-Jun-11","Y",58.8333,-139.0237,106,437,0,0
"1344","2011",4032,"EYKT","3A",190,"Fairweather","Standard Grid","2-Jun-11","Y",58.6672,-139.0385,85,520,0,0
"1345","2011",4033,"EYKT","3A",190,"Fairweather","Standard Grid","2-Jun-11","Y",58.6668,-139.3518,139,655,0,0
"1346","2011",4040,"EYKT","3A",190,"Fairweather","Standard Grid","2-Jun-11","Y",58.8333,-139.3385,75,734,0,0
"1347","2011",4047,"EYKT","3A",200,"Fairweather","Standard Grid","3-Jun-11","Y",59,-139.6612,68,492,0,0
"1348","2011",4046,"EYKT","3A",190,"Fairweather","Standard Grid","6-Jun-11","Y",59,-139.3963,62,464,0,0
"1349","2011",4045,"EYKT","3A",190,"Fairweather","Standard Grid","6-Jun-11","Y",59,-139.0687,58,575,0,0
"1350","2011",4048,"EYKT","3A",190,"Fairweather","Standard Grid","6-Jun-11","Y",59.1665,-139.0097,30,667,0,0
"1351","2011",4049,"EYKT","3A",200,"Fairweather","Standard Grid","6-Jun-11","Y",59.1667,-139.3207,54,764,0,0
"1352","2011",4044,"EYKT","3A",190,"Fairweather","Standard Grid","7-Jun-11","Y",59.0002,-138.7423,88,426,0,0
"1353","2011",4043,"EYKT","3A",190,"Fairweather","Standard Grid","7-Jun-11","Y",59,-138.4325,35,521,0,0
"1354","2011",4037,"EYKT","3A",190,"Fairweather","Standard Grid","7-Jun-11","Y",58.8333,-138.3768,40,606,0.0241757694333333,0.105159570887509
"1355","2011",4038,"EYKT","3A",190,"Fairweather","Standard Grid","7-Jun-11","Y",58.8333,-138.703,67,701,0,0
"1356","2011",4034,"EYKT","3A",190,"Fairweather","Standard Grid","8-Jun-11","Y",58.6672,-139.7283,105,545,0,0
"1357","2011",4041,"EYKT","3A",200,"Fairweather","Standard Grid","8-Jun-11","Y",58.8332,-139.6747,90,636,0,0
"1358","2011",4057,"EYKT","3A",200,"Yakutat","Standard Grid","11-Jun-11","Y",59.1668,-139.6615,71,427,0,0
"1359","2011",4058,"EYKT","3A",200,"Yakutat","Standard Grid","11-Jun-11","Y",59.1667,-139.9682,64,521,0,0
"1360","2011",4064,"EYKT","3A",200,"Yakutat","Standard Grid","11-Jun-11","Y",59.3333,-139.6982,88,690,0,0
"1361","2011",3062,"SSEO","2C",150,"Ommaney","Standard Grid","24-Jun-11","Y",55.8333,-134.6425,80,467,0.03114449065,0.109295898874631
"1362","2011",3056,"SSEO","2C",150,"Ommaney","Standard Grid","29-Jun-11","Y",55.6663,-134.3423,114,412,0,0
"1363","2011",3055,"SSEO","2C",151,"Ommaney","Standard Grid","29-Jun-11","Y",55.6663,-134.0417,104,499,0.030437939375,0.106816386283785
"1364","2011",3051,"SSEO","2C",151,"Ommaney","Standard Grid","29-Jun-11","Y",55.4978,-133.9913,50,582,0.0165344261333333,0.0580245471639732
"1365","2011",3052,"SSEO","2C",150,"Ommaney","Standard Grid","30-Jun-11","Y",55.4995,-134.3445,92,405,0,0
"1366","2011",3049,"SSEO","2C",150,"Ommaney","Standard Grid","30-Jun-11","Y",55.3327,-134.2913,101,486,0.120754792,0.423766876889317
"1367","2011",3050,"SSEO","2C",150,"Ommaney","Standard Grid","30-Jun-11","Y",55.332,-134.5747,112,567,0,0
"1368","2011",3048,"SSEO","2C",150,"Ommaney","Standard Grid","1-Jul-11","Y",55.3382,-134.0448,65,441,0,0
"1369","2011",3047,"SSEO","2C",151,"Ommaney","Standard Grid","1-Jul-11","Y",55.3362,-133.7588,40,524,0,0
"1370","2011",3045,"SSEO","2C",141,"Ommaney","Standard Grid","1-Jul-11","Y",55.1617,-133.6933,86,570,0,0
"1371","2011",3046,"SSEO","2C",150,"Ommaney","Standard Grid","2-Jul-11","Y",55.1655,-133.9918,93,406,0.0132220874583333,0.0464004998507664
"1372","2011",3043,"SSEO","2C",140,"Ommaney","Standard Grid","2-Jul-11","Y",54.9997,-133.9903,81,474,0.04429511345,0.155445606565779
"1373","2011",3044,"SSEO","2C",140,"Ommaney","Standard Grid","2-Jul-11","Y",54.9995,-134.2738,116,563,0,0
"1374","2011",3116,"NSEO","2C",181,"Sitka","Standard Grid","7-Jun-11","Y",58.1668,-136.5772,119,620,0,0
"1375","2011",3113,"NSEO","2C",181,"Sitka","Extra Station","7-Jun-11","Y",58.0002,-136.6918,56,643,0.0524968515702479,0.194852267479443
"1376","2011",3110,"NSEO","2C",181,"Sitka","Standard Grid","8-Jun-11","Y",57.8332,-136.5413,53,383,0.0120878847166667,0.0448665334324064
"1377","2011",3108,"NSEO","2C",170,"Sitka","Standard Grid","8-Jun-11","Y",57.6665,-136.575,89,573,0.0128392340564516,0.0476553125333849
"1378","2011",3106,"NSEO","2C",170,"Sitka","Standard Grid","9-Jun-11","Y",57.5002,-136.2087,54,395,0.0161149381,0.0598137247311694
"1379","2011",3103,"CSEO","2C",170,"Sitka","Standard Grid","9-Jun-11","Y",57.3335,-136.2402,96,459,0.0528883498333333,0.170256255992832
"1380","2011",3102,"CSEO","2C",170,"Sitka","Standard Grid","9-Jun-11","Y",57.3465,-135.9167,51,547,0.00495746625,0.0159588954012678
"1381","2011",3097,"CSEO","2C",170,"Sitka","Standard Grid","10-Jun-11","Y",57.1668,-135.8752,39,390,0.0235485719338843,0.0758067079815399
"1382","2011",3098,"CSEO","2C",170,"Sitka","Standard Grid","10-Jun-11","Y",57.1667,-136.1733,115,497,0.015094349,0.0485911803920463
"1383","2011",3092,"CSEO","2C",170,"Sitka","Standard Grid","10-Jun-11","Y",57.0002,-136.0235,56,578,0,0
"1384","2011",3089,"CSEO","2C",160,"Sitka","Standard Grid","11-Jun-11","Y",56.8333,-135.8915,102,520,0,0
"1385","2011",3087,"CSEO","2C",160,"Sitka","Standard Grid","11-Jun-11","Y",56.6667,-135.8888,131,603,0,0
"1386","2011",3086,"CSEO","2C",160,"Sitka","Standard Grid","11-Jun-11","Y",56.6667,-135.59,73,695,0.105776699666667,0.340512511985664
"1387","2011",3085,"CSEO","2C",160,"Sitka","Standard Grid","11-Jun-11","Y",56.6668,-135.2292,22,746,0.00446960871666667,0.0143884021386687
"1388","2011",3053,"SSEO","2C",150,"Ommaney","Standard Grid","15-Jun-11","Y",55.4998,-134.5932,111,446,0,0
"1389","2011",3054,"SSEO","2C",150,"Ommaney","Standard Grid","15-Jun-11","Y",55.499,-134.8775,159,548,0,0
"1390","2011",3058,"SSEO","2C",150,"Ommaney","Standard Grid","15-Jun-11","Y",55.6665,-134.9417,108,662,0.0650315346363636,0.228216287533925
"1391","2011",3057,"SSEO","2C",150,"Ommaney","Standard Grid","15-Jun-11","Y",55.6665,-134.6398,111,758,0,0
"1392","2011",3063,"SSEO","2C",150,"Ommaney","Standard Grid","16-Jun-11","Y",55.8333,-134.8937,107,438,0,0
"1393","2011",3064,"SSEO","2C",150,"Ommaney","Standard Grid","16-Jun-11","Y",55.8335,-135.1903,102,541,0,0
"1394","2011",3070,"CSEO","2C",160,"Ommaney","Standard Grid","16-Jun-11","Y",55.9997,-135.2428,200,670,0,0
"1395","2011",3069,"SSEO","2C",160,"Ommaney","Standard Grid","16-Jun-11","Y",55.9985,-134.942,195,777,0,0
"1396","2011",3068,"CSEO","2C",150,"Ommaney","Standard Grid","17-Jun-11","Y",55.9998,-134.6115,208,430,0,0
"1397","2011",3074,"CSEO","2C",160,"Ommaney","Standard Grid","17-Jun-11","Y",56.1668,-134.9017,100,642,0.0132220874583333,0.042564063998208
"1398","2011",3075,"CSEO","2C",160,"Ommaney","Standard Grid","18-Jun-11","Y",56.1668,-135.2077,155,413,0,0
"1399","2011",3079,"CSEO","2C",160,"Ommaney","Standard Grid","18-Jun-11","Y",56.3335,-135.259,87,498,0.02806347235,0.0903409115150347
"1400","2011",3078,"CSEO","2C",160,"Ommaney","Standard Grid","18-Jun-11","Y",56.3335,-134.909,56,570,0.01620778435,0.0521755110542518
"1401","2011",3083,"CSEO","2C",160,"Sitka","Standard Grid","19-Jun-11","Y",56.5,-135.2248,59,400,0.02256656745,0.072645474792734
"1402","2011",3084,"CSEO","2C",160,"Sitka","Standard Grid","19-Jun-11","Y",56.5,-135.5233,85,478,0.229669809616667,0.739344714349083
"1403","2011",3080,"CSEO","2C",160,"Ommaney","Standard Grid","19-Jun-11","Y",56.3358,-135.559,110,547,0,0
"1404","2011",3015,"SSEO","2C",141,"Ketchikan","Standard Grid","6-Aug-11","Y",54.6667,-132.8737,74,568,0.0654814354833333,0.229795132345568
"1405","2011",4028,"EYKT","3A",190,"Fairweather","Standard Grid","16-Jul-11","Y",58.5,-139.7277,137,411,0,0
"1406","2011",4027,"EYKT","3A",190,"Fairweather","Standard Grid","16-Jul-11","Y",58.5,-139.3547,93,501,0.0612841471666667,0.266573299188063
"1407","2011",4020,"EYKT","3A",190,"Fairweather","Standard Grid","16-Jul-11","Y",58.3335,-139.3748,148,626,0,0
"1408","2011",4025,"EYKT","3A",190,"Fairweather","Standard Grid","17-Jul-11","Y",58.4998,-138.7785,53,448,0.0225116797916667,0.0979211269108411
"1409","2011",4018,"EYKT","3A",190,"Fairweather","Standard Grid","17-Jul-11","Y",58.3335,-138.7415,66,528,0.0425021717166667,0.184875610757164
"1410","2011",4019,"EYKT","3A",190,"Fairweather","Standard Grid","17-Jul-11","Y",58.3333,-139.0533,61,627,0.0534723723333333,0.232593702732675
"1411","2011",4026,"EYKT","3A",190,"Fairweather","Standard Grid","17-Jul-11","Y",58.4998,-139.0413,56,707,0.00450233595833333,0.0195842253821682
"1412","2011",4010,"EYKT","3A",185,"Fairweather","Standard Grid","18-Jul-11","Y",58.1668,-138.1637,83,450,0,0
"1413","2011",4011,"EYKT","3A",185,"Fairweather","Standard Grid","18-Jul-11","Y",58.1667,-138.4213,90,527,0.04253815565,0.185032133386097
"1414","2011",4012,"EYKT","3A",190,"Fairweather","Standard Grid","18-Jul-11","Y",58.167,-138.7972,104,618,0.0529694524,0.230406105579834
"1415","2011",4008,"EYKT","3A",185,"Fairweather","Standard Grid","19-Jul-11","Y",58.1668,-137.4712,79,476,0,0
"1416","2011",4004,"EYKT","3A",185,"Fairweather","Standard Grid","19-Jul-11","Y",58.0003,-137.4895,90,573,0.0374179631333333,0.162760360427685
"1417","2011",4005,"EYKT","3A",185,"Fairweather","Standard Grid","19-Jul-11","Y",58.0002,-137.8633,101,659,0,0
"1418","2011",4009,"EYKT","3A",185,"Fairweather","Standard Grid","19-Jul-11","Y",58.1667,-137.8438,85,772,0,0
"1419","2011",4003,"EYKT","3A",185,"Fairweather","Standard Grid","20-Jul-11","Y",58,-137.1727,114,542,0,0
"1420","2011",4001,"EYKT","3A",185,"Fairweather","Standard Grid","20-Jul-11","Y",57.8335,-137.19,169,633,0,0
"1421","2011",3016,"SSEO","2C",141,"Ketchikan","Standard Grid","11-Aug-11","Y",54.6667,-133.1272,120,444,0.0119864628,0.0420643008991807
"1422","2011",3017,"SSEO","2C",141,"Ketchikan","Standard Grid","11-Aug-11","Y",54.6667,-133.4132,166,553,0,0
"1423","2011",3024,"SSEO","2C",141,"Ketchikan","Standard Grid","11-Aug-11","Y",54.8207,-133.4333,68,642,0,0
"1424","2011",3023,"SSEO","2C",141,"Ketchikan","Standard Grid","11-Aug-11","Y",54.8333,-133.1705,104,775,0.0213072492833333,0.0747738978665154
"1425","2011",3034,"SSEO","2C",141,"Ketchikan","Standard Grid","12-Aug-11","Y",55.1667,-133.4088,37,408,0.00824601971666667,0.028937899392842
"1426","2011",3029,"SSEO","2C",141,"Ketchikan","Standard Grid","12-Aug-11","Y",55.0002,-133.4105,48,502,0.0405839191666667,0.14242184837838
"1427","2011",3030,"SSEO","2C",140,"Ketchikan","Standard Grid","12-Aug-11","Y",55,-133.694,56,604,0,0
"1428","2011",3025,"SSEO","2C",140,"Ketchikan","Standard Grid","13-Aug-11","Y",54.8333,-133.6923,74,492,0.101459797916667,0.35605462094595
"1429","2011",3026,"SSEO","2C",140,"Ketchikan","Standard Grid","13-Aug-11","Y",54.8335,-133.994,104,618,0.0285383040833333,0.100149963349792
"1430","2011",3018,"SSEO","2C",140,"Ketchikan","Standard Grid","13-Aug-11","Y",54.6668,-133.743,128,859,0,0
"1431","2010",3015,"SSEO","2C",141,"Ketchikan","Standard Grid","1-Jun-10","Y",54.669,-132.8182,75,720,0.03722088619375,0.125707339638358
"1432","2010",3016,"SSEO","2C",141,"Ketchikan","Standard Grid","3-Jun-10","Y",54.6658,-133.1158,122,455,0.0056416418625,0.01905370511695
"1433","2010",3023,"SSEO","2C",141,"Ketchikan","Standard Grid","3-Jun-10","Y",54.8308,-133.1187,109,571,0.010093458475,0.0340889737562333
"1434","2010",3024,"SSEO","2C",141,"Ketchikan","Standard Grid","3-Jun-10","Y",54.833,-133.3988,65,709,0.030580602675,0.1032808887677
"1435","2010",3017,"SSEO","2C",141,"Ketchikan","Standard Grid","4-Jun-10","Y",54.6653,-133.4652,169,487,0,0
"1436","2010",3006,"SSEO","2C",140,"Ketchikan","Standard Grid","4-Jun-10","Y",54.5018,-133.4167,164,640,0,0
"1437","2010",3005,"SSEO","2C",142,"Ketchikan","Standard Grid","4-Jun-10","Y",54.5005,-133.1345,111,725,0.120335042981366,0.406411551829068
"1438","2010",3116,"NSEO","2C",181,"Sitka","Standard Grid","10-Jun-10","Y",58.167,-136.626,127,491,0,0
"1439","2010",3113,"NSEO","2C",181,"Sitka","Extra Station","10-Jun-10","Y",58,-136.7055,61,606,0.028503490490566,0.103338401129516
"1440","2010",3019,"SSEO","2C",140,"Ketchikan","Standard Grid","9-Jun-10","Y",54.6673,-134.0343,121,493,0,0
"1441","2010",3007,"SSEO","2C",140,"Ketchikan","Standard Grid","9-Jun-10","Y",54.511,-133.7608,139,631,0,0
"1442","2010",3018,"SSEO","2C",140,"Ketchikan","Standard Grid","9-Jun-10","Y",54.658,-133.7463,134,732,0,0
"1443","2010",3068,"SSEO","2C",150,"Ommaney","Standard Grid","13-Jun-10","Y",55.9965,-134.6708,203,773,0,0
"1444","2010",3075,"CSEO","2C",160,"Ommaney","Standard Grid","14-Jun-10","Y",56.1688,-135.1982,155,428,0,0
"1445","2010",3079,"CSEO","2C",160,"Ommaney","Standard Grid","14-Jun-10","Y",56.3323,-135.198,85,551,0.045423341325,0.159643845200732
"1446","2010",3080,"CSEO","2C",160,"Ommaney","Standard Grid","14-Jun-10","Y",56.3333,-135.4977,109,696,0,0
"1447","2010",3052,"SSEO","2C",150,"Ommaney","Standard Grid","17-Jun-10","Y",55.498,-134.3513,92,433,0,0
"1448","2010",3049,"SSEO","2C",150,"Ommaney","Standard Grid","17-Jun-10","Y",55.3387,-134.2827,101,561,0.09786826424375,0.330533751105892
"1449","2010",3050,"SSEO","2C",150,"Ommaney","Standard Grid","17-Jun-10","Y",55.334,-134.5613,111,734,0.0226415235,0.076467972034
"1450","2010",3053,"SSEO","2C",150,"Ommaney","Standard Grid","18-Jun-10","Y",55.5067,-134.5728,111,435,0,0
"1451","2010",3054,"SSEO","2C",150,"Ommaney","Standard Grid","18-Jun-10","Y",55.5015,-134.8667,159,581,0,0
"1452","2010",3058,"SSEO","2C",150,"Ommaney","Standard Grid","18-Jun-10","Y",55.6617,-134.8828,109,703,0.0907317435471698,0.306431341873308
"1453","2010",3062,"SSEO","2C",150,"Ommaney","Standard Grid","19-Jun-10","Y",55.832,-134.6528,81,487,0.02725142931875,0.0920371606191917
"1454","2010",3057,"SSEO","2C",150,"Ommaney","Standard Grid","19-Jun-10","Y",55.6635,-134.6513,112,599,0,0
"1455","2010",3063,"SSEO","2C",150,"Ommaney","Standard Grid","19-Jun-10","Y",55.8343,-134.8815,102,699,0,0
"1456","2010",3064,"SSEO","2C",150,"Ommaney","Standard Grid","20-Jun-10","Y",55.8315,-135.25,144,445,0,0
"1457","2010",3070,"CSEO","2C",160,"Ommaney","Standard Grid","20-Jun-10","Y",55.9963,-135.248,205,581,0,0
"1458","2010",3069,"CSEO","2C",160,"Ommaney","Standard Grid","20-Jun-10","Y",55.9992,-134.9517,198,728,0,0
"1459","2010",3078,"CSEO","2C",160,"Ommaney","Standard Grid","21-Jun-10","Y",56.334,-134.9055,58,446,0.0559541718,0.19665526314459
"1460","2010",3074,"CSEO","2C",160,"Ommaney","Standard Grid","21-Jun-10","Y",56.1678,-134.9703,101,570,0.00615975853125,0.0216489476280677
"1461","2010",3055,"SSEO","2C",151,"Ommaney","Standard Grid","26-Jun-10","Y",55.6657,-133.9817,101,618,0.0323911778,0.109395804489867
"1462","2010",3056,"SSEO","2C",150,"Ommaney","Standard Grid","26-Jun-10","Y",55.6657,-134.2778,113,746,0,0
"1463","2010",3051,"SSEO","2C",151,"Ommaney","Standard Grid","27-Jun-10","Y",55.5028,-133.9815,49,479,0.0162765270314465,0.0549712572942055
"1464","2010",3048,"SSEO","2C",150,"Ommaney","Standard Grid","27-Jun-10","Y",55.332,-134.0515,64,614,0,0
"1465","2010",3047,"SSEO","2C",151,"Ommaney","Standard Grid","27-Jun-10","Y",55.332,-133.7673,39,737,0,0
"1466","2010",3046,"SSEO","2C",150,"Ommaney","Standard Grid","28-Jun-10","Y",55.171,-133.9827,93,481,0,0
"1467","2010",3045,"SSEO","2C",141,"Ommaney","Standard Grid","28-Jun-10","Y",55.1712,-133.7505,85,625,0,0
"1468","2010",3034,"SSEO","2C",141,"Ketchikan","Standard Grid","28-Jun-10","Y",55.1665,-133.3998,44,740,0.0700751039625,0.23666698444935
"1469","2010",3029,"SSEO","2C",141,"Ketchikan","Standard Grid","29-Jun-10","Y",55.0035,-133.3993,51,435,0.051822480825,0.1750217919063
"1470","2010",3030,"SSEO","2C",140,"Ketchikan","Standard Grid","29-Jun-10","Y",55,-133.6822,57,577,0,0
"1471","2010",3025,"SSEO","2C",140,"Ketchikan","Standard Grid","29-Jun-10","Y",54.8385,-133.7503,74,741,0.07924533225,0.267637902119
"1472","2010",3026,"SSEO","2C",140,"Ketchikan","Standard Grid","30-Jun-10","Y",54.8318,-133.982,105,474,0.028323427125,0.0956576545435
"1473","2010",3043,"SSEO","2C",140,"Ommaney","Standard Grid","30-Jun-10","Y",55.0007,-133.9817,83,577,0.1274554220625,0.43045944544575
"1474","2010",3044,"SSEO","2C",140,"Ommaney","Standard Grid","30-Jun-10","Y",54.9995,-134.2648,116,678,0,0
"1475","2010",4049,"EYKT","3A",200,"Fairweather","Standard Grid","8-Jul-10","Y",59.1777,-139.3812,52,453,0,0
"1476","2010",4047,"EYKT","3A",200,"Fairweather","Standard Grid","8-Jul-10","Y",59.0012,-139.7132,66,559,0.0177942298625,0.0753777264844625
"1477","2010",4046,"EYKT","3A",190,"Fairweather","Standard Grid","8-Jul-10","Y",59.003,-139.4008,59,681,0,0
"1478","2010",4048,"EYKT","3A",190,"Fairweather","Standard Grid","9-Jul-10","Y",59.1707,-139.0578,28,429,0,0
"1479","2010",4045,"EYKT","3A",190,"Fairweather","Standard Grid","9-Jul-10","Y",59.0072,-139.0317,55,546,0,0
"1480","2010",4044,"EYKT","3A",190,"Fairweather","Standard Grid","9-Jul-10","Y",59.0038,-138.7537,85,678,0,0
"1481","2010",4037,"EYKT","3A",190,"Fairweather","Standard Grid","10-Jul-10","Y",58.8438,-138.4343,38,633,0,0
"1482","2010",4029,"EYKT","3A",190,"Fairweather","Standard Grid","11-Jul-10","Y",58.684,-138.1245,50,476,0.050967671125,0.215902975475587
"1483","2010",4023,"EYKT","3A",190,"Fairweather","Standard Grid","11-Jul-10","Y",58.519,-138.1328,72,619,0,0
"1484","2010",4022,"EYKT","3A",185,"Fairweather","Standard Grid","11-Jul-10","Y",58.4868,-137.7597,84,750,0,0
"1485","2010",4021,"EYKT","3A",185,"Fairweather","Standard Grid","12-Jul-10","Y",58.4912,-137.4335,39,452,0,0
"1486","2010",4014,"EYKT","3A",185,"Fairweather","Standard Grid","12-Jul-10","Y",58.3423,-137.5127,105,602,0,0
"1487","2010",4013,"EYKT","3A",185,"Fairweather","Standard Grid","12-Jul-10","Y",58.3262,-137.1392,90,702,0,0
"1488","2010",4006,"NSEO","3A",185,"Fairweather","Standard Grid","13-Jul-10","Y",58.1605,-136.8825,105,464,0,0
"1489","2010",4007,"EYKT","3A",185,"Fairweather","Standard Grid","13-Jul-10","Y",58.1613,-137.1533,65,636,0.011467150075,0.0485757298061673
"1490","2010",4002,"NSEO","3A",185,"Fairweather","Standard Grid","13-Jul-10","Y",57.9933,-136.8743,228,753,0,0
"1491","2010",4064,"EYKT","3A",200,"Yakutat","Standard Grid","23-Jul-10","Y",59.333,-139.6283,86,544,0,0
"1492","2010",4057,"EYKT","3A",200,"Yakutat","Standard Grid","23-Jul-10","Y",59.1673,-139.6528,70,631,0,0
"1493","2010",3111,"NSEO","2C",181,"Sitka","Standard Grid","25-Jul-10","Y",57.8335,-136.8445,199,493,0,0
"1494","2010",3110,"NSEO","2C",181,"Sitka","Standard Grid","25-Jul-10","Y",57.8333,-136.5332,55,603,0.02219161284375,0.0804549109701972
"1495","2010",3108,"NSEO","2C",170,"Sitka","Standard Grid","25-Jul-10","Y",57.6668,-136.5875,90,702,0.0131270037,0.0475914896959099
"1496","2010",3106,"NSEO","2C",170,"Sitka","Standard Grid","26-Jul-10","Y",57.5002,-136.195,55,473,0.0050467292375,0.0182967391488225
"1497","2010",3103,"CSEO","2C",170,"Sitka","Standard Grid","26-Jul-10","Y",57.3332,-136.18,96,580,0.07613325388125,0.267576207357448
"1498","2010",3102,"CSEO","2C",170,"Sitka","Standard Grid","26-Jul-10","Y",57.3517,-135.9165,50,670,0.0037345675875,0.0131254265414946
"1499","2010",3097,"CSEO","2C",170,"Sitka","Standard Grid","27-Jul-10","Y",57.1668,-135.8642,40,430,0.01595180836875,0.0560638638992169
"1500","2010",3098,"CSEO","2C",170,"Sitka","Standard Grid","27-Jul-10","Y",57.1667,-136.1633,118,538,0.0225008929192547,0.0790811279244823
"1501","2010",3092,"CSEO","2C",170,"Sitka","Standard Grid","27-Jul-10","Y",56.9998,-135.9615,54,635,0.1295647112,0.455365195402441
"1502","2010",3089,"CSEO","2C",160,"Sitka","Standard Grid","28-Jul-10","Y",56.8335,-135.8273,103,452,0.00944969374375,0.0332116793088329
"1503","2010",3087,"CSEO","2C",160,"Sitka","Standard Grid","28-Jul-10","Y",56.6667,-135.8303,132,557,0,0
"1504","2010",3086,"CSEO","2C",160,"Sitka","Standard Grid","28-Jul-10","Y",56.6667,-135.5335,74,648,0.10394663118125,0.365328472397161
"1505","2010",3085,"CSEO","2C",160,"Sitka","Standard Grid","29-Jul-10","Y",56.685,-135.25,25,408,0.010649549775,0.0374286661030345
"1506","2010",3083,"CSEO","2C",160,"Sitka","Standard Grid","29-Jul-10","Y",56.4998,-135.2133,61,583,0.0166633328625,0.0585645717472817
"1507","2010",3084,"CSEO","2C",160,"Sitka","Standard Grid","29-Jul-10","Y",56.5002,-135.5142,86,593,0.316981329,1.11405538963614
"1508","2010",4003,"EYKT","3A",185,"Fairweather","Standard Grid","18-Jul-10","Y",57.9973,-137.17,107,616,0,0
"1509","2010",4004,"EYKT","3A",185,"Fairweather","Standard Grid","18-Jul-10","Y",57.9917,-137.4813,89,765,0.05660380875,0.239778088004135
"1510","2010",4009,"EYKT","3A",185,"Fairweather","Standard Grid","19-Jul-10","Y",58.1707,-137.8543,84,459,0,0
"1511","2010",4008,"EYKT","3A",185,"Fairweather","Standard Grid","19-Jul-10","Y",58.1715,-137.525,77,597,0,0
"1512","2010",4005,"EYKT","3A",185,"Fairweather","Standard Grid","19-Jul-10","Y",57.993,-137.8018,99,750,0,0
"1513","2010",4010,"EYKT","3A",185,"Fairweather","Standard Grid","20-Jul-10","Y",58.1713,-138.1725,80,488,0,0
"1514","2010",4015,"EYKT","3A",185,"Fairweather","Standard Grid","20-Jul-10","Y",58.3258,-137.7677,95,612,0,0
"1515","2010",4016,"EYKT","3A",185,"Fairweather","Standard Grid","20-Jul-10","Y",58.3277,-138.08,70,750,0,0
"1516","2010",4017,"EYKT","3A",190,"Fairweather","Standard Grid","21-Jul-10","Y",58.3158,-138.4232,70,481,0,0
"1517","2010",4024,"EYKT","3A",190,"Fairweather","Standard Grid","21-Jul-10","Y",58.4805,-138.4242,62,594,0.03396228525,0.143866852802481
"1518","2010",4030,"EYKT","3A",190,"Fairweather","Standard Grid","21-Jul-10","Y",58.6485,-138.4028,72,714,0,0
"1519","2010",4038,"EYKT","3A",190,"Fairweather","Standard Grid","22-Jul-10","Y",58.8193,-138.6978,66,448,0,0
"1520","2010",4039,"EYKT","3A",190,"Fairweather","Standard Grid","22-Jul-10","Y",58.825,-139.0162,103,581,0,0
"1521","2010",4032,"EYKT","3A",190,"Fairweather","Standard Grid","22-Jul-10","Y",58.6783,-139.0933,82,705,0.036450662125,0.154407808658587
"1522","2010",4041,"EYKT","3A",200,"Fairweather","Standard Grid","26-Jul-10","Y",58.8292,-139.6618,88,458,0,0
"1523","2010",4034,"EYKT","3A",190,"Fairweather","Standard Grid","27-Jul-10","Y",58.6705,-139.7413,102,443,0,0
"1524","2010",4040,"EYKT","3A",190,"Fairweather","Standard Grid","27-Jul-10","Y",58.8395,-139.4055,73,577,0.0036388167,0.0154143074501769
"1525","2010",4033,"EYKT","3A",190,"Fairweather","Standard Grid","27-Jul-10","Y",58.6603,-139.3588,136,702,0,0
"1526","2010",4027,"EYKT","3A",190,"Fairweather","Standard Grid","28-Jul-10","Y",58.494,-139.3472,89,437,0.090841126275,0.384809998679844
"1527","2010",4028,"EYKT","3A",190,"Fairweather","Standard Grid","28-Jul-10","Y",58.4935,-139.6643,135,577,0,0
"1528","2010",4020,"EYKT","3A",190,"Fairweather","Standard Grid","28-Jul-10","Y",58.3475,-139.4302,140,721,0,0
"1529","2010",4026,"EYKT","3A",190,"Fairweather","Standard Grid","29-Jul-10","Y",58.4923,-139.0335,56,461,0.0226415235,0.0959112352016538
"1530","2010",4031,"EYKT","3A",190,"Fairweather","Standard Grid","29-Jul-10","Y",58.672,-138.7695,54,588,0,0
"1531","2010",4025,"EYKT","3A",190,"Fairweather","Standard Grid","29-Jul-10","Y",58.514,-138.771,51,706,0.0226415235,0.0959112352016538
"1532","2010",4019,"EYKT","3A",190,"Fairweather","Standard Grid","30-Jul-10","Y",58.3458,-139.1098,60,440,0.1492895376625,0.632401965348939
"1533","2010",4018,"EYKT","3A",190,"Fairweather","Standard Grid","30-Jul-10","Y",58.34,-138.8033,64,570,0.1089379257125,0.461469433158589
"1534","2010",4012,"EYKT","3A",190,"Fairweather","Standard Grid","30-Jul-10","Y",58.157,-138.7383,100,711,0,0
"1535","2010",4011,"EYKT","3A",185,"Fairweather","Standard Grid","31-Jul-10","Y",58.177,-138.4835,89,457,0.0176428605,0.0747365142211154
"1536","2009",3116,"NSEO","2C",181,"Sitka","Standard Grid","3-Jun-09","Y",58.1667,-136.5768,131,481,0,0
"1537","2009",4058,"EYKT","3A",200,"Yakutat","Standard Grid","6-Jun-09","Y",59.1675,-140.0208,63,566,0,0
"1538","2009",4057,"EYKT","3A",200,"Yakutat","Standard Grid","6-Jun-09","Y",59.1675,-139.7275,70,691,0,0
"1539","2009",4064,"EYKT","3A",200,"Yakutat","Standard Grid","6-Jun-09","Y",59.3333,-139.6958,87,776,0,0
"1540","2009",3015,"SSEO","2C",141,"Ketchikan","Standard Grid","6-Jun-09","Y",54.6685,-132.8197,73,683,0.0345276030428571,0.125454565901805
"1541","2009",3023,"SSEO","2C",141,"Ketchikan","Standard Grid","7-Jun-09","Y",54.8333,-133.1205,105,440,0.00946052908571429,0.0343744269816963
"1542","2009",3024,"SSEO","2C",141,"Ketchikan","Standard Grid","7-Jun-09","Y",54.8335,-133.4038,63,537,0.00942285789285714,0.0342375503169296
"1543","2009",3029,"SSEO","2C",141,"Ketchikan","Standard Grid","7-Jun-09","Y",54.9957,-133.4607,51,633,0.00833157991428571,0.0302724385508465
"1544","2009",3034,"SSEO","2C",141,"Ketchikan","Standard Grid","8-Jun-09","Y",55.1667,-133.4043,45,407,0.0500150667,0.181727601351591
"1545","2009",3045,"SSEO","2C",141,"Ommaney","Standard Grid","8-Jun-09","Y",55.167,-133.688,86,541,0,0
"1546","2009",3047,"SSEO","2C",151,"Ommaney","Standard Grid","8-Jun-09","Y",55.333,-133.7633,39,627,0.017186822070922,0.0624475814166063
"1547","2009",3068,"SSEO","2C",150,"Ommaney","Standard Grid","13-Jun-09","Y",56,-134.602,210,445,0,0
"1548","2009",3062,"SSEO","2C",150,"Ommaney","Standard Grid","13-Jun-09","Y",55.8342,-134.589,81,562,0.0271753973214286,0.0987406415075255
"1549","2009",3063,"SSEO","2C",150,"Ommaney","Standard Grid","13-Jun-09","Y",55.8335,-134.8857,102,697,0,0
"1550","2009",3064,"SSEO","2C",150,"Ommaney","Standard Grid","14-Jun-09","Y",55.8338,-135.1843,129,493,0,0
"1551","2009",3070,"CSEO","2C",160,"Ommaney","Standard Grid","14-Jun-09","Y",55.9998,-135.1848,202,617,0,0
"1552","2009",3069,"CSEO","2C",160,"Ommaney","Standard Grid","14-Jun-09","Y",55.999,-134.8852,195,669,0,0
"1553","2009",3074,"CSEO","2C",160,"Ommaney","Standard Grid","15-Jun-09","Y",56.1667,-134.9005,101,596,0,0
"1554","2009",3075,"CSEO","2C",160,"Ommaney","Standard Grid","15-Jun-09","Y",56.1667,-135.2017,155,668,0,0
"1555","2009",3078,"CSEO","2C",160,"Ommaney","Standard Grid","16-Jun-09","Y",56.3338,-134.9045,58,431,0.0871702073714286,0.311414396287818
"1556","2009",3079,"CSEO","2C",160,"Ommaney","Standard Grid","16-Jun-09","Y",56.3337,-135.2007,86,534,0.0271464675428571,0.0969803910777041
"1557","2009",3080,"CSEO","2C",160,"Ommaney","Standard Grid","16-Jun-09","Y",56.3333,-135.5023,111,622,0,0
"1558","2009",4013,"EYKT","3A",185,"Fairweather","Standard Grid","30-May-09","Y",58.3463,-137.1527,96,458,0,0
"1559","2009",4014,"EYKT","3A",185,"Fairweather","Standard Grid","30-May-09","Y",58.323,-137.4992,104,587,0,0
"1560","2009",4021,"EYKT","3A",185,"Fairweather","Standard Grid","30-May-09","Y",58.4787,-137.5043,57,714,0,0
"1561","2009",4022,"EYKT","3A",185,"Fairweather","Standard Grid","31-May-09","Y",58.5167,-137.7568,85,416,0,0
"1562","2009",4023,"EYKT","3A",190,"Fairweather","Standard Grid","31-May-09","Y",58.4893,-138.1137,74,541,0,0
"1563","2009",4029,"EYKT","3A",190,"Fairweather","Standard Grid","31-May-09","Y",58.6452,-138.0932,54,669,0,0
"1564","2009",4036,"EYKT","3A",190,"Fairweather","Standard Grid","1-Jun-09","Y",58.8462,-138.0808,30,414,0.0294693711785714,0.117477389601934
"1565","2009",4037,"EYKT","3A",190,"Fairweather","Standard Grid","1-Jun-09","Y",58.8288,-138.413,38,514,0.0121537587571429,0.0484500277928905
"1566","2009",4043,"EYKT","3A",190,"Fairweather","Standard Grid","1-Jun-09","Y",58.9858,-138.4297,34,651,0.0129380134285714,0.0515763989334307
"1567","2009",4044,"EYKT","3A",190,"Fairweather","Standard Grid","2-Jun-09","Y",59.0098,-138.6847,86,437,0,0
"1568","2009",4045,"EYKT","3A",190,"Fairweather","Standard Grid","2-Jun-09","Y",58.9908,-139.047,55,557,0,0
"1569","2009",4048,"EYKT","3A",190,"Fairweather","Standard Grid","2-Jun-09","Y",59.1658,-139.0518,55,661,0,0
"1570","2009",4049,"EYKT","3A",200,"Fairweather","Standard Grid","3-Jun-09","Y",59.1788,-139.3077,51,410,0,0
"1571","2009",4046,"EYKT","3A",190,"Fairweather","Standard Grid","3-Jun-09","Y",59.0155,-139.3428,59,537,0,0
"1572","2009",4047,"EYKT","3A",200,"Fairweather","Standard Grid","3-Jun-09","Y",58.9942,-139.7078,65,644,0.00766218637142857,0.0305447187218394
"1573","2009",4041,"EYKT","3A",200,"Fairweather","Standard Grid","4-Jun-09","Y",58.8268,-139.722,87,709,0,0
"1574","2009",4034,"EYKT","3A",190,"Fairweather","Standard Grid","5-Jun-09","Y",58.6775,-139.6672,102,468,0,0
"1575","2009",4033,"EYKT","3A",190,"Fairweather","Standard Grid","5-Jun-09","Y",58.6497,-139.4025,138,603,0,0
"1576","2009",4040,"EYKT","3A",190,"Fairweather","Standard Grid","5-Jun-09","Y",58.8223,-139.3803,73,738,0.0216731849571429,0.0863984907481314
"1577","2009",3056,"SSEO","2C",150,"Ommaney","Standard Grid","20-Jun-09","Y",55.6672,-134.3477,114,439,0,0
"1578","2009",3055,"SSEO","2C",151,"Ommaney","Standard Grid","20-Jun-09","Y",55.6663,-134.0478,107,546,0,0
"1579","2009",3051,"SSEO","2C",151,"Ommaney","Standard Grid","20-Jun-09","Y",55.4995,-133.9855,50,623,0.0302502170780142,0.10991286731509
"1580","2009",3048,"SSEO","2C",150,"Ommaney","Standard Grid","21-Jun-09","Y",55.334,-133.9858,64,423,0,0
"1581","2009",3049,"SSEO","2C",150,"Ommaney","Standard Grid","21-Jun-09","Y",55.331,-134.2873,101,535,0.1611288142,0.585454640875092
"1582","2009",3046,"SSEO","2C",150,"Ommaney","Standard Grid","21-Jun-09","Y",55.1708,-134.047,93,638,0.0129380134285714,0.0470097173064245
"1583","2009",3050,"SSEO","2C",150,"Ommaney","Standard Grid","22-Jun-09","Y",55.332,-134.5687,110,400,0.00864064979285714,0.0313954307087839
"1584","2009",3053,"SSEO","2C",150,"Ommaney","Standard Grid","22-Jun-09","Y",55.4978,-134.648,110,496,0,0
"1585","2009",3052,"SSEO","2C",150,"Ommaney","Standard Grid","22-Jun-09","Y",55.5,-134.3473,91,614,0,0
"1586","2009",3057,"SSEO","2C",150,"Ommaney","Standard Grid","29-Jun-09","Y",55.664,-134.5863,112,453,0,0
"1587","2009",3058,"SSEO","2C",150,"Ommaney","Standard Grid","29-Jun-09","Y",55.667,-134.887,109,555,0.0848160629714286,0.308175529832558
"1588","2009",3054,"SSEO","2C",150,"Ommaney","Standard Grid","29-Jun-09","Y",55.4993,-134.8685,160,664,0,0
"1589","2009",3044,"SSEO","2C",140,"Ommaney","Standard Grid","30-Jun-09","Y",54.999,-134.3297,117,461,0.00607687937857143,0.0220800807843516
"1590","2009",3043,"SSEO","2C",140,"Ommaney","Standard Grid","30-Jun-09","Y",54.9992,-134.0472,83,546,0.0517520537142857,0.188038869225698
"1591","2009",3030,"SSEO","2C",140,"Ketchikan","Standard Grid","30-Jun-09","Y",54.999,-133.7468,57,638,0,0
"1592","2009",3025,"SSEO","2C",140,"Ketchikan","Standard Grid","1-Jul-09","Y",54.8348,-133.6855,74,421,0.0198815397,0.0722387224339629
"1593","2009",3026,"SSEO","2C",140,"Ketchikan","Standard Grid","1-Jul-09","Y",54.8332,-133.986,105,527,0,0
"1594","2009",3019,"SSEO","2C",140,"Ketchikan","Standard Grid","1-Jul-09","Y",54.668,-134.0292,122,638,0,0
"1595","2009",3018,"SSEO","2C",140,"Ketchikan","Standard Grid","2-Jul-09","Y",54.6673,-133.745,130,433,0,0
"1596","2009",3007,"SSEO","2C",140,"Ketchikan","Standard Grid","2-Jul-09","Y",54.5013,-133.7632,138,531,0,0
"1597","2009",3006,"SSEO","2C",140,"Ketchikan","Standard Grid","2-Jul-09","Y",54.499,-133.4822,163,678,0,0
"1598","2009",3017,"SSEO","2C",141,"Ketchikan","Standard Grid","3-Jul-09","Y",54.6715,-133.4617,165,476,0,0
"1599","2009",3016,"SSEO","2C",141,"Ketchikan","Standard Grid","3-Jul-09","Y",54.6662,-133.1793,121,601,0.0188457157857143,0.0684751006338592
"1600","2009",3005,"SSEO","2C",142,"Ketchikan","Standard Grid","3-Jul-09","Y",54.5005,-133.1957,109,693,0.143979550628571,0.523143526656744
"1601","2009",4032,"EYKT","3A",190,"Fairweather","Standard Grid","8-Jun-09","Y",58.6445,-139.0795,76,414,0.00518484455714286,0.0206689854484526
"1602","2009",4038,"EYKT","3A",190,"Fairweather","Standard Grid","8-Jun-09","Y",58.809,-138.7468,64,532,0,0
"1603","2009",4039,"EYKT","3A",190,"Fairweather","Standard Grid","8-Jun-09","Y",58.8395,-139.0227,110,661,0,0
"1604","2009",4027,"EYKT","3A",190,"Fairweather","Standard Grid","9-Jun-09","Y",58.4955,-139.3878,90,441,0.0260581098857143,0.103878657904993
"1605","2009",4028,"EYKT","3A",190,"Fairweather","Standard Grid","9-Jun-09","Y",58.5178,-139.6465,141,561,0,0
"1606","2009",4020,"EYKT","3A",190,"Fairweather","Standard Grid","9-Jun-09","Y",58.3237,-139.3987,141,681,0,0
"1607","2009",4026,"EYKT","3A",190,"Fairweather","Standard Grid","10-Jun-09","Y",58.4852,-139.089,55,446,0,0
"1608","2009",4031,"EYKT","3A",190,"Fairweather","Standard Grid","10-Jun-09","Y",58.6448,-138.7437,55,551,0.00722439498571429,0.0287994969160438
"1609","2009",4025,"EYKT","3A",190,"Fairweather","Standard Grid","10-Jun-09","Y",58.5152,-138.7273,52,665,0.0222149938928571,0.088558370544854
"1610","2009",4024,"EYKT","3A",190,"Fairweather","Standard Grid","11-Jun-09","Y",58.4822,-138.4635,64,465,0,0
"1611","2009",4030,"EYKT","3A",190,"Fairweather","Standard Grid","11-Jun-09","Y",58.6515,-138.4347,72,592,0,0
"1612","2009",4017,"EYKT","3A",190,"Fairweather","Standard Grid","11-Jun-09","Y",58.3413,-138.4178,70,698,0,0
"1613","2009",4018,"EYKT","3A",190,"Fairweather","Standard Grid","12-Jun-09","Y",58.35,-138.7332,55,437,0.0561225111,0.22372808913981
"1614","2009",4019,"EYKT","3A",190,"Fairweather","Standard Grid","13-Jun-09","Y",58.3492,-139.0533,58,555,0.106826340664286,0.425855019637905
"1615","2009",4001,"EYKT","3A",185,"Fairweather","Standard Grid","15-Jun-09","Y",57.8158,-137.2155,172,453,0,0
"1616","2009",4004,"EYKT","3A",185,"Fairweather","Standard Grid","15-Jun-09","Y",57.9818,-137.508,90,557,0.0590591238285714,0.235434670713401
"1617","2009",4003,"EYKT","3A",185,"Fairweather","Standard Grid","15-Jun-09","Y",58.0143,-137.1867,98,666,0,0
"1618","2009",4002,"NSEO","3A",185,"Fairweather","Standard Grid","16-Jun-09","Y",57.9895,-136.8998,228,439,0,0
"1619","2009",4006,"NSEO","3A",185,"Fairweather","Standard Grid","16-Jun-09","Y",58.1492,-136.9317,110,574,0,0
"1620","2009",4007,"EYKT","3A",185,"Fairweather","Standard Grid","16-Jun-09","Y",58.1837,-137.1615,64,696,0.0248602971489362,0.0991036692329927
"1621","2009",4008,"EYKT","3A",185,"Fairweather","Standard Grid","17-Jun-09","Y",58.1817,-137.475,77,432,0,0
"1622","2009",4009,"EYKT","3A",185,"Fairweather","Standard Grid","17-Jun-09","Y",58.147,-137.8217,85,675,0.015094349,0.0601724654223358
"1623","2009",4010,"EYKT","3A",185,"Fairweather","Standard Grid","18-Jun-09","Y",58.1472,-138.1513,80,443,0,0
"1624","2009",4015,"EYKT","3A",185,"Fairweather","Standard Grid","18-Jun-09","Y",58.3117,-137.8123,94,569,0,0
"1625","2009",4016,"EYKT","3A",185,"Fairweather","Standard Grid","18-Jun-09","Y",58.3505,-138.0758,70,685,0,0
"1626","2009",4011,"EYKT","3A",185,"Fairweather","Standard Grid","19-Jun-09","Y",58.1857,-138.438,87,461,0.0308780424285714,0.123092949576204
"1627","2009",4012,"EYKT","3A",190,"Fairweather","Standard Grid","19-Jun-09","Y",58.1572,-138.7803,101,570,0.1259821068,0.50221801319527
"1628","2009",3111,"NSEO","2C",181,"Sitka","Standard Grid","9-Jul-09","Y",57.8332,-136.8553,213,417,0,0
"1629","2009",3110,"NSEO","2C",181,"Sitka","Standard Grid","9-Jul-09","Y",57.8333,-136.6037,52,508,0.06596000525,0.236607628726466
"1630","2009",3108,"NSEO","2C",170,"Sitka","Standard Grid","9-Jul-09","Y",57.6665,-136.5212,90,603,0.0129380134285714,0.0464104371454013
"1631","2009",3106,"NSEO","2C",170,"Sitka","Standard Grid","10-Jul-09","Y",57.5003,-136.202,57,408,0.00964164711428571,0.0345859169064957
"1632","2009",3103,"CSEO","2C",170,"Sitka","Standard Grid","10-Jul-09","Y",57.3335,-136.2525,97,511,0.0230184020285714,0.0822329324134127
"1633","2009",3102,"CSEO","2C",170,"Sitka","Standard Grid","10-Jul-09","Y",57.3482,-135.9225,52,601,0.00848784757142857,0.0303227215690417
"1634","2009",3097,"CSEO","2C",170,"Sitka","Standard Grid","11-Jul-09","Y",57.167,-135.8662,39,399,0.00550376175714286,0.0196621150344355
"1635","2009",3098,"CSEO","2C",170,"Sitka","Standard Grid","11-Jul-09","Y",57.1517,-136.2297,118,483,0,0
"1636","2009",3092,"CSEO","2C",170,"Sitka","Standard Grid","11-Jul-09","Y",57,-135.9712,56,572,0.0353632454142857,0.126334719780388
"1637","2009",3089,"CSEO","2C",160,"Sitka","Standard Grid","12-Jul-09","Y",56.8333,-135.8323,104,421,0.02280566085,0.0814729174072755
"1638","2009",3087,"CSEO","2C",160,"Sitka","Standard Grid","12-Jul-09","Y",56.6667,-135.903,132,527,0,0
"1639","2009",3086,"CSEO","2C",160,"Sitka","Standard Grid","12-Jul-09","Y",56.6668,-135.599,75,659,0.0313989808214286,0.112172437710213
"1640","2009",3085,"CSEO","2C",160,"Sitka","Standard Grid","13-Jul-09","Y",56.6813,-135.2503,24,403,0.00317481043571429,0.0113419676857427
"1641","2009",3083,"CSEO","2C",160,"Sitka","Standard Grid","13-Jul-09","Y",56.4998,-135.2223,60,495,0.0146043211714286,0.0521737414414424
"1642","2009",3084,"CSEO","2C",160,"Sitka","Standard Grid","13-Jul-09","Y",56.5002,-135.5805,86,568,0.1749631782,0.625053606670776
"1643","2008",3015,"SSEO","2C",141,"Ketchikan","Standard Grid","7-Jun-08","Y",54.668,-132.8302,75,495,0.014134900641129,0.0481036480375313
"1644","2008",3005,"SSEO","2C",142,"Ketchikan","Standard Grid","7-Jun-08","Y",54.501,-133.1467,102,605,0.0471770898350101,0.160552251655379
"1645","2008",3016,"SSEO","2C",141,"Ketchikan","Standard Grid","7-Jun-08","Y",54.6667,-133.1292,120,692,0.0237761791457086,0.0809146793699077
"1646","2008",3023,"SSEO","2C",141,"Ketchikan","Standard Grid","7-Jun-08","Y",54.8315,-133.1292,107,752,0.0210894925646123,0.0717713943221049
"1647","2008",3024,"SSEO","2C",141,"Ketchikan","Standard Grid","8-Jun-08","Y",54.8328,-133.4123,67,441,0.00228915505,0.00779041265476783
"1648","2008",3025,"SSEO","2C",140,"Ketchikan","Standard Grid","8-Jun-08","Y",54.8315,-133.6952,76,508,0.0365185862903226,0.124279417757377
"1649","2008",3030,"SSEO","2C",140,"Ketchikan","Standard Grid","8-Jun-08","Y",54.9923,-133.733,57,580,0,0
"1650","2008",3029,"SSEO","2C",141,"Ketchikan","Standard Grid","8-Jun-08","Y",54.9993,-133.4127,52,639,0.0320050339243028,0.108918974841902
"1651","2008",3034,"SSEO","2C",141,"Ketchikan","Standard Grid","9-Jun-08","Y",55.167,-133.412,47,391,0.0392844527174349,0.133692166280101
"1652","2008",3045,"SSEO","2C",141,"Ommaney","Standard Grid","9-Jun-08","Y",55.1667,-133.6958,88,467,0,0
"1653","2008",3047,"SSEO","2C",151,"Ommaney","Standard Grid","9-Jun-08","Y",55.3335,-133.7122,40,545,0.00625242204024145,0.0212781339495751
"1654","2008",3068,"CSEO","2C",150,"Ommaney","Standard Grid","14-Jun-08","Y",55.9998,-134.6127,206,642,0,0
"1655","2008",3062,"SSEO","2C",150,"Ommaney","Standard Grid","14-Jun-08","Y",55.833,-134.638,81,711,0.0359965447420635,0.122502815039325
"1656","2008",3063,"SSEO","2C",150,"Ommaney","Standard Grid","15-Jun-08","Y",55.8333,-134.896,101,399,0.001716827322,0.00584267688436393
"1657","2008",3064,"SSEO","2C",150,"Ommaney","Standard Grid","15-Jun-08","Y",55.8328,-135.1955,128,489,0,0
"1658","2008",3070,"CSEO","2C",160,"Ommaney","Standard Grid","15-Jun-08","Y",55.9945,-135.2353,201,578,0,0
"1659","2008",3069,"SSEO","2C",160,"Ommaney","Standard Grid","15-Jun-08","Y",56,-134.9385,197,682,0,0
"1660","2008",3080,"CSEO","2C",160,"Ommaney","Standard Grid","16-Jun-08","Y",56.3333,-135.5548,110,393,0,0
"1661","2008",3079,"CSEO","2C",160,"Ommaney","Standard Grid","16-Jun-08","Y",56.3335,-135.2552,87,471,0.0269506320538922,0.08646290661867
"1662","2008",3075,"CSEO","2C",160,"Ommaney","Standard Grid","16-Jun-08","Y",56.1665,-135.2105,154,548,0,0
"1663","2008",3078,"CSEO","2C",160,"Ommaney","Standard Grid","17-Jun-08","Y",56.3342,-134.9113,58,387,0.0242062827915832,0.0776584966322343
"1664","2008",3074,"CSEO","2C",160,"Ommaney","Standard Grid","17-Jun-08","Y",56.1673,-134.9113,100,439,0,0
"1665","2008",3051,"SSEO","2C",151,"Ommaney","Standard Grid","23-Jun-08","Y",55.4997,-133.9953,50,426,0.019712319060241,0.0670846214028719
"1666","2008",3052,"SSEO","2C",150,"Ommaney","Standard Grid","23-Jun-08","Y",55.4975,-134.296,92,508,0,0
"1667","2008",3056,"SSEO","2C",150,"Ommaney","Standard Grid","23-Jun-08","Y",55.6642,-134.3383,114,581,0,0
"1668","2008",3055,"SSEO","2C",151,"Ommaney","Standard Grid","23-Jun-08","Y",55.6677,-134.0382,104,672,0.0271287024869215,0.0923239284999698
"1669","2008",3057,"SSEO","2C",150,"Ommaney","Standard Grid","24-Jun-08","Y",55.6665,-134.5953,113,411,0,0
"1670","2008",3058,"SSEO","2C",150,"Ommaney","Standard Grid","24-Jun-08","Y",55.6663,-134.8953,109,483,0.0623329391902834,0.212130374601256
"1671","2008",3054,"SSEO","2C",150,"Ommaney","Standard Grid","24-Jun-08","Y",55.4985,-134.9207,159,558,0,0
"1672","2008",3053,"SSEO","2C",150,"Ommaney","Standard Grid","24-Jun-08","Y",55.4985,-134.6377,110,657,0,0
"1673","2008",3044,"SSEO","2C",140,"Ommaney","Standard Grid","25-Jun-08","Y",54.9995,-134.3212,118,494,0,0
"1674","2008",3043,"SSEO","2C",140,"Ommaney","Standard Grid","25-Jun-08","Y",54.999,-134.0382,84,572,0.0160490425705645,0.0546178225623613
"1675","2008",3026,"SSEO","2C",140,"Ketchikan","Standard Grid","25-Jun-08","Y",54.8385,-133.9977,106,640,0.00537407264,0.0182889505463151
"1676","2008",3019,"SSEO","2C",140,"Ketchikan","Standard Grid","25-Jun-08","Y",54.6708,-133.9803,123,703,0,0
"1677","2008",3050,"SSEO","2C",150,"Ommaney","Standard Grid","26-Jun-08","Y",55.3257,-134.6172,113,496,0.00338470700200803,0.0115187760047641
"1678","2008",3049,"SSEO","2C",150,"Ommaney","Standard Grid","26-Jun-08","Y",55.3317,-134.3375,102,589,0.0287511409523809,0.0978453828693002
"1679","2008",3048,"SSEO","2C",150,"Ommaney","Standard Grid","26-Jun-08","Y",55.3328,-134.0362,65,680,0,0
"1680","2008",3046,"SSEO","2C",150,"Ommaney","Standard Grid","26-Jun-08","Y",55.1662,-133.9958,94,757,0,0
"1681","2008",3018,"SSEO","2C",140,"Ketchikan","Standard Grid","27-Jun-08","Y",54.6663,-133.737,129,422,0,0
"1682","2008",3007,"SSEO","2C",140,"Ketchikan","Standard Grid","27-Jun-08","Y",54.5005,-133.7537,139,509,0,0
"1683","2008",3006,"SSEO","2C",140,"Ketchikan","Standard Grid","27-Jun-08","Y",54.4993,-133.4708,164,640,0,0
"1684","2008",3017,"SSEO","2C",141,"Ketchikan","Standard Grid","27-Jun-08","Y",54.6662,-133.4132,166,730,0,0
"1685","2008",4013,"EYKT","3A",185,"Fairweather","Standard Grid","7-Jul-08","Y",58.3335,-137.1458,94,530,0,0
"1686","2008",4014,"EYKT","3A",185,"Fairweather","Standard Grid","7-Jul-08","Y",58.3333,-137.4622,103,609,0,0
"1687","2008",4022,"EYKT","3A",185,"Fairweather","Standard Grid","8-Jul-08","Y",58.5,-137.802,86,681,0,0
"1688","2008",4021,"EYKT","3A",185,"Fairweather","Standard Grid","7-Jul-08","Y",58.5005,-137.4927,36,746,0,0
"1689","2008",4036,"EYKT","3A",190,"Fairweather","Standard Grid","8-Jul-08","Y",58.8197,-138.0833,29,694,0.0109555758870968,0.0403019251579512
"1690","2008",4037,"EYKT","3A",190,"Fairweather","Standard Grid","8-Jul-08","Y",58.8215,-138.4002,40,418,0.00692999183198381,0.0254931383832381
"1691","2008",4043,"EYKT","3A",190,"Fairweather","Standard Grid","8-Jul-08","Y",58.9882,-138.4,34,707,0,0
"1692","2008",4044,"EYKT","3A",190,"Fairweather","Standard Grid","8-Jul-08","Y",59.01,-138.7165,86,762,0,0
"1693","2008",4045,"EYKT","3A",190,"Fairweather","Standard Grid","9-Jul-08","Y",58.9882,-139.0497,57,463,0,0
"1694","2008",4048,"EYKT","3A",190,"Fairweather","Standard Grid","9-Jul-08","Y",59.1543,-139.0335,30,506,0,0
"1695","2008",4049,"EYKT","3A",200,"Fairweather","Standard Grid","9-Jul-08","Y",59.1788,-139.3507,54,582,0,0
"1696","2008",4046,"EYKT","3A",190,"Fairweather","Standard Grid","9-Jul-08","Y",59.0117,-139.3667,60,633,0,0
"1697","2008",4047,"EYKT","3A",200,"Fairweather","Standard Grid","10-Jul-08","Y",59.0003,-139.6602,68,578,0,0
"1698","2008",4041,"EYKT","3A",200,"Fairweather","Standard Grid","10-Jul-08","Y",58.8333,-139.6777,89,798,0,0
"1699","2008",4039,"EYKT","3A",190,"Fairweather","Standard Grid","11-Jul-08","Y",58.8333,-139.071,106,467,0,0
"1700","2008",4038,"EYKT","3A",190,"Fairweather","Standard Grid","11-Jul-08","Y",58.8453,-138.7335,67,525,0,0
"1701","2008",4031,"EYKT","3A",190,"Fairweather","Standard Grid","11-Jul-08","Y",58.679,-138.7335,56,608,0.0543320104516129,0.19986942187867
"1702","2008",4032,"EYKT","3A",190,"Fairweather","Standard Grid","11-Jul-08","Y",58.6553,-139.0667,82,670,0,0
"1703","2008",4024,"EYKT","3A",190,"Fairweather","Standard Grid","12-Jul-08","Y",58.4878,-138.4333,63,502,0.0363719253012048,0.133800233456116
"1704","2008",4030,"EYKT","3A",190,"Fairweather","Standard Grid","12-Jul-08","Y",58.655,-138.4165,73,562,0,0
"1705","2008",4029,"EYKT","3A",190,"Fairweather","Standard Grid","12-Jul-08","Y",58.6798,-138.1,52,620,0.00339749287096774,0.0124982479078697
"1706","2008",4023,"EYKT","3A",190,"Fairweather","Standard Grid","12-Jul-08","Y",58.489,-138.1167,74,661,0,0
"1707","2008",4004,"EYKT","3A",185,"Fairweather","Standard Grid","13-Jul-08","Y",58.0002,-137.4887,88,405,0.0193531435171717,0.0711937874958059
"1708","2008",4003,"EYKT","3A",185,"Fairweather","Standard Grid","13-Jul-08","Y",58,-137.2218,117,502,0.00186581866467066,0.00686372719762085
"1709","2008",4001,"EYKT","3A",185,"Fairweather","Standard Grid","13-Jul-08","Y",57.8435,-137.2173,171,586,0,0
"1710","2008",4005,"EYKT","3A",185,"Fairweather","Standard Grid","17-Jul-08","Y",58,-137.8523,99,611,0,0
"1711","2008",4009,"EYKT","3A",185,"Fairweather","Standard Grid","17-Jul-08","Y",58.1667,-137.8388,84,687,0,0
"1712","2008",4015,"EYKT","3A",185,"Fairweather","Standard Grid","17-Jul-08","Y",58.3333,-137.7753,94,795,0,0
"1713","2008",4010,"EYKT","3A",185,"Fairweather","Standard Grid","17-Jul-08","Y",58.1667,-138.1542,81,822,0,0
"1714","2008",4018,"EYKT","3A",190,"Fairweather","Standard Grid","18-Jul-08","Y",58.322,-138.7668,66,535,0.103437200121704,0.380511106017051
"1715","2008",4025,"EYKT","3A",190,"Fairweather","Standard Grid","18-Jul-08","Y",58.4887,-138.75,54,620,0.0065828727082495,0.0242162024111081
"1716","2008",4026,"EYKT","3A",190,"Fairweather","Standard Grid","18-Jul-08","Y",58.5125,-139.0667,55,696,0,0
"1717","2008",4019,"EYKT","3A",190,"Fairweather","Standard Grid","18-Jul-08","Y",58.3228,-139.0832,60,741,0.1675461380625,0.616346597046669
"1718","2008",4034,"EYKT","3A",190,"Fairweather","Standard Grid","19-Jul-08","Y",58.6667,-139.677,104,524,0.00154553757373737,0.00568551943480458
"1719","2008",4040,"EYKT","3A",190,"Fairweather","Standard Grid","19-Jul-08","Y",58.8333,-139.3445,74,592,0.003988133072,0.0146710170459407
"1720","2008",4033,"EYKT","3A",190,"Fairweather","Standard Grid","19-Jul-08","Y",58.6667,-139.4085,139,672,0,0
"1721","2008",4028,"EYKT","3A",190,"Fairweather","Standard Grid","20-Jul-08","Y",58.4883,-139.7015,137,430,0,0
"1722","2008",4027,"EYKT","3A",190,"Fairweather","Standard Grid","20-Jul-08","Y",58.5102,-139.3838,92,487,0.042100592255489,0.154874096594458
"1723","2008",4020,"EYKT","3A",190,"Fairweather","Standard Grid","20-Jul-08","Y",58.3332,-139.3815,150,580,0,0
"1724","2008",4012,"EYKT","3A",190,"Fairweather","Standard Grid","21-Jul-08","Y",58.1665,-138.791,104,621,0.0283500475103306,0.104290409263778
"1725","2008",4011,"EYKT","3A",185,"Fairweather","Standard Grid","21-Jul-08","Y",58.1665,-138.4702,89,716,0.0184667644507042,0.0679330932916408
"1726","2008",4017,"EYKT","3A",190,"Fairweather","Standard Grid","21-Jul-08","Y",58.3327,-138.4525,71,771,0,0
"1727","2008",4016,"EYKT","3A",185,"Fairweather","Standard Grid","21-Jul-08","Y",58.3333,-138.1388,70,865,0,0
"1728","2008",4008,"EYKT","3A",185,"Fairweather","Standard Grid","22-Jul-08","Y",58.1667,-137.521,79,571,0,0
"1729","2008",4007,"EYKT","3A",185,"Fairweather","Standard Grid","22-Jul-08","Y",58.1667,-137.2058,66,643,0.00642454936,0.0236337833947401
"1730","2008",4006,"NSEO","3A",185,"Fairweather","Standard Grid","22-Jul-08","Y",58.1667,-136.9375,111,715,0,0
"1731","2008",4002,"NSEO","3A",185,"Fairweather","Standard Grid","22-Jul-08","Y",58,-136.8797,232,815,0,0
"1732","2008",4058,"EYKT","3A",200,"Yakutat","Standard Grid","20-Jul-08","Y",59.1668,-139.9775,63,498,0,0
"1733","2008",4057,"EYKT","3A",200,"Yakutat","Standard Grid","20-Jul-08","Y",59.1667,-139.706,71,554,0,0
"1734","2008",4064,"EYKT","3A",200,"Yakutat","Standard Grid","20-Jul-08","Y",59.3335,-139.6443,86,629,0,0
"1735","2008",3111,"NSEO","2C",181,"Sitka","Standard Grid","28-Jul-08","Y",57.833,-136.8632,215,384,0,0
"1736","2008",3110,"NSEO","2C",181,"Sitka","Standard Grid","28-Jul-08","Y",57.8333,-136.591,54,439,0.0304552308016032,0.109775142604279
"1737","2008",3108,"NSEO","2C",170,"Sitka","Standard Grid","28-Jul-08","Y",57.6667,-136.528,90,507,0,0
"1738","2008",3097,"CSEO","2C",170,"Sitka","Standard Grid","29-Jul-08","Y",57.1667,-135.879,36,391,0.0232090972665331,0.0744593301428738
"1739","2008",3098,"CSEO","2C",170,"Sitka","Standard Grid","29-Jul-08","Y",57.1667,-136.1773,116,471,0.00467986814457831,0.0150139336830108
"1740","2008",3092,"CSEO","2C",170,"Sitka","Standard Grid","29-Jul-08","Y",57.0002,-135.9803,58,533,0.0887200092313883,0.284631167760432
"1741","2008",3085,"CSEO","2C",160,"Sitka","Standard Grid","30-Jul-08","Y",56.6802,-135.2502,23,377,0.00515783048096192,0.016547330479618
"1742","2008",3083,"CSEO","2C",160,"Sitka","Standard Grid","30-Jul-08","Y",56.5002,-135.2298,59,441,0.0214218138554217,0.0687253748735871
"1743","2008",3084,"CSEO","2C",160,"Sitka","Standard Grid","30-Jul-08","Y",56.5002,-135.5277,84,515,0.107389229879518,0.344525684457285
"1744","2008",3086,"CSEO","2C",160,"Sitka","Standard Grid","31-Jul-08","Y",56.6668,-135.5443,74,380,0.0761265670883534,0.244228938608867
"1745","2008",3087,"CSEO","2C",160,"Sitka","Standard Grid","31-Jul-08","Y",56.6667,-135.8438,132,445,0,0
"1746","2008",3089,"CSEO","2C",160,"Sitka","Standard Grid","31-Jul-08","Y",56.8332,-135.8455,103,499,0.00521737959281437,0.0167383756946997
"1747","2008",3102,"CSEO","2C",170,"Sitka","Standard Grid","2-Aug-08","Y",57.345,-135.9163,51,383,0.0114794146513026,0.0368282107465166
"1748","2008",3103,"CSEO","2C",170,"Sitka","Standard Grid","2-Aug-08","Y",57.3333,-136.193,96,456,0.0446948044208417,0.143389687234472
"1749","2008",3106,"NSEO","2C",170,"Sitka","Standard Grid","2-Aug-08","Y",57.4998,-136.2117,52,524,0.0185845825201613,0.0669876780669249
"1750","2008",3113,"NSEO","2C",181,"Sitka","Extra Station","3-Aug-08","Y",58,-136.6402,54,449,0.0833948362911647,0.300594669794496
"1751","2007",4064,"EYKT","3A",200,"Yakutat","Standard Grid","7-Jun-07","Y",59.3183,-139.6517,87,413,0,0
"1752","2007",4057,"EYKT","3A",200,"Yakutat","Standard Grid","7-Jun-07","Y",59.1683,-139.6715,75,482,0,0
"1753","2007",4058,"EYKT","3A",200,"Yakutat","Standard Grid","6-Jun-07","Y",59.1582,-139.9792,64,569,0,0
"1754","2007",4072,"EYKT","3A",200,"Yakutat","Standard Grid","8-Jun-07","Y",59.4907,-139.982,62,486,0,0
"1755","2007",4065,"EYKT","3A",200,"Yakutat","Standard Grid","9-Jun-07","Y",59.3238,-139.9808,88,399,0,0
"1756","2007",4013,"EYKT","3A",185,"Fairweather","Standard Grid","12-Jun-07","Y",58.3335,-137.147,91,433,0,0
"1757","2007",4014,"EYKT","3A",185,"Fairweather","Standard Grid","12-Jun-07","Y",58.3335,-137.463,100,502,0,0
"1758","2007",4022,"EYKT","3A",185,"Fairweather","Standard Grid","12-Jun-07","Y",58.5003,-137.81,84,560,0,0
"1759","2007",4021,"EYKT","3A",185,"Fairweather","Standard Grid","12-Jun-07","Y",58.5002,-137.4995,45,627,0,0
"1760","2007",4010,"EYKT","3A",185,"Fairweather","Standard Grid","13-Jun-07","Y",58.1665,-138.1608,80,467,0,0
"1761","2007",4015,"EYKT","3A",185,"Fairweather","Standard Grid","13-Jun-07","Y",58.3333,-137.781,93,541,0,0
"1762","2007",4016,"EYKT","3A",185,"Fairweather","Standard Grid","13-Jun-07","Y",58.3333,-138.0982,69,617,0,0
"1763","2007",4017,"EYKT","3A",190,"Fairweather","Standard Grid","13-Jun-07","Y",58.3335,-138.4028,71,677,0,0
"1764","2007",4025,"EYKT","3A",190,"Fairweather","Standard Grid","14-Jun-07","Y",58.4998,-138.7348,53,518,0,0
"1765","2007",4026,"EYKT","3A",190,"Fairweather","Standard Grid","14-Jun-07","Y",58.5,-139.0465,55,596,0,0
"1766","2007",4027,"EYKT","3A",190,"Fairweather","Standard Grid","14-Jun-07","Y",58.4998,-139.4035,90,650,0.0362264376,0.149565086895574
"1767","2007",4020,"EYKT","3A",190,"Fairweather","Standard Grid","14-Jun-07","Y",58.3333,-139.4255,145,750,0,0
"1768","2007",4024,"EYKT","3A",190,"Fairweather","Standard Grid","15-Jun-07","Y",58.5003,-138.4533,62,408,0,0
"1769","2007",4023,"EYKT","3A",190,"Fairweather","Standard Grid","15-Jun-07","Y",58.5,-138.1437,71,480,0,0
"1770","2007",4029,"EYKT","3A",190,"Fairweather","Standard Grid","15-Jun-07","Y",58.6668,-138.0818,49,540,0,0
"1771","2007",4030,"EYKT","3A",190,"Fairweather","Standard Grid","15-Jun-07","Y",58.6663,-138.4385,72,603,0,0
"1772","2007",4039,"EYKT","3A",190,"Fairweather","Standard Grid","16-Jun-07","Y",58.8333,-139.0742,104,401,0,0
"1773","2007",4032,"EYKT","3A",190,"Fairweather","Standard Grid","16-Jun-07","Y",58.6667,-139.0868,78,460,0,0
"1774","2007",4031,"EYKT","3A",190,"Fairweather","Standard Grid","16-Jun-07","Y",58.6667,-138.7588,53,530,0.0281661926,0.116287422192915
"1775","2007",4038,"EYKT","3A",190,"Fairweather","Standard Grid","16-Jun-07","Y",58.834,-138.7228,66,597,0,0
"1776","2007",4034,"EYKT","3A",190,"Fairweather","Standard Grid","17-Jun-07","Y",58.6667,-139.723,101,543,0,0
"1777","2007",4033,"EYKT","3A",190,"Fairweather","Standard Grid","17-Jun-07","Y",58.6668,-139.416,136,610,0,0
"1778","2007",4028,"EYKT","3A",190,"Fairweather","Standard Grid","17-Jun-07","Y",58.4998,-139.6658,136,683,0,0
"1779","2007",4041,"EYKT","3A",200,"Fairweather","Standard Grid","18-Jun-07","Y",58.8333,-139.6822,87,513,0,0
"1780","2007",4040,"EYKT","3A",190,"Fairweather","Standard Grid","18-Jun-07","Y",58.8333,-139.3553,74,550,0.00799636128,0.0330139132888851
"1781","2007",4047,"EYKT","3A",200,"Fairweather","Standard Grid","18-Jun-07","Y",59,-139.6593,65,619,0,0
"1782","2007",4048,"EYKT","3A",190,"Fairweather","Standard Grid","20-Jun-07","Y",59.1667,-139.0135,30,358,0,0
"1783","2007",4049,"EYKT","3A",200,"Fairweather","Standard Grid","20-Jun-07","Y",59.1668,-139.3235,54,418,0,0
"1784","2007",4046,"EYKT","3A",190,"Fairweather","Standard Grid","20-Jun-07","Y",59,-139.394,60,474,0,0
"1785","2007",4045,"EYKT","3A",190,"Fairweather","Standard Grid","20-Jun-07","Y",59,-139.0628,56,544,0,0
"1786","2007",4043,"EYKT","3A",190,"Fairweather","Standard Grid","21-Jun-07","Y",58.9998,-138.3752,34,432,0,0
"1787","2007",4044,"EYKT","3A",190,"Fairweather","Standard Grid","21-Jun-07","Y",59,-138.6877,86,494,0,0
"1788","2007",4037,"EYKT","3A",190,"Fairweather","Standard Grid","21-Jun-07","Y",58.8583,-138.4335,36,526,0,0
"1789","2007",4036,"EYKT","3A",190,"Fairweather","Standard Grid","21-Jun-07","Y",58.8333,-138.1068,28,585,0,0
"1790","2007",4018,"EYKT","3A",190,"Fairweather","Standard Grid","22-Jun-07","Y",58.3335,-138.7452,64,443,0.059842653,0.247067395774149
"1791","2007",4019,"EYKT","3A",190,"Fairweather","Standard Grid","22-Jun-07","Y",58.3335,-139.0552,60,516,0.05211563896,0.215165514084962
"1792","2007",4012,"EYKT","3A",190,"Fairweather","Standard Grid","22-Jun-07","Y",58.1668,-138.7925,102,589,0.0422492889,0.174431133289372
"1793","2007",4011,"EYKT","3A",185,"Fairweather","Standard Grid","22-Jun-07","Y",58.167,-138.4307,88,659,0,0
"1794","2007",4008,"EYKT","3A",185,"Fairweather","Standard Grid","23-Jun-07","Y",58.1667,-137.4718,77,402,0,0
"1795","2007",4009,"EYKT","3A",185,"Fairweather","Standard Grid","23-Jun-07","Y",58.1667,-137.7862,84,463,0,0
"1796","2007",4005,"EYKT","3A",185,"Fairweather","Standard Grid","23-Jun-07","Y",58.0002,-137.8072,99,526,0,0
"1797","2007",4004,"EYKT","3A",185,"Fairweather","Standard Grid","23-Jun-07","Y",58,-137.496,88,580,0.0166513087,0.0687468765253511
"1798","2007",3108,"NSEO","2C",170,"Sitka","Standard Grid","24-Jun-07","Y",57.6668,-136.5757,89,549,0.0181132188,0.0652886589415645
"1799","2007",3110,"NSEO","2C",181,"Sitka","Standard Grid","24-Jun-07","Y",57.8335,-136.5453,54,603,0.00630204179,0.022715557163302
"1800","2007",3111,"NSEO","2C",181,"Sitka","Standard Grid","24-Jun-07","Y",57.8332,-136.9008,192,583,0,0
"1801","2007",4001,"EYKT","3A",185,"Fairweather","Standard Grid","24-Jun-07","Y",57.8337,-137.2507,158,633,0,0
"1802","2007",4006,"NSEO","3A",185,"Fairweather","Standard Grid","25-Jun-07","Y",58.1665,-136.9565,107,373,0,0
"1803","2007",4007,"EYKT","3A",185,"Fairweather","Standard Grid","25-Jun-07","Y",58.1645,-137.1968,66,410,0.02612856212,0.107874826310115
"1804","2007",4003,"EYKT","3A",185,"Fairweather","Standard Grid","25-Jun-07","Y",58,-137.221,112,459,0,0
"1805","2007",4002,"NSEO","3A",185,"Fairweather","Standard Grid","25-Jun-07","Y",58.0002,-136.9302,227,529,0,0
"1806","2007",3113,"NSEO","2C",181,"Sitka","Extra Station","26-Jun-07","Y",58.0002,-136.6912,56,372,0.00555987318,0.0200404283642492
"1807","2007",3116,"NSEO","2C",181,"Sitka","Standard Grid","26-Jun-07","Y",58.1672,-136.577,124,419,0,0
"1808","2007",3106,"NSEO","2C",170,"Sitka","Standard Grid","2-Jul-07","Y",57.5002,-136.2077,52,370,0.01037137636,0.0373833751692242
"1809","2007",3103,"CSEO","2C",170,"Sitka","Standard Grid","2-Jul-07","Y",57.3332,-136.186,94,424,0.0466448052,0.139430855456499
"1810","2007",3102,"CSEO","2C",170,"Sitka","Standard Grid","2-Jul-07","Y",57.3478,-135.9168,54,469,0,0
"1811","2007",3097,"CSEO","2C",170,"Sitka","Standard Grid","3-Jul-07","Y",57.167,-135.8727,36,367,0.01826944365,0.054611100762702
"1812","2007",3098,"CSEO","2C",170,"Sitka","Standard Grid","3-Jul-07","Y",57.1667,-136.1753,115,422,0,0
"1813","2007",3092,"CSEO","2C",170,"Sitka","Standard Grid","3-Jul-07","Y",57,-135.9773,55,472,0.07284607396,0.217751802485611
"1814","2007",3079,"CSEO","2C",160,"Ommaney","Standard Grid","4-Jul-07","Y",56.3337,-135.2165,87,413,0,0
"1815","2007",3080,"CSEO","2C",160,"Ommaney","Standard Grid","4-Jul-07","Y",56.3332,-135.5128,109,485,0.0155482684,0.0464769518188331
"1816","2007",3084,"CSEO","2C",160,"Sitka","Standard Grid","4-Jul-07","Y",56.5,-135.5193,83,537,0.19591486960396,0.585629584010541
"1817","2007",3083,"CSEO","2C",160,"Sitka","Standard Grid","4-Jul-07","Y",56.5,-135.281,58,585,0,0
"1818","2007",3085,"CSEO","2C",160,"Sitka","Standard Grid","5-Jul-07","Y",56.6667,-135.2438,24,471,0.01462443744,0.043715432277746
"1819","2007",3086,"CSEO","2C",160,"Sitka","Standard Grid","5-Jul-07","Y",56.6667,-135.5473,74,550,0.05225712424,0.156207224046457
"1820","2007",3087,"CSEO","2C",160,"Sitka","Standard Grid","5-Jul-07","Y",56.6667,-135.8383,125,622,0,0
"1821","2007",3089,"CSEO","2C",160,"Sitka","Standard Grid","5-Jul-07","Y",56.8225,-135.8667,100,701,0.0308245268910891,0.0921408104297629
"1822","2007",3051,"SSEO","2C",151,"Ommaney","Standard Grid","7-Jul-07","Y",55.5003,-133.9967,51,426,0.0181132188,0.0589468338502177
"1823","2007",3052,"SSEO","2C",150,"Ommaney","Standard Grid","7-Jul-07","Y",55.5003,-134.296,91,474,0,0
"1824","2007",3048,"SSEO","2C",150,"Ommaney","Standard Grid","7-Jul-07","Y",55.3333,-134.041,64,530,0,0
"1825","2007",3047,"SSEO","2C",151,"Ommaney","Standard Grid","7-Jul-07","Y",55.334,-133.7623,41,586,0,0
"1826","2007",3045,"SSEO","2C",141,"Ommaney","Standard Grid","8-Jul-07","Y",55.1668,-133.7392,85,472,0,0
"1827","2007",3046,"SSEO","2C",150,"Ommaney","Standard Grid","8-Jul-07","Y",55.1672,-134.0208,96,524,0,0
"1828","2007",3044,"SSEO","2C",140,"Ommaney","Standard Grid","8-Jul-07","Y",55,-134.3223,115,581,0,0
"1829","2007",3043,"SSEO","2C",140,"Ommaney","Standard Grid","8-Jul-07","Y",55.0003,-133.9932,82,636,0,0
"1830","2007",3055,"SSEO","2C",151,"Ommaney","Standard Grid","9-Jul-07","Y",55.6543,-134.0167,105,373,0,0
"1831","2007",3063,"SSEO","2C",150,"Ommaney","Standard Grid","12-Jul-07","Y",55.8333,-134.8878,100,375,0.0181132188,0.0589468338502177
"1832","2007",3064,"SSEO","2C",150,"Ommaney","Standard Grid","12-Jul-07","Y",55.8337,-135.1912,126,450,0,0
"1833","2007",3070,"CSEO","2C",160,"Ommaney","Standard Grid","12-Jul-07","Y",56.0005,-135.2422,199,526,0,0
"1834","2007",3069,"CSEO","2C",160,"Ommaney","Standard Grid","12-Jul-07","Y",56,-134.942,194,601,0,0
"1835","2007",3078,"CSEO","2C",160,"Ommaney","Standard Grid","15-Jul-07","Y",56.3332,-134.9182,60,365,0.03343403487,0.0999411630791102
"1836","2007",3074,"CSEO","2C",160,"Ommaney","Standard Grid","15-Jul-07","Y",56.1667,-134.912,99,435,0,0
"1837","2007",3075,"CSEO","2C",160,"Ommaney","Standard Grid","15-Jul-07","Y",56.1667,-135.2103,152,502,0,0
"1838","2007",3049,"SSEO","2C",150,"Ommaney","Standard Grid","16-Jul-07","Y",55.3333,-134.2903,100,435,0.0480085321287129,0.156236779229105
"1839","2007",3050,"SSEO","2C",150,"Ommaney","Standard Grid","16-Jul-07","Y",55.3333,-134.573,109,512,0.0543396564,0.176840501550653
"1840","2007",3054,"SSEO","2C",150,"Ommaney","Standard Grid","16-Jul-07","Y",55.5003,-134.875,156,608,0,0
"1841","2007",3053,"SSEO","2C",150,"Ommaney","Standard Grid","16-Jul-07","Y",55.5,-134.6457,110,667,0,0
"1842","2007",3056,"SSEO","2C",150,"Ommaney","Standard Grid","17-Jul-07","Y",55.6667,-134.294,114,456,0,0
"1843","2007",3057,"SSEO","2C",150,"Ommaney","Standard Grid","17-Jul-07","Y",55.6667,-134.5872,110,541,0,0
"1844","2007",3058,"SSEO","2C",150,"Ommaney","Standard Grid","17-Jul-07","Y",55.6667,-134.887,107,610,0.0704154815,0.229156934186848
"1845","2007",3062,"SSEO","2C",150,"Ommaney","Standard Grid","17-Jul-07","Y",55.8337,-134.5932,77,719,0.1541053292,0.501513360827149
"1846","2007",3068,"CSEO","2C",150,"Ommaney","Standard Grid","18-Jul-07","Y",56,-134.6115,204,447,0,0
"1847","2007",3018,"SSEO","2C",140,"Ketchikan","Standard Grid","23-Jul-07","Y",54.6658,-133.695,128,439,0,0
"1848","2007",3019,"SSEO","2C",140,"Ketchikan","Standard Grid","23-Jul-07","Y",54.6653,-133.98,122,519,0,0
"1849","2007",3026,"SSEO","2C",140,"Ketchikan","Standard Grid","23-Jul-07","Y",54.8315,-134.0363,105,607,0.0131695121818182,0.0428582603148401
"1850","2007",3025,"SSEO","2C",140,"Ketchikan","Standard Grid","23-Jul-07","Y",54.833,-133.737,75,677,0.1630189692,0.530521504651959
"1851","2007",3024,"SSEO","2C",141,"Ketchikan","Standard Grid","24-Jul-07","Y",54.834,-133.4537,65,394,0,0
"1852","2007",3017,"SSEO","2C",141,"Ketchikan","Standard Grid","24-Jul-07","Y",54.6705,-133.4513,165,489,0,0
"1853","2007",3016,"SSEO","2C",141,"Ketchikan","Standard Grid","24-Jul-07","Y",54.667,-133.17,121,575,0.09331369504,0.303675836868529
"1854","2007",3023,"SSEO","2C",141,"Ketchikan","Standard Grid","24-Jul-07","Y",54.8332,-133.1375,114,649,0,0
"1855","2007",3029,"SSEO","2C",141,"Ketchikan","Standard Grid","25-Jul-07","Y",54.9963,-133.4138,49,394,0.1306428106,0.425158009473372
"1856","2007",3030,"SSEO","2C",140,"Ketchikan","Standard Grid","25-Jul-07","Y",54.9982,-133.696,57,472,0,0
"1857","2007",3034,"SSEO","2C",141,"Ketchikan","Standard Grid","25-Jul-07","Y",55.1678,-133.4547,49,548,0.07801274803,0.253881132177529
"1858","2007",3007,"SSEO","2C",140,"Ketchikan","Standard Grid","26-Jul-07","Y",54.5003,-133.7523,137,437,0,0
"1859","2007",3006,"SSEO","2C",140,"Ketchikan","Standard Grid","26-Jul-07","Y",54.4998,-133.4688,163,535,0,0
"1860","2007",3005,"SSEO","2C",142,"Ketchikan","Standard Grid","26-Jul-07","Y",54.4998,-133.1853,103,638,0.14386207124,0.468178168903501
"1861","2007",3015,"SSEO","2C",141,"Ketchikan","Standard Grid","27-Jul-07","Y",54.6678,-132.8295,73,423,0.019947551,0.0649164009720759
"1862","2006",4064,"EYKT","3A",200,"Yakutat","Standard Grid","5-Jun-06","Y",59.3227,-139.6963,87,403,0,0
"1863","2006",4057,"EYKT","3A",200,"Yakutat","Standard Grid","5-Jun-06","Y",59.1793,-139.6547,73,532,0,0
"1864","2006",4058,"EYKT","3A",200,"Yakutat","Standard Grid","5-Jun-06","Y",59.1575,-139.9725,63,642,0,0
"1865","2006",4065,"EYKT","3A",200,"Yakutat","Standard Grid","6-Jun-06","Y",59.3187,-139.9698,85,429,0,0
"1866","2006",4013,"EYKT","3A",185,"Fairweather","Standard Grid","5-Jun-06","Y",58.3333,-137.1405,90,441,0,0
"1867","2006",4014,"EYKT","3A",185,"Fairweather","Standard Grid","5-Jun-06","Y",58.3333,-137.4563,101,505,0,0
"1868","2006",4022,"EYKT","3A",185,"Fairweather","Standard Grid","5-Jun-06","Y",58.5003,-137.8063,84,567,0,0
"1869","2006",4021,"EYKT","3A",185,"Fairweather","Standard Grid","5-Jun-06","Y",58.5002,-137.5033,40,644,0,0
"1870","2006",4004,"EYKT","3A",185,"Fairweather","Standard Grid","6-Jun-06","Y",58,-137.4725,87,400,0.03310590775,0.136681614241463
"1871","2006",4005,"EYKT","3A",185,"Fairweather","Standard Grid","6-Jun-06","Y",58,-137.8028,98,474,0,0
"1872","2006",4009,"EYKT","3A",185,"Fairweather","Standard Grid","6-Jun-06","Y",58.1668,-137.845,84,539,0,0
"1873","2006",4008,"EYKT","3A",185,"Fairweather","Standard Grid","6-Jun-06","Y",58.1667,-137.5303,77,594,0,0
"1874","2006",4010,"EYKT","3A",185,"Fairweather","Standard Grid","7-Jun-06","Y",58.1668,-138.1032,80,453,0,0
"1875","2006",4017,"EYKT","3A",190,"Fairweather","Standard Grid","7-Jun-06","Y",58.3337,-138.4602,70,530,0,0
"1876","2006",4016,"EYKT","3A",185,"Fairweather","Standard Grid","7-Jun-06","Y",58.3335,-138.1515,70,597,0,0
"1877","2006",4015,"EYKT","3A",185,"Fairweather","Standard Grid","7-Jun-06","Y",58.3333,-137.8365,94,660,0,0
"1878","2006",4025,"EYKT","3A",190,"Fairweather","Standard Grid","8-Jun-06","Y",58.5,-138.7123,51,503,0.030188698,0.124637572412979
"1879","2006",4026,"EYKT","3A",190,"Fairweather","Standard Grid","8-Jun-06","Y",58.5,-139.0252,55,574,0,0
"1880","2006",4027,"EYKT","3A",190,"Fairweather","Standard Grid","8-Jun-06","Y",58.5,-139.3512,89,657,0.02417240715,0.0997986116047181
"1881","2006",4020,"EYKT","3A",190,"Fairweather","Standard Grid","8-Jun-06","Y",58.3333,-139.4315,147,752,0,0
"1882","2006",4028,"EYKT","3A",190,"Fairweather","Standard Grid","9-Jun-06","Y",58.5,-139.6618,135,445,0,0
"1883","2006",4034,"EYKT","3A",190,"Fairweather","Standard Grid","9-Jun-06","Y",58.6667,-139.737,102,601,0,0
"1884","2006",4033,"EYKT","3A",190,"Fairweather","Standard Grid","9-Jun-06","Y",58.6668,-139.4132,136,682,0,0
"1885","2006",4032,"EYKT","3A",190,"Fairweather","Standard Grid","10-Jun-06","Y",58.6667,-139.0898,77,421,0,0
"1886","2006",4031,"EYKT","3A",190,"Fairweather","Standard Grid","10-Jun-06","Y",58.6667,-138.7635,54,488,0,0
"1887","2006",4038,"EYKT","3A",190,"Fairweather","Standard Grid","10-Jun-06","Y",58.8333,-138.7012,65,548,0,0
"1888","2006",4039,"EYKT","3A",190,"Fairweather","Standard Grid","10-Jun-06","Y",58.8333,-139.0242,102,623,0,0
"1889","2006",4041,"EYKT","3A",200,"Fairweather","Standard Grid","11-Jun-06","Y",58.8333,-139.7317,87,561,0,0
"1890","2006",4040,"EYKT","3A",190,"Fairweather","Standard Grid","11-Jun-06","Y",58.8333,-139.3513,74,599,0,0
"1891","2006",4047,"EYKT","3A",200,"Fairweather","Standard Grid","11-Jun-06","Y",59,-139.6465,65,685,0,0
"1892","2006",4048,"EYKT","3A",190,"Fairweather","Standard Grid","13-Jun-06","Y",59.1667,-139.0135,30,410,0,0
"1893","2006",4049,"EYKT","3A",200,"Fairweather","Standard Grid","13-Jun-06","Y",59.1668,-139.3202,52,472,0,0
"1894","2006",4046,"EYKT","3A",190,"Fairweather","Standard Grid","13-Jun-06","Y",59,-139.3985,59,552,0,0
"1895","2006",4045,"EYKT","3A",190,"Fairweather","Standard Grid","13-Jun-06","Y",59,-139.0013,56,599,0,0
"1896","2006",4043,"EYKT","3A",190,"Fairweather","Standard Grid","14-Jun-06","Y",58.9998,-138.3592,34,444,0,0
"1897","2006",4044,"EYKT","3A",190,"Fairweather","Standard Grid","14-Jun-06","Y",59.0002,-138.6865,86,517,0,0
"1898","2006",4037,"EYKT","3A",190,"Fairweather","Standard Grid","14-Jun-06","Y",58.8335,-138.4317,39,556,0,0
"1899","2006",4036,"EYKT","3A",190,"Fairweather","Standard Grid","14-Jun-06","Y",58.8335,-138.1315,30,623,0,0
"1900","2006",4011,"EYKT","3A",185,"Fairweather","Standard Grid","15-Jun-06","Y",58.1667,-138.4232,88,492,0.0271043454,0.111903461769
"1901","2006",4012,"EYKT","3A",190,"Fairweather","Standard Grid","15-Jun-06","Y",58.1667,-138.737,101,570,0.03114449065,0.12858367421658
"1902","2006",4019,"EYKT","3A",190,"Fairweather","Standard Grid","15-Jun-06","Y",58.3333,-139.0508,60,664,0.0496278482583333,0.204894379048687
"1903","2006",4018,"EYKT","3A",190,"Fairweather","Standard Grid","15-Jun-06","Y",58.3333,-138.7497,65,710,0.075471745,0.311593931032447
"1904","2006",4029,"EYKT","3A",190,"Fairweather","Standard Grid","16-Jun-06","Y",58.6667,-138.0677,51,414,0.015094349,0.0623187862064894
"1905","2006",4030,"EYKT","3A",190,"Fairweather","Standard Grid","16-Jun-06","Y",58.6667,-138.384,73,494,0,0
"1906","2006",4024,"EYKT","3A",190,"Fairweather","Standard Grid","16-Jun-06","Y",58.5,-138.4003,63,574,0,0
"1907","2006",4023,"EYKT","3A",190,"Fairweather","Standard Grid","16-Jun-06","Y",58.5,-138.1532,72,643,0,0
"1908","2006",3108,"NSEO","2C",170,"Sitka","Standard Grid","17-Jun-06","Y",57.6667,-136.5255,90,523,0.135849141,0.489664942061734
"1909","2006",3110,"NSEO","2C",181,"Sitka","Standard Grid","17-Jun-06","Y",57.8337,-136.5425,55,579,0.0267361861666667,0.0963699361945363
"1910","2006",3111,"NSEO","2C",181,"Sitka","Standard Grid","17-Jun-06","Y",57.8333,-136.8525,194,661,0,0
"1911","2006",4001,"EYKT","3A",185,"Fairweather","Standard Grid","17-Jun-06","Y",57.8333,-137.1885,166,741,0,0
"1912","2006",3116,"NSEO","2C",181,"Sitka","Standard Grid","23-Jun-06","Y",58.1667,-136.5755,119,472,0,0
"1913","2006",3113,"NSEO","2C",181,"Sitka","Extra Station","23-Jun-06","Y",58.0002,-136.6417,55,537,0.03761094575,0.135567744013639
"1914","2006",4006,"NSEO","3A",185,"Fairweather","Standard Grid","24-Jun-06","Y",58.1667,-136.8905,106,434,0,0
"1915","2006",4007,"EYKT","3A",185,"Fairweather","Standard Grid","24-Jun-06","Y",58.1663,-137.1572,65,507,0.00519074844166667,0.02143061236943
"1916","2006",4003,"EYKT","3A",185,"Fairweather","Standard Grid","24-Jun-06","Y",58,-137.1703,108,581,0,0
"1917","2006",4002,"NSEO","3A",185,"Fairweather","Standard Grid","24-Jun-06","Y",58,-136.8787,225,633,0,0
"1918","2006",3106,"NSEO","2C",170,"Sitka","Standard Grid","25-Jun-06","Y",57.5002,-136.202,51,375,0.00935375185,0.033715372242877
"1919","2006",3103,"CSEO","2C",170,"Sitka","Standard Grid","25-Jun-06","Y",57.3333,-136.2428,94,426,0.0786491661666667,0.2350984310587
"1920","2006",3102,"CSEO","2C",170,"Sitka","Standard Grid","25-Jun-06","Y",57.314,-135.9167,43,494,0.0103814968833333,0.0310324158318523
"1921","2006",3097,"CSEO","2C",170,"Sitka","Standard Grid","26-Jun-06","Y",57.1667,-135.8733,39,380,0.0184190772666667,0.0550583862232678
"1922","2006",3098,"CSEO","2C",170,"Sitka","Standard Grid","26-Jun-06","Y",57.1668,-136.1665,114,450,0.015094349,0.0451200939655538
"1923","2006",3092,"CSEO","2C",170,"Sitka","Standard Grid","26-Jun-06","Y",57.0002,-135.977,55,512,0.0818318482333333,0.244612118194891
"1924","2006",3089,"CSEO","2C",160,"Sitka","Standard Grid","27-Jun-06","Y",56.8335,-135.8352,101,470,0.033837001725,0.101145713362306
"1925","2006",3087,"CSEO","2C",160,"Sitka","Standard Grid","27-Jun-06","Y",56.6667,-135.8968,129,550,0,0
"1926","2006",3086,"CSEO","2C",160,"Sitka","Standard Grid","27-Jun-06","Y",56.6668,-135.5953,73,607,0.04634827085,0.138544453682165
"1927","2006",3085,"CSEO","2C",160,"Sitka","Standard Grid","27-Jun-06","Y",56.6667,-135.2953,25,675,0.0294176290333333,0.0879353052077837
"1928","2006",3083,"CSEO","2C",160,"Sitka","Standard Grid","28-Jun-06","Y",56.5,-135.221,60,411,0.0288987047,0.0863841343238315
"1929","2006",3079,"CSEO","2C",160,"Ommaney","Standard Grid","28-Jun-06","Y",56.3333,-135.2128,87,471,0.0114153216333333,0.0341227292904795
"1930","2006",3080,"CSEO","2C",160,"Ommaney","Standard Grid","28-Jun-06","Y",56.3333,-135.5105,109,545,0,0
"1931","2006",3084,"CSEO","2C",160,"Sitka","Standard Grid","28-Jun-06","Y",56.5,-135.5838,85,617,0.1166421188,0.348667131030115
"1932","2006",3068,"CSEO","2C",150,"Ommaney","Standard Grid","2-Jul-06","Y",56.0002,-134.6097,204,470,0,0
"1933","2006",3044,"SSEO","2C",140,"Ommaney","Standard Grid","3-Jul-06","Y",55,-134.3235,115,446,0,0
"1934","2006",3043,"SSEO","2C",140,"Ommaney","Standard Grid","3-Jul-06","Y",55,-134.0475,82,521,0.00972017656666667,0.0316328996738051
"1935","2006",3045,"SSEO","2C",141,"Ommaney","Standard Grid","3-Jul-06","Y",55.1667,-133.6958,85,585,0,0
"1936","2006",3046,"SSEO","2C",150,"Ommaney","Standard Grid","3-Jul-06","Y",55.1668,-133.9788,89,661,0,0
"1937","2006",3048,"SSEO","2C",150,"Ommaney","Standard Grid","4-Jul-06","Y",55.3333,-134.046,64,439,0,0
"1938","2006",3047,"SSEO","2C",151,"Ommaney","Standard Grid","4-Jul-06","Y",55.3333,-133.8163,50,498,0,0
"1939","2006",3051,"SSEO","2C",151,"Ommaney","Standard Grid","4-Jul-06","Y",55.5,-133.9933,50,573,0.110463550925,0.359487546348253
"1940","2006",3052,"SSEO","2C",150,"Ommaney","Standard Grid","4-Jul-06","Y",55.5,-134.2855,91,643,0,0
"1941","2006",3050,"SSEO","2C",150,"Ommaney","Standard Grid","5-Jul-06","Y",55.3333,-134.6353,110,508,0.0202919595833333,0.0660372285711076
"1942","2006",3049,"SSEO","2C",150,"Ommaney","Standard Grid","5-Jul-06","Y",55.3335,-134.353,102,598,0.1278434957,0.416048046626529
"1943","2006",3053,"SSEO","2C",150,"Ommaney","Standard Grid","5-Jul-06","Y",55.5003,-134.5983,112,660,0,0
"1944","2006",3054,"SSEO","2C",150,"Ommaney","Standard Grid","5-Jul-06","Y",55.5002,-134.8612,159,744,0,0
"1945","2006",3063,"SSEO","2C",150,"Ommaney","Standard Grid","6-Jul-06","Y",55.8333,-134.9443,101,528,0.0120878847166667,0.0393382611816038
"1946","2006",3069,"CSEO","2C",160,"Ommaney","Standard Grid","6-Jul-06","Y",56,-134.8943,194,597,0,0
"1947","2006",3070,"CSEO","2C",160,"Ommaney","Standard Grid","6-Jul-06","Y",55.9998,-135.2375,199,663,0,0
"1948","2006",3075,"CSEO","2C",160,"Ommaney","Standard Grid","8-Jul-06","Y",56.1667,-135.2558,152,387,0,0
"1949","2006",3074,"CSEO","2C",160,"Ommaney","Standard Grid","8-Jul-06","Y",56.1667,-134.9082,99,633,0.0120878847166667,0.0361331577970525
"1950","2006",3078,"CSEO","2C",160,"Ommaney","Standard Grid","8-Jul-06","Y",56.3333,-134.9172,57,378,0.0364304329,0.108898009159176
"1951","2006",3056,"SSEO","2C",150,"Ommaney","Standard Grid","10-Jul-06","Y",55.6667,-134.2932,112,466,0,0
"1952","2006",3057,"SSEO","2C",150,"Ommaney","Standard Grid","10-Jul-06","Y",55.6667,-134.5865,109,540,0,0
"1953","2006",3058,"SSEO","2C",150,"Ommaney","Standard Grid","10-Jul-06","Y",55.6667,-134.8807,106,617,0.0943789994,0.307142714832197
"1954","2006",3062,"SSEO","2C",150,"Ommaney","Standard Grid","10-Jul-06","Y",55.8337,-134.5818,72,691,0.0902662698,0.293758435037484
"1955","2006",3055,"SSEO","2C",151,"Ommaney","Standard Grid","11-Jul-06","Y",55.6667,-133.9847,98,414,0.0451160023,0.146823461966028
"1956","2006",3019,"SSEO","2C",140,"Ketchikan","Standard Grid","3-Aug-06","Y",54.6523,-133.9998,121,401,0,0
"1957","2006",3026,"SSEO","2C",140,"Ketchikan","Standard Grid","3-Aug-06","Y",54.8173,-134.0167,104,473,0.0110936653109244,0.0361027188537568
"1958","2006",3025,"SSEO","2C",140,"Ketchikan","Standard Grid","3-Aug-06","Y",54.8473,-133.7167,76,574,0.101459797916667,0.330186142855538
"1959","2006",3018,"SSEO","2C",140,"Ketchikan","Standard Grid","3-Aug-06","Y",54.6825,-133.7167,131,663,0,0
"1960","2006",3016,"SSEO","2C",141,"Ketchikan","Standard Grid","4-Aug-06","Y",54.652,-133.15,129,409,0.0205091164639175,0.0667439340275242
"1961","2006",3017,"SSEO","2C",141,"Ketchikan","Standard Grid","4-Aug-06","Y",54.6535,-133.4335,162,501,0,0
"1962","2006",3024,"SSEO","2C",141,"Ketchikan","Standard Grid","4-Aug-06","Y",54.818,-133.4332,67,597,0.0264441749166667,0.0860587177977911
"1963","2006",3023,"SSEO","2C",141,"Ketchikan","Standard Grid","4-Aug-06","Y",54.8483,-133.1502,117,694,0,0
"1964","2006",3029,"SSEO","2C",141,"Ketchikan","Standard Grid","5-Aug-06","Y",54.9852,-133.4333,51,390,0.0348129579583333,0.113293703966326
"1965","2006",3034,"SSEO","2C",141,"Ketchikan","Standard Grid","5-Aug-06","Y",55.1667,-133.4118,44,467,0.076930924525,0.250360495061144
"1966","2006",3030,"SSEO","2C",140,"Ketchikan","Standard Grid","5-Aug-06","Y",55.0002,-133.7405,57,531,0,0
"1967","2006",3007,"SSEO","2C",140,"Ketchikan","Standard Grid","6-Aug-06","Y",54.5,-133.7592,136,668,0,0
"1968","2006",3006,"SSEO","2C",140,"Ketchikan","Standard Grid","6-Aug-06","Y",54.5,-133.4727,161,422,0,0
"1969","2006",3005,"SSEO","2C",142,"Ketchikan","Standard Grid","6-Aug-06","Y",54.5,-133.1892,108,779,0.159857503865546,0.520232975934288
"1970","2006",3015,"SSEO","2C",141,"Ketchikan","Standard Grid","6-Aug-06","Y",54.6508,-132.85,74,879,0,0
"1971","2005",4015,"EYKT","3A",185,"Fairweather","Standard Grid","2-Jun-05","Y",58.3333,-137.8335,93,443,0,0
"1972","2005",4014,"EYKT","3A",185,"Fairweather","Standard Grid","2-Jun-05","Y",58.3333,-137.5227,101,510,0,0
"1973","2005",4021,"EYKT","3A",185,"Fairweather","Standard Grid","2-Jun-05","Y",58.5,-137.4403,42,587,0,0
"1974","2005",4022,"EYKT","3A",185,"Fairweather","Standard Grid","2-Jun-05","Y",58.5,-137.7385,85,671,0,0
"1975","2005",4024,"EYKT","3A",190,"Fairweather","Standard Grid","3-Jun-05","Y",58.5,-138.463,62,479,0.0129380134285714,0.0534161024627052
"1976","2005",4023,"EYKT","3A",190,"Fairweather","Standard Grid","3-Jun-05","Y",58.5,-138.147,73,572,0,0
"1977","2005",4016,"EYKT","3A",185,"Fairweather","Standard Grid","3-Jun-05","Y",58.3338,-138.0898,70,635,0,0
"1978","2005",4017,"EYKT","3A",190,"Fairweather","Standard Grid","3-Jun-05","Y",58.3333,-138.403,71,719,0,0
"1979","2005",4027,"EYKT","3A",190,"Fairweather","Standard Grid","4-Jun-05","Y",58.5003,-139.3455,89,420,0.0129380134285714,0.0534161024627052
"1980","2005",4028,"EYKT","3A",190,"Fairweather","Standard Grid","4-Jun-05","Y",58.5002,-139.6618,135,504,0,0
"1981","2005",4034,"EYKT","3A",190,"Fairweather","Standard Grid","4-Jun-05","Y",58.6667,-139.7317,101,600,0,0
"1982","2005",4033,"EYKT","3A",190,"Fairweather","Standard Grid","4-Jun-05","Y",58.6667,-139.417,136,686,0,0
"1983","2005",4038,"EYKT","3A",190,"Fairweather","Standard Grid","5-Jun-05","Y",58.8347,-138.6992,66,455,0,0
"1984","2005",4039,"EYKT","3A",190,"Fairweather","Standard Grid","5-Jun-05","Y",58.8333,-139.0075,105,537,0,0
"1985","2005",4044,"EYKT","3A",190,"Fairweather","Standard Grid","5-Jun-05","Y",59,-138.7532,85,634,0,0
"1986","2005",4043,"EYKT","3A",190,"Fairweather","Standard Grid","5-Jun-05","Y",59,-138.4367,34,711,0,0
"1987","2005",4040,"EYKT","3A",190,"Fairweather","Standard Grid","6-Jun-05","Y",58.8335,-139.3428,74,475,0.0128462544680851,0.0530372648565867
"1988","2005",4041,"EYKT","3A",200,"Fairweather","Standard Grid","6-Jun-05","Y",58.8333,-139.6715,87,543,0,0
"1989","2005",4064,"EYKT","3A",200,"Yakutat","Standard Grid","7-Jun-05","Y",59.3335,-139.6318,85,482,0,0
"1990","2005",3116,"NSEO","2C",181,"Sitka","Standard Grid","15-Jun-05","Y",58.1777,-136.5903,123,619,0,0
"1991","2005",3113,"NSEO","2C",181,"Sitka","Extra Station","15-Jun-05","Y",58.0093,-136.6543,46,743,0,0
"1992","2005",3110,"NSEO","2C",181,"Sitka","Standard Grid","16-Jun-05","Y",57.8465,-136.5817,55,441,0.0456344880714286,0.164488408193269
"1993","2005",3108,"NSEO","2C",170,"Sitka","Standard Grid","16-Jun-05","Y",57.6807,-136.5887,91,695,0.0081035081294964,0.0292088990001537
"1994","2005",3106,"NSEO","2C",170,"Sitka","Standard Grid","17-Jun-05","Y",57.514,-136.2617,57,436,0.0311090673428571,0.112131880598603
"1995","2005",3103,"CSEO","2C",170,"Sitka","Standard Grid","17-Jun-05","Y",57.3477,-136.2408,96,572,0.0456113217,0.136341562063863
"1996","2005",3102,"CSEO","2C",170,"Sitka","Standard Grid","17-Jun-05","Y",57.3402,-135.9543,52,706,0.0570332901285714,0.170484159983702
"1997","2005",4048,"EYKT","3A",190,"Fairweather","Standard Grid","10-Jun-05","Y",59.1667,-139.0058,31,425,0,0
"1998","2005",4049,"EYKT","3A",200,"Fairweather","Standard Grid","10-Jun-05","Y",59.1667,-139.3202,53,504,0,0
"1999","2005",4046,"EYKT","3A",190,"Fairweather","Standard Grid","10-Jun-05","Y",59.0003,-139.3967,59,584,0,0
"2000","2005",4045,"EYKT","3A",190,"Fairweather","Standard Grid","10-Jun-05","Y",59,-139.0748,56,680,0,0
"2001","2005",4036,"EYKT","3A",190,"Fairweather","Standard Grid","11-Jun-05","Y",58.8333,-138.0565,29,432,0,0
"2002","2005",4037,"EYKT","3A",190,"Fairweather","Standard Grid","11-Jun-05","Y",58.8333,-138.3657,39,503,0.0129380134285714,0.0534161024627052
"2003","2005",4030,"EYKT","3A",190,"Fairweather","Standard Grid","11-Jun-05","Y",58.667,-138.3857,72,595,0,0
"2004","2005",4029,"EYKT","3A",190,"Fairweather","Standard Grid","11-Jun-05","Y",58.6667,-138.137,49,665,0.0152853775683453,0.06310747000531
"2005","2005",4025,"EYKT","3A",190,"Fairweather","Standard Grid","12-Jun-05","Y",58.5,-138.7105,52,408,0,0
"2006","2005",4031,"EYKT","3A",190,"Fairweather","Standard Grid","12-Jun-05","Y",58.6668,-138.7087,54,492,0.0138105111642857,0.0570183114654005
"2007","2005",4032,"EYKT","3A",190,"Fairweather","Standard Grid","12-Jun-05","Y",58.6667,-139.0288,80,574,0,0
"2008","2005",4026,"EYKT","3A",190,"Fairweather","Standard Grid","12-Jun-05","Y",58.5002,-139.0992,55,662,0,0
"2009","2005",4020,"EYKT","3A",190,"Fairweather","Standard Grid","13-Jun-05","Y",58.3335,-139.4333,145,485,0,0
"2010","2005",4019,"EYKT","3A",190,"Fairweather","Standard Grid","13-Jun-05","Y",58.3333,-139.1192,61,575,0.0744189382,0.307247294957851
"2011","2005",4018,"EYKT","3A",190,"Fairweather","Standard Grid","13-Jun-05","Y",58.3333,-138.8105,65,668,0.0243075175142857,0.100356430554459
"2012","2005",4012,"EYKT","3A",190,"Fairweather","Standard Grid","13-Jun-05","Y",58.1667,-138.7328,101,754,0.0737895736546763,0.304648889783439
"2013","2005",4011,"EYKT","3A",185,"Fairweather","Standard Grid","14-Jun-05","Y",58.1667,-138.4793,87,489,0.0237336452571429,0.0979871317855806
"2014","2005",4010,"EYKT","3A",185,"Fairweather","Standard Grid","14-Jun-05","Y",58.1668,-138.1642,81,578,0,0
"2015","2005",4009,"EYKT","3A",185,"Fairweather","Standard Grid","14-Jun-05","Y",58.1668,-137.844,84,657,0,0
"2016","2005",4005,"EYKT","3A",185,"Fairweather","Standard Grid","14-Jun-05","Y",58.0002,-137.8015,99,750,0,0
"2017","2005",4004,"EYKT","3A",185,"Fairweather","Standard Grid","15-Jun-05","Y",58,-137.5417,87,445,0,0
"2018","2005",4003,"EYKT","3A",185,"Fairweather","Standard Grid","15-Jun-05","Y",58,-137.2325,114,531,0.02982230955,0.12312489482191
"2019","2005",4002,"NSEO","3A",185,"Fairweather","Standard Grid","15-Jun-05","Y",58,-136.9307,224,655,0,0
"2020","2005",4001,"EYKT","3A",185,"Fairweather","Standard Grid","15-Jun-05","Y",57.8337,-137.1872,160,739,0,0
"2021","2005",4013,"EYKT","3A",185,"Fairweather","Standard Grid","16-Jun-05","Y",58.3333,-137.2008,91,465,0,0
"2022","2005",4008,"EYKT","3A",185,"Fairweather","Standard Grid","16-Jun-05","Y",58.1667,-137.524,76,547,0,0
"2023","2005",4007,"EYKT","3A",185,"Fairweather","Standard Grid","16-Jun-05","Y",58.1667,-137.153,65,606,0,0
"2024","2005",4006,"NSEO","3A",185,"Fairweather","Standard Grid","16-Jun-05","Y",58.1667,-136.8958,105,670,0,0
"2025","2005",4058,"EYKT","3A",200,"Yakutat","Standard Grid","20-Jun-05","Y",59.1667,-140.0263,62,527,0,0
"2026","2005",4057,"EYKT","3A",200,"Yakutat","Standard Grid","20-Jun-05","Y",59.1667,-139.7258,68,626,0,0
"2027","2005",4047,"EYKT","3A",200,"Fairweather","Standard Grid","20-Jun-05","Y",59,-139.7223,65,700,0,0
"2028","2005",3097,"CSEO","2C",170,"Sitka","Standard Grid","18-Jul-05","Y",57.1675,-135.8692,36,419,0.0135282323142857,0.0404386511275453
"2029","2005",3098,"CSEO","2C",170,"Sitka","Standard Grid","18-Jul-05","Y",57.167,-136.2282,115,525,0,0
"2030","2005",3092,"CSEO","2C",170,"Sitka","Standard Grid","18-Jul-05","Y",57.0013,-136.03,55,657,0.113074294714286,0.338002175688219
"2031","2005",3089,"CSEO","2C",160,"Sitka","Standard Grid","19-Jul-05","Y",56.8343,-135.8362,101,555,0.00899872191428571,0.0268990188541725
"2032","2005",3087,"CSEO","2C",160,"Sitka","Standard Grid","19-Jul-05","Y",56.668,-135.8957,130,660,0.00580878532142857,0.0173636464566035
"2033","2005",3086,"CSEO","2C",160,"Sitka","Standard Grid","19-Jul-05","Y",56.6667,-135.5965,72,781,0.12923000805,0.386294904562315
"2034","2005",3085,"CSEO","2C",160,"Sitka","Standard Grid","19-Jul-05","Y",56.6647,-135.2262,23,876,0.0716234777142857,0.214097212447408
"2035","2005",3080,"CSEO","2C",160,"Ommaney","Standard Grid","20-Jul-05","Y",56.3343,-135.5033,110,441,0,0
"2036","2005",3084,"CSEO","2C",160,"Sitka","Standard Grid","20-Jul-05","Y",56.4998,-135.5775,84,549,0.0660451410857143,0.197422424230133
"2037","2005",3083,"CSEO","2C",160,"Sitka","Standard Grid","20-Jul-05","Y",56.5003,-135.2803,58,646,0.129380134285714,0.38674366256189
"2038","2005",3078,"CSEO","2C",160,"Ommaney","Standard Grid","21-Jul-05","Y",56.3337,-134.9042,58,417,0.0433874120142857,0.129693841516899
"2039","2005",3079,"CSEO","2C",160,"Ommaney","Standard Grid","21-Jul-05","Y",56.3338,-135.2038,85,530,0.0432292594,0.129221091031438
"2040","2005",3075,"CSEO","2C",160,"Ommaney","Standard Grid","21-Jul-05","Y",56.1662,-135.262,153,663,0,0
"2041","2005",3069,"CSEO","2C",160,"Ommaney","Standard Grid","22-Jul-05","Y",56.0008,-134.8892,197,438,0,0
"2042","2005",3070,"SSEO","2C",160,"Ommaney","Standard Grid","22-Jul-05","Y",56.0008,-135.1872,200,589,0,0
"2043","2005",3064,"SSEO","2C",150,"Ommaney","Standard Grid","22-Jul-05","Y",55.8373,-135.2467,128,729,0,0
"2044","2005",3058,"SSEO","2C",150,"Ommaney","Standard Grid","23-Jul-05","Y",55.6662,-134.8883,109,463,0.170173670719424,0.553805439239743
"2045","2005",3063,"SSEO","2C",150,"Ommaney","Standard Grid","23-Jul-05","Y",55.8335,-134.9462,101,550,0,0
"2046","2005",3062,"SSEO","2C",150,"Ommaney","Standard Grid","23-Jul-05","Y",55.834,-134.5842,77,631,0.100637825390071,0.327511152921961
"2047","2005",3074,"CSEO","2C",160,"Ommaney","Standard Grid","27-Jul-05","Y",56.1667,-134.9033,101,590,0.0214760450285714,0.0641962876105228
"2048","2005",3068,"SSEO","2C",150,"Ommaney","Standard Grid","27-Jul-05","Y",56.0012,-134.6652,207,724,0,0
"2049","2005",3057,"SSEO","2C",150,"Ommaney","Standard Grid","28-Jul-05","Y",55.668,-134.6452,111,438,0,0
"2050","2005",3053,"SSEO","2C",150,"Ommaney","Standard Grid","28-Jul-05","Y",55.4995,-134.5878,112,557,0,0
"2051","2005",3054,"SSEO","2C",150,"Ommaney","Standard Grid","28-Jul-05","Y",55.5003,-134.8713,159,706,0,0
"2052","2005",3051,"SSEO","2C",151,"Ommaney","Standard Grid","29-Jul-05","Y",55.4977,-134.046,50,424,0.00690640204285714,0.0224758800861559
"2053","2005",3055,"SSEO","2C",151,"Ommaney","Standard Grid","29-Jul-05","Y",55.661,-133.9887,102,554,0.00550376175714286,0.0179111914581125
"2054","2005",3056,"SSEO","2C",150,"Ommaney","Standard Grid","29-Jul-05","Y",55.6668,-134.2877,115,700,0,0
"2055","2005",3050,"SSEO","2C",150,"Ommaney","Standard Grid","9-Aug-05","Y",55.3343,-134.629,111,426,0.0541047350719424,0.176075984285898
"2056","2005",3052,"SSEO","2C",150,"Ommaney","Standard Grid","9-Aug-05","Y",55.4987,-134.3458,91,532,0,0
"2057","2005",3049,"SSEO","2C",150,"Ommaney","Standard Grid","9-Aug-05","Y",55.3358,-134.2882,101,661,0.127182610212766,0.413897291013175
"2058","2005",3047,"SSEO","2C",151,"Ommaney","Standard Grid","10-Aug-05","Y",55.3347,-133.7038,40,405,0,0
"2059","2005",3048,"SSEO","2C",150,"Ommaney","Standard Grid","10-Aug-05","Y",55.3335,-133.988,65,522,0,0
"2060","2005",3045,"SSEO","2C",141,"Ommaney","Standard Grid","10-Aug-05","Y",55.1673,-133.7452,86,626,0,0
"2061","2005",3046,"SSEO","2C",150,"Ommaney","Standard Grid","11-Aug-05","Y",55.1652,-133.9875,93,446,0,0
"2062","2005",3043,"SSEO","2C",140,"Ommaney","Standard Grid","11-Aug-05","Y",55.0032,-133.9887,83,569,0.0985120465857143,0.320593115251995
"2063","2005",3044,"SSEO","2C",140,"Ommaney","Standard Grid","11-Aug-05","Y",55.001,-134.2712,116,692,0.00458315635251799,0.01491521518094
"2064","2005",3015,"SSEO","2C",141,"Ketchikan","Standard Grid","5-Aug-05","Y",54.6782,-132.8503,75,542,0.179034299964286,0.58264106727871
"2065","2005",3016,"SSEO","2C",141,"Ketchikan","Standard Grid","6-Aug-05","Y",54.6502,-133.15,128,441,0.120520588928571,0.392216712531673
"2066","2005",3023,"SSEO","2C",141,"Ketchikan","Standard Grid","6-Aug-05","Y",54.8172,-133.15,116,530,0.0148099959285714,0.0481969758640524
"2067","2005",3024,"SSEO","2C",141,"Ketchikan","Standard Grid","6-Aug-05","Y",54.8498,-133.4332,68,621,0.0129380134285714,0.0421048813215841
"2068","2005",3017,"SSEO","2C",141,"Ketchikan","Standard Grid","6-Aug-05","Y",54.6827,-133.4333,162,722,0,0
"2069","2005",3025,"SSEO","2C",140,"Ketchikan","Standard Grid","7-Aug-05","Y",54.8497,-133.7167,76,447,0.129380134285714,0.421048813215841
"2070","2005",3026,"SSEO","2C",140,"Ketchikan","Standard Grid","7-Aug-05","Y",54.8502,-134.0167,103,533,0.0124534189285714,0.0405278390635714
"2071","2005",3019,"SSEO","2C",140,"Ketchikan","Standard Grid","7-Aug-05","Y",54.6828,-134,120,639,0,0
"2072","2005",3018,"SSEO","2C",140,"Ketchikan","Standard Grid","7-Aug-05","Y",54.6507,-133.717,130,731,0,0
"2073","2005",3034,"SSEO","2C",141,"Ketchikan","Standard Grid","11-Aug-05","Y",55.182,-133.4333,41,408,0.05476028805,0.178209386024389
"2074","2005",3029,"SSEO","2C",141,"Ketchikan","Standard Grid","11-Aug-05","Y",55.0148,-133.4333,52,496,0.190836141685714,0.621048443171481
"2075","2005",3030,"SSEO","2C",140,"Ketchikan","Standard Grid","11-Aug-05","Y",54.9838,-133.7167,57,583,0.0441785824390244,0.143772765488336
"2076","2005",3007,"SSEO","2C",140,"Ketchikan","Standard Grid","12-Aug-05","Y",54.5163,-133.7328,138,449,0,0
"2077","2005",3006,"SSEO","2C",140,"Ketchikan","Standard Grid","12-Aug-05","Y",54.5158,-133.45,163,527,0,0
"2078","2005",3005,"SSEO","2C",142,"Ketchikan","Standard Grid","12-Aug-05","Y",54.484,-133.1667,113,604,0,0
"2079","2004",4057,"EYKT","3A",200,"Yakutat","Standard Grid","3-Jun-04","Y",59.1513,-139.6647,71,557,0,0
"2080","2004",4058,"EYKT","3A",200,"Yakutat","Standard Grid","3-Jun-04","Y",59.1827,-140.018,62,665,0,0
"2081","2004",4064,"EYKT","3A",200,"Yakutat","Standard Grid","7-Jun-04","Y",59.3402,-139.711,87,718,0,0
"2082","2004",4021,"EYKT","3A",185,"Fairweather","Standard Grid","8-Jun-04","Y",58.5,-137.5047,41,420,0,0
"2083","2004",4014,"EYKT","3A",185,"Fairweather","Standard Grid","8-Jun-04","Y",58.3333,-137.5322,102,518,0,0
"2084","2004",4013,"EYKT","3A",185,"Fairweather","Standard Grid","8-Jun-04","Y",58.3333,-137.2018,91,645,0,0
"2085","2004",4030,"EYKT","3A",190,"Fairweather","Standard Grid","9-Jun-04","Y",58.6665,-138.4517,72,412,0,0
"2086","2004",4037,"EYKT","3A",190,"Fairweather","Standard Grid","9-Jun-04","Y",58.8333,-138.4408,40,504,0,0
"2087","2004",4036,"EYKT","3A",190,"Fairweather","Standard Grid","9-Jun-04","Y",58.8333,-138.1237,28,574,0,0
"2088","2004",4019,"EYKT","3A",190,"Fairweather","Standard Grid","10-Jun-04","Y",58.3333,-139.125,62,443,0.1020293037,0.392677165008115
"2089","2004",4018,"EYKT","3A",190,"Fairweather","Standard Grid","10-Jun-04","Y",58.3333,-138.8103,62,533,0.0157955509494949,0.0607918699987062
"2090","2004",4025,"EYKT","3A",190,"Fairweather","Standard Grid","10-Jun-04","Y",58.5,-138.7867,51,630,0.0310965368,0.11968032192103
"2091","2004",4028,"EYKT","3A",190,"Fairweather","Standard Grid","11-Jun-04","Y",58.5,-139.735,136,426,0,0
"2092","2004",4027,"EYKT","3A",190,"Fairweather","Standard Grid","11-Jun-04","Y",58.5,-139.4188,88,573,0.02457618498,0.0945856366229559
"2093","2004",4020,"EYKT","3A",190,"Fairweather","Standard Grid","11-Jun-04","Y",58.3333,-139.4277,142,712,0,0
"2094","2004",4017,"EYKT","3A",190,"Fairweather","Standard Grid","12-Jun-04","Y",58.3333,-138.3992,71,458,0,0
"2095","2004",4011,"EYKT","3A",185,"Fairweather","Standard Grid","12-Jun-04","Y",58.1667,-138.4152,87,541,0.077741342,0.299200804802574
"2096","2004",4012,"EYKT","3A",190,"Fairweather","Standard Grid","12-Jun-04","Y",58.1667,-138.7302,98,695,0.0157742230909091,0.0607097860998508
"2097","2004",4029,"EYKT","3A",190,"Fairweather","Standard Grid","13-Jun-04","Y",58.6667,-138.0687,49,409,0,0
"2098","2004",4023,"EYKT","3A",190,"Fairweather","Standard Grid","13-Jun-04","Y",58.5,-138.0813,72,506,0.0181132188,0.0697118097411429
"2099","2004",4024,"EYKT","3A",190,"Fairweather","Standard Grid","13-Jun-04","Y",58.5,-138.3962,62,606,0.0181132188,0.0697118097411429
"2100","2004",3113,"NSEO","2C",181,"Sitka","Extra Station","14-Jun-04","Y",58,-136.636,54,402,0.00584513201666667,0.0210686369395907
"2101","2004",3116,"NSEO","2C",181,"Sitka","Standard Grid","14-Jun-04","Y",58.1665,-136.6298,116,470,0,0
"2102","2004",4049,"EYKT","3A",200,"Fairweather","Standard Grid","18-Jun-04","Y",59.1667,-139.3928,54,434,0,0
"2103","2004",4048,"EYKT","3A",190,"Fairweather","Standard Grid","18-Jun-04","Y",59.1667,-139.076,30,514,0,0
"2104","2004",4045,"EYKT","3A",190,"Fairweather","Standard Grid","18-Jun-04","Y",59,-139.0697,55,614,0,0
"2105","2004",4038,"EYKT","3A",190,"Fairweather","Standard Grid","19-Jun-04","Y",58.8335,-138.7685,65,424,0,0
"2106","2004",4044,"EYKT","3A",190,"Fairweather","Standard Grid","19-Jun-04","Y",59,-138.7538,85,508,0,0
"2107","2004",4041,"EYKT","3A",200,"Fairweather","Standard Grid","20-Jun-04","Y",58.8333,-139.7373,87,421,0,0
"2108","2004",4047,"EYKT","3A",200,"Fairweather","Standard Grid","20-Jun-04","Y",59,-139.6515,66,512,0,0
"2109","2004",4046,"EYKT","3A",190,"Fairweather","Standard Grid","20-Jun-04","Y",59,-139.4065,59,594,0,0
"2110","2004",4034,"EYKT","3A",190,"Fairweather","Standard Grid","21-Jun-04","Y",58.6667,-139.7342,101,638,0,0
"2111","2004",4033,"EYKT","3A",190,"Fairweather","Standard Grid","22-Jun-04","Y",58.6667,-139.4195,136,433,0,0
"2112","2004",4040,"EYKT","3A",190,"Fairweather","Standard Grid","22-Jun-04","Y",58.8333,-139.4003,73,523,0.00452154233,0.0174019263017727
"2113","2004",4039,"EYKT","3A",190,"Fairweather","Standard Grid","22-Jun-04","Y",58.8333,-139.089,104,686,0,0
"2114","2004",4010,"EYKT","3A",185,"Fairweather","Standard Grid","23-Jun-04","Y",58.1667,-138.1638,81,425,0,0
"2115","2004",4009,"EYKT","3A",185,"Fairweather","Standard Grid","23-Jun-04","Y",58.1667,-137.7885,84,518,0,0
"2116","2004",4005,"EYKT","3A",185,"Fairweather","Standard Grid","23-Jun-04","Y",58,-137.8012,99,603,0.00850763113,0.0327430684314587
"2117","2004",3069,"CSEO","2C",160,"Ommaney","Standard Grid","26-Jun-04","Y",56,-134.9438,189,572,0,0
"2118","2004",3068,"CSEO","2C",150,"Ommaney","Standard Grid","26-Jun-04","Y",56,-134.6582,206,671,0,0
"2119","2004",3064,"SSEO","2C",150,"Ommaney","Standard Grid","27-Jun-04","Y",55.8333,-135.2397,128,442,0.00388545329166667,0.012644642133769
"2120","2004",3063,"SSEO","2C",150,"Ommaney","Standard Grid","27-Jun-04","Y",55.8333,-134.9472,101,525,0,0
"2121","2004",3062,"SSEO","2C",150,"Ommaney","Standard Grid","27-Jun-04","Y",55.8333,-134.684,92,594,0,0
"2122","2004",3058,"SSEO","2C",150,"Ommaney","Standard Grid","27-Jun-04","Y",55.6667,-134.888,108,686,0.0403738339,0.131390765223881
"2123","2004",3054,"SSEO","2C",150,"Ommaney","Standard Grid","28-Jun-04","Y",55.5,-134.9282,156,457,0,0
"2124","2004",3053,"SSEO","2C",150,"Ommaney","Standard Grid","28-Jun-04","Y",55.5,-134.6455,111,534,0,0
"2125","2004",3052,"SSEO","2C",150,"Ommaney","Standard Grid","28-Jun-04","Y",55.5,-134.3463,91,614,0,0
"2126","2004",3050,"SSEO","2C",150,"Ommaney","Standard Grid","28-Jun-04","Y",55.3333,-134.5707,110,713,0,0
"2127","2004",3051,"SSEO","2C",151,"Ommaney","Standard Grid","29-Jun-04","Y",55.5002,-133.9987,49,463,0.00607173881666667,0.0197595901181278
"2128","2004",3049,"SSEO","2C",150,"Ommaney","Standard Grid","29-Jun-04","Y",55.3333,-134.3455,100,526,0.0439263540495868,0.142951924911702
"2129","2004",3048,"SSEO","2C",150,"Ommaney","Standard Grid","29-Jun-04","Y",55.3333,-134.0528,64,591,0,0
"2130","2004",3047,"SSEO","2C",151,"Ommaney","Standard Grid","29-Jun-04","Y",55.3333,-133.7702,41,658,0,0
"2131","2004",3045,"SSEO","2C",141,"Ommaney","Standard Grid","30-Jun-04","Y",55.1667,-133.6893,84,443,0,0
"2132","2004",3046,"SSEO","2C",150,"Ommaney","Standard Grid","30-Jun-04","Y",55.1667,-133.9808,89,511,0,0
"2133","2004",3044,"SSEO","2C",140,"Ommaney","Standard Grid","30-Jun-04","Y",55.0002,-134.3253,115,575,0,0
"2134","2004",3043,"SSEO","2C",140,"Ommaney","Standard Grid","30-Jun-04","Y",55,-134.0478,82,648,0.0211514959834711,0.0688344646629685
"2135","2004",3055,"SSEO","2C",151,"Ommaney","Standard Grid","16-Jul-04","Y",55.6667,-133.9897,101,393,0.0210125921666667,0.0683824224113544
"2136","2004",3056,"SSEO","2C",150,"Ommaney","Standard Grid","16-Jul-04","Y",55.6667,-134.291,112,468,0,0
"2137","2004",3057,"SSEO","2C",150,"Ommaney","Standard Grid","16-Jul-04","Y",55.6667,-134.5893,109,536,0,0
"2138","2004",3015,"SSEO","2C",141,"Ketchikan","Standard Grid","5-Aug-04","Y",54.676,-132.8372,76,392,0.0659255454,0.214545090747691
"2139","2004",3016,"SSEO","2C",141,"Ketchikan","Standard Grid","5-Aug-04","Y",54.6598,-133.1467,112,485,0.079402987,0.258405462528835
"2140","2004",3023,"SSEO","2C",141,"Ketchikan","Standard Grid","5-Aug-04","Y",54.8203,-133.1542,116,566,0,0
"2141","2004",3029,"SSEO","2C",141,"Ketchikan","Standard Grid","6-Aug-04","Y",55.0167,-133.456,49,398,0.1450546166,0.472059134179245
"2142","2004",3034,"SSEO","2C",141,"Ketchikan","Standard Grid","6-Aug-04","Y",55.153,-133.42,43,457,0.07131089245,0.232070918778991
"2143","2004",3030,"SSEO","2C",140,"Ketchikan","Standard Grid","6-Aug-04","Y",55.0125,-133.7305,57,556,0.015094349,0.0491223615418481
"2144","2004",3025,"SSEO","2C",140,"Ketchikan","Standard Grid","7-Aug-04","Y",54.8392,-133.7337,77,401,0.0629193329333333,0.204761809888132
"2145","2004",3026,"SSEO","2C",140,"Ketchikan","Standard Grid","7-Aug-04","Y",54.8272,-133.9873,105,466,0,0
"2146","2004",3019,"SSEO","2C",140,"Ketchikan","Standard Grid","7-Aug-04","Y",54.6803,-134.023,122,540,0,0
"2147","2004",3024,"SSEO","2C",141,"Ketchikan","Standard Grid","8-Aug-04","Y",54.8263,-133.4103,65,391,0.0157298332333333,0.0511904524720329
"2148","2004",3017,"SSEO","2C",141,"Ketchikan","Standard Grid","8-Aug-04","Y",54.6725,-133.4102,161,470,0,0
"2149","2004",3018,"SSEO","2C",140,"Ketchikan","Standard Grid","8-Aug-04","Y",54.6622,-133.6912,127,568,0,0
"2150","2004",3007,"SSEO","2C",140,"Ketchikan","Standard Grid","9-Aug-04","Y",54.504,-133.7588,138,410,0,0
"2151","2004",3006,"SSEO","2C",140,"Ketchikan","Standard Grid","9-Aug-04","Y",54.5037,-133.4717,163,505,0,0
"2152","2004",3005,"SSEO","2C",142,"Ketchikan","Standard Grid","9-Aug-04","Y",54.495,-133.1865,100,579,0.0995865189333333,0.32408982909679
"2153","2004",4026,"EYKT","3A",190,"Fairweather","Standard Grid","9-Aug-04","Y",58.5,-139.1042,56,439,0.01936889181,0.0745444813351175
"2154","2004",4032,"EYKT","3A",190,"Fairweather","Standard Grid","9-Aug-04","Y",58.6685,-139.1052,81,568,0,0
"2155","2004",4031,"EYKT","3A",190,"Fairweather","Standard Grid","9-Aug-04","Y",58.6667,-138.7707,54,689,0.1034616045,0.398189618756075
"2156","2004",4016,"EYKT","3A",185,"Fairweather","Standard Grid","10-Aug-04","Y",58.3335,-138.1547,70,463,0,0
"2157","2004",4015,"EYKT","3A",185,"Fairweather","Standard Grid","10-Aug-04","Y",58.3333,-137.8368,93,559,0,0
"2158","2004",4022,"EYKT","3A",185,"Fairweather","Standard Grid","10-Aug-04","Y",58.4998,-137.8187,85,630,0,0
"2159","2004",4004,"EYKT","3A",185,"Fairweather","Standard Grid","11-Aug-04","Y",58,-137.555,87,453,0.06489377505,0.249754753675814
"2160","2004",4008,"EYKT","3A",185,"Fairweather","Standard Grid","11-Aug-04","Y",58.1667,-137.5393,77,551,0,0
"2161","2004",4007,"EYKT","3A",185,"Fairweather","Standard Grid","11-Aug-04","Y",58.1667,-137.2205,65,644,0.00850996468,0.0327520494963604
"2162","2004",4006,"NSEO","3A",185,"Fairweather","Standard Grid","12-Aug-04","Y",58.1668,-136.879,105,417,0,0
"2163","2004",4002,"NSEO","3A",185,"Fairweather","Standard Grid","12-Aug-04","Y",58.0002,-136.8633,224,519,0,0
"2164","2004",4003,"EYKT","3A",185,"Fairweather","Standard Grid","12-Aug-04","Y",58,-137.1635,112,618,0,0
"2165","2004",4001,"EYKT","3A",185,"Fairweather","Standard Grid","13-Aug-04","Y",57.8333,-137.2547,162,570,0,0
"2166","2004",3111,"NSEO","2C",181,"Sitka","Standard Grid","13-Aug-04","Y",57.8333,-136.9148,214,634,0,0
"2167","2004",3110,"NSEO","2C",181,"Sitka","Standard Grid","13-Aug-04","Y",57.8168,-136.617,61,690,0.09343347195,0.33677868915655
"2168","2004",3108,"NSEO","2C",170,"Sitka","Standard Grid","13-Aug-04","Y",57.6663,-136.582,89,747,0.0136851578333333,0.0493278203177218
"2169","2004",3102,"CSEO","2C",170,"Sitka","Standard Grid","16-Aug-04","Y",57.3485,-135.9167,52,385,0.0109193933333333,0.032640298249818
"2170","2004",3103,"CSEO","2C",170,"Sitka","Standard Grid","16-Aug-04","Y",57.3333,-136.1913,94,467,0.0317611948,0.0949407022346084
"2171","2004",3106,"NSEO","2C",170,"Sitka","Standard Grid","16-Aug-04","Y",57.4998,-136.2055,54,537,0.0116902640333333,0.0421372738791815
"2172","2004",3097,"CSEO","2C",170,"Sitka","Standard Grid","17-Aug-04","Y",57.1667,-135.8733,39,379,0.015141113775,0.0452598834352605
"2173","2004",3098,"CSEO","2C",170,"Sitka","Standard Grid","17-Aug-04","Y",57.1667,-136.1732,115,446,0.0179796942,0.0537449804410858
"2174","2004",3092,"CSEO","2C",170,"Sitka","Standard Grid","17-Aug-04","Y",56.986,-135.9997,55,513,0.13243451455,0.395873829389959
"2175","2004",3085,"CSEO","2C",160,"Sitka","Standard Grid","18-Aug-04","Y",56.6818,-135.2502,23,505,0.0079516622,0.0237691433824899
"2176","2004",3086,"CSEO","2C",160,"Sitka","Standard Grid","18-Aug-04","Y",56.6667,-135.539,72,560,0.02376161375,0.0710283196163807
"2177","2004",3087,"CSEO","2C",160,"Sitka","Standard Grid","18-Aug-04","Y",56.6667,-135.8398,128,632,0,0
"2178","2004",3089,"CSEO","2C",160,"Sitka","Standard Grid","18-Aug-04","Y",56.8333,-135.8367,100,701,0,0
"2179","2004",3083,"CSEO","2C",160,"Sitka","Standard Grid","19-Aug-04","Y",56.5002,-135.223,59,427,0.0325934631666667,0.0974285224717421
"2180","2004",3084,"CSEO","2C",160,"Sitka","Standard Grid","19-Aug-04","Y",56.5,-135.5242,83,494,0.08418376665,0.251642482999582
"2181","2004",3080,"CSEO","2C",160,"Ommaney","Standard Grid","19-Aug-04","Y",56.3337,-135.5575,108,560,0,0
"2182","2004",3079,"CSEO","2C",160,"Ommaney","Standard Grid","19-Aug-04","Y",56.3333,-135.2588,86,623,0.0283329331833333,0.0846929276348227
"2183","2004",3078,"CSEO","2C",160,"Ommaney","Standard Grid","20-Aug-04","Y",56.3332,-134.9132,62,391,0.0582288571333333,0.174057954096782
"2184","2004",3075,"CSEO","2C",160,"Ommaney","Standard Grid","20-Aug-04","Y",56.1667,-135.2052,152,473,0,0
"2185","2004",3074,"CSEO","2C",160,"Ommaney","Standard Grid","20-Aug-04","Y",56.1667,-134.908,99,521,0,0
"2186","2003",4037,"EYKT","3A",190,"Fairweather","Standard Grid","4-Jun-03","Y",58.833,-138.3642,40,403,0.0155482684,0.0668882890691628
"2187","2003",4044,"EYKT","3A",190,"Fairweather","Standard Grid","4-Jun-03","Y",59,-138.6815,85,576,0,0
"2188","2003",4045,"EYKT","3A",190,"Fairweather","Standard Grid","5-Jun-03","Y",59.0003,-138.9982,56,443,0,0
"2189","2003",4049,"EYKT","3A",200,"Fairweather","Standard Grid","5-Jun-03","Y",59.167,-139.3855,53,539,0,0
"2190","2003",4048,"EYKT","3A",190,"Fairweather","Standard Grid","5-Jun-03","Y",59.1667,-139.0027,30,610,0,0
"2191","2003",4027,"EYKT","3A",190,"Fairweather","Standard Grid","6-Jun-03","Y",58.5,-139.3475,91,436,0.0345013691428571,0.14842408769515
"2192","2003",4020,"EYKT","3A",190,"Fairweather","Standard Grid","6-Jun-03","Y",58.3333,-139.4357,145,547,0,0
"2193","2003",4019,"EYKT","3A",190,"Fairweather","Standard Grid","6-Jun-03","Y",58.3333,-139.121,61,678,0.00735185039215686,0.0316274894137939
"2194","2003",4018,"EYKT","3A",190,"Fairweather","Standard Grid","7-Jun-03","Y",58.3333,-138.8058,63,438,0.0310965368,0.133776578138326
"2195","2003",4012,"EYKT","3A",190,"Fairweather","Standard Grid","7-Jun-03","Y",58.1667,-138.794,99,558,0.03919284318,0.168606699898891
"2196","2003",4011,"EYKT","3A",185,"Fairweather","Standard Grid","7-Jun-03","Y",58.1667,-138.486,88,704,0.03867585144,0.166382613456474
"2197","2003",4009,"EYKT","3A",185,"Fairweather","Standard Grid","8-Jun-03","Y",58.1667,-137.8552,84,445,0,0
"2198","2003",4005,"EYKT","3A",185,"Fairweather","Standard Grid","8-Jun-03","Y",58,-137.8692,99,533,0,0
"2199","2003",4004,"EYKT","3A",185,"Fairweather","Standard Grid","8-Jun-03","Y",58,-137.5538,88,646,0.03565776784,0.153398887997265
"2200","2003",4014,"EYKT","3A",185,"Fairweather","Standard Grid","12-Jun-03","Y",58.3333,-137.5222,100,421,0,0
"2201","2003",4021,"EYKT","3A",185,"Fairweather","Standard Grid","12-Jun-03","Y",58.5003,-137.4333,40,517,0,0
"2202","2003",4022,"EYKT","3A",185,"Fairweather","Standard Grid","12-Jun-03","Y",58.5,-137.742,84,624,0,0
"2203","2003",4029,"EYKT","3A",190,"Fairweather","Standard Grid","13-Jun-03","Y",58.6667,-138.0648,49,399,0.0181132188,0.0779226460399535
"2204","2003",4030,"EYKT","3A",190,"Fairweather","Standard Grid","13-Jun-03","Y",58.6667,-138.3825,71,486,0,0
"2205","2003",4036,"EYKT","3A",190,"Fairweather","Standard Grid","13-Jun-03","Y",58.8335,-138.1247,28,576,0,0
"2206","2003",4032,"EYKT","3A",190,"Fairweather","Standard Grid","14-Jun-03","Y",58.6667,-139.025,79,409,0,0
"2207","2003",4039,"EYKT","3A",190,"Fairweather","Standard Grid","14-Jun-03","Y",58.8335,-139.0847,104,510,0,0
"2208","2003",4038,"EYKT","3A",190,"Fairweather","Standard Grid","14-Jun-03","Y",58.8333,-138.7692,64,608,0,0
"2209","2003",4047,"EYKT","3A",200,"Fairweather","Standard Grid","15-Jun-03","Y",59.0002,-139.7215,66,427,0,0
"2210","2003",4046,"EYKT","3A",190,"Fairweather","Standard Grid","14-Jun-03","Y",59,-139.4047,59,543,0,0
"2211","2003",4040,"EYKT","3A",190,"Fairweather","Standard Grid","15-Jun-03","Y",58.8333,-139.333,72,645,0,0
"2212","2003",4041,"EYKT","3A",200,"Fairweather","Standard Grid","16-Jun-03","Y",58.8335,-139.6665,88,406,0,0
"2213","2003",4033,"EYKT","3A",190,"Fairweather","Standard Grid","17-Jun-03","Y",58.6668,-139.3442,136,444,0,0
"2214","2003",4034,"EYKT","3A",190,"Fairweather","Standard Grid","17-Jun-03","Y",58.6667,-139.6633,101,551,0,0
"2215","2003",4028,"EYKT","3A",190,"Fairweather","Standard Grid","17-Jun-03","Y",58.4997,-139.658,134,657,0,0
"2216","2003",4015,"EYKT","3A",185,"Fairweather","Standard Grid","18-Jun-03","Y",58.3335,-137.7632,95,409,0,0
"2217","2003",4016,"EYKT","3A",185,"Fairweather","Standard Grid","18-Jun-03","Y",58.3333,-138.0845,71,522,0,0
"2218","2003",4010,"EYKT","3A",185,"Fairweather","Standard Grid","18-Jun-03","Y",58.1667,-138.171,80,639,0,0
"2219","2003",4064,"EYKT","3A",200,"Yakutat","Standard Grid","9-Jul-03","Y",59.3333,-139.7055,85,572,0,0
"2220","2003",4057,"EYKT","3A",200,"Yakutat","Standard Grid","9-Jul-03","Y",59.1667,-139.6445,70,700,0,0
"2221","2003",4023,"EYKT","3A",190,"Fairweather","Standard Grid","22-Jun-03","Y",58.5,-138.1432,74,427,0,0
"2222","2003",4024,"EYKT","3A",190,"Fairweather","Standard Grid","22-Jun-03","Y",58.4998,-138.4633,63,489,0,0
"2223","2003",4017,"EYKT","3A",190,"Fairweather","Standard Grid","22-Jun-03","Y",58.3332,-138.4653,71,580,0,0
"2224","2003",4026,"EYKT","3A",190,"Fairweather","Standard Grid","23-Jun-03","Y",58.5,-139.0988,55,441,0.03686427747,0.158589264367162
"2225","2003",4025,"EYKT","3A",190,"Fairweather","Standard Grid","23-Jun-03","Y",58.5,-138.7868,51,571,0.0563323852,0.24234061107493
"2226","2003",4031,"EYKT","3A",190,"Fairweather","Standard Grid","23-Jun-03","Y",58.6667,-138.7683,55,673,0.0140830963,0.0605851527687326
"2227","2003",3116,"NSEO","2C",181,"Sitka","Standard Grid","24-Jun-03","Y",58.1668,-136.565,114,472,0,0
"2228","2003",3113,"NSEO","2C",181,"Sitka","Extra Station","24-Jun-03","Y",58.0002,-136.6998,56,707,0.0310965368,0.112086714560032
"2229","2003",4002,"NSEO","3A",185,"Fairweather","Standard Grid","25-Jun-03","Y",58.0002,-136.8698,225,419,0,0
"2230","2003",4003,"EYKT","3A",185,"Fairweather","Standard Grid","25-Jun-03","Y",58,-137.1648,108,513,0,0
"2231","2003",4006,"NSEO","3A",185,"Fairweather","Standard Grid","25-Jun-03","Y",58.1665,-136.952,105,621,0,0
"2232","2003",4013,"EYKT","3A",185,"Fairweather","Standard Grid","26-Jun-03","Y",58.3333,-137.1372,92,425,0,0
"2233","2003",4007,"EYKT","3A",185,"Fairweather","Standard Grid","26-Jun-03","Y",58.1668,-137.1557,66,513,0,0
"2234","2003",4008,"EYKT","3A",185,"Fairweather","Standard Grid","26-Jun-03","Y",58.1667,-137.4635,77,606,0,0
"2235","2003",3110,"NSEO","2C",181,"Sitka","Standard Grid","27-Jun-03","Y",57.8333,-136.5387,52,460,0.08229293352,0.296622887914771
"2236","2003",3111,"NSEO","2C",181,"Sitka","Standard Grid","27-Jun-03","Y",57.8333,-136.8458,196,553,0,0
"2237","2003",4001,"EYKT","3A",185,"Fairweather","Standard Grid","27-Jun-03","Y",57.8333,-137.1777,164,648,0,0
"2238","2003",3062,"SSEO","2C",150,"Ommaney","Standard Grid","30-Jun-03","Y",55.8333,-134.6048,87,435,0,0
"2239","2003",3063,"SSEO","2C",150,"Ommaney","Standard Grid","30-Jun-03","Y",55.8333,-134.895,101,565,0,0
"2240","2003",3058,"SSEO","2C",150,"Ommaney","Standard Grid","30-Jun-03","Y",55.6667,-134.8868,107,782,0.2643205628,0.901466530157615
"2241","2003",3057,"SSEO","2C",150,"Ommaney","Standard Grid","1-Jul-03","Y",55.6668,-134.5858,110,470,0,0
"2242","2003",3053,"SSEO","2C",150,"Ommaney","Standard Grid","1-Jul-03","Y",55.5,-134.6438,109,622,0,0
"2243","2003",3054,"SSEO","2C",150,"Ommaney","Standard Grid","1-Jul-03","Y",55.5,-134.9252,157,711,0,0
"2244","2003",3044,"SSEO","2C",140,"Ommaney","Standard Grid","2-Jul-03","Y",55,-134.331,115,428,0,0
"2245","2003",3043,"SSEO","2C",140,"Ommaney","Standard Grid","2-Jul-03","Y",55,-134.0448,81,531,0.2643205628,0.901466530157615
"2246","2003",3046,"SSEO","2C",150,"Ommaney","Standard Grid","2-Jul-03","Y",55.1667,-134.0415,88,628,0,0
"2247","2003",3045,"SSEO","2C",141,"Ommaney","Standard Grid","3-Jul-03","Y",55.1668,-133.7545,86,439,0,0
"2248","2003",3047,"SSEO","2C",151,"Ommaney","Standard Grid","3-Jul-03","Y",55.3338,-133.7485,48,546,0,0
"2249","2003",3048,"SSEO","2C",150,"Ommaney","Standard Grid","3-Jul-03","Y",55.3333,-133.9877,64,644,0,0
"2250","2003",3051,"SSEO","2C",151,"Ommaney","Standard Grid","4-Jul-03","Y",55.5,-133.9942,49,426,0.01782888392,0.060805492972964
"2251","2003",3052,"SSEO","2C",150,"Ommaney","Standard Grid","4-Jul-03","Y",55.5,-134.2858,91,553,0,0
"2252","2003",3056,"SSEO","2C",150,"Ommaney","Standard Grid","4-Jul-03","Y",55.6667,-134.3528,113,662,0,0
"2253","2003",3050,"SSEO","2C",150,"Ommaney","Standard Grid","5-Jul-03","Y",55.3335,-134.6348,110,429,0.02552289339,0.0870459486773839
"2254","2003",3049,"SSEO","2C",150,"Ommaney","Standard Grid","5-Jul-03","Y",55.3333,-134.3507,101,546,0.05047293615,0.172138187570503
"2255","2003",3055,"SSEO","2C",151,"Ommaney","Standard Grid","22-Jul-03","Y",55.6667,-134.0503,102,473,0,0
"2256","2003",3087,"CSEO","2C",160,"Sitka","Standard Grid","23-Jul-03","Y",56.6668,-135.9027,130,474,0,0
"2257","2003",3089,"CSEO","2C",160,"Sitka","Standard Grid","23-Jul-03","Y",56.8325,-135.9005,101,575,0.0115765813465347,0.0347750550932906
"2258","2003",3092,"CSEO","2C",170,"Sitka","Standard Grid","23-Jul-03","Y",57.019,-135.9993,57,635,0.11314208919,0.339869108778821
"2259","2003",3108,"NSEO","2C",170,"Sitka","Standard Grid","24-Jul-03","Y",57.6667,-136.5875,87,514,0.03499263564,0.126130108568356
"2260","2003",3106,"NSEO","2C",170,"Sitka","Standard Grid","24-Jul-03","Y",57.5,-136.2692,53,622,0.01599272256,0.0576453815468129
"2261","2003",3103,"CSEO","2C",170,"Sitka","Standard Grid","24-Jul-03","Y",57.3335,-136.2522,94,715,0.02900688858,0.0871341994894195
"2262","2003",3102,"CSEO","2C",170,"Sitka","Standard Grid","25-Jul-03","Y",57.3532,-135.9167,52,426,0.01986711108,0.0596790936521457
"2263","2003",3097,"CSEO","2C",170,"Sitka","Standard Grid","25-Jul-03","Y",57.1708,-135.9403,36,491,0.02929940324,0.0880128883797403
"2264","2003",3098,"CSEO","2C",170,"Sitka","Standard Grid","25-Jul-03","Y",57.1668,-136.2355,117,548,0,0
"2265","2003",3085,"CSEO","2C",160,"Sitka","Standard Grid","28-Jul-03","Y",56.6862,-135.2503,22,428,0.00954199464,0.0286633315460796
"2266","2003",3086,"CSEO","2C",160,"Sitka","Standard Grid","28-Jul-03","Y",56.6667,-135.53,72,524,0.12259146119,0.368254209877373
"2267","2003",3084,"CSEO","2C",160,"Sitka","Standard Grid","28-Jul-03","Y",56.5002,-135.5133,83,626,0.0309445107,0.0929546497550023
"2268","2003",3083,"CSEO","2C",160,"Sitka","Standard Grid","29-Jul-03","Y",56.5,-135.2138,59,410,0.0144208389,0.0433189602549706
"2269","2003",3079,"CSEO","2C",160,"Ommaney","Standard Grid","29-Jul-03","Y",56.3333,-135.199,85,510,0.06686806974,0.200865932660385
"2270","2003",3080,"CSEO","2C",160,"Ommaney","Standard Grid","29-Jul-03","Y",56.3333,-135.5002,109,600,0,0
"2271","2003",3078,"CSEO","2C",160,"Ommaney","Standard Grid","30-Jul-03","Y",56.3537,-134.9333,58,424,0.0666052348,0.200076399097294
"2272","2003",3074,"CSEO","2C",160,"Ommaney","Standard Grid","30-Jul-03","Y",56.1668,-134.8987,99,596,0,0
"2273","2003",3075,"CSEO","2C",160,"Ommaney","Standard Grid","30-Jul-03","Y",56.1667,-135.198,151,701,0,0
"2274","2003",3069,"CSEO","2C",160,"Ommaney","Standard Grid","31-Jul-03","Y",56,-134.886,193,440,0,0
"2275","2003",3070,"CSEO","2C",160,"Ommaney","Standard Grid","31-Jul-03","Y",56.0002,-135.1788,198,590,0,0
"2276","2003",3064,"SSEO","2C",150,"Ommaney","Standard Grid","31-Jul-03","Y",55.8333,-135.1685,116,682,0,0
"2277","2003",3068,"CSEO","2C",150,"Ommaney","Standard Grid","2-Aug-03","Y",56,-134.597,206,594,0,0
"2278","2003",3015,"SSEO","2C",141,"Ketchikan","Standard Grid","23-Aug-03","Y",54.651,-132.8265,72,420,0.10451424848,0.356446338987957
"2279","2003",3005,"SSEO","2C",142,"Ketchikan","Standard Grid","23-Aug-03","Y",54.5157,-133.1338,90,538,0.26373656503,0.899474802999634
"2280","2003",3016,"SSEO","2C",141,"Ketchikan","Standard Grid","23-Aug-03","Y",54.6548,-133.1592,118,653,0.17831485264,0.608143648689852
"2281","2003",3023,"SSEO","2C",141,"Ketchikan","Standard Grid","24-Aug-03","Y",54.8237,-133.119,102,422,0.12184532682,0.415554063674784
"2282","2003",3017,"SSEO","2C",141,"Ketchikan","Standard Grid","24-Aug-03","Y",54.6607,-133.4303,150,551,0.01070098876,0.0364957728015735
"2283","2003",3024,"SSEO","2C",141,"Ketchikan","Standard Grid","24-Aug-03","Y",54.8103,-133.4287,71,651,0,0
"2284","2003",3029,"SSEO","2C",141,"Ketchikan","Standard Grid","25-Aug-03","Y",54.9802,-133.4492,52,415,0.11272676232,0.384455156299753
"2285","2003",3034,"SSEO","2C",141,"Ketchikan","Standard Grid","25-Aug-03","Y",55.1428,-133.4488,34,520,0.0344872015,0.117618763904401
"2286","2003",3030,"SSEO","2C",140,"Ketchikan","Standard Grid","25-Aug-03","Y",55.019,-133.6923,55,668,0,0
"2287","2003",3025,"SSEO","2C",140,"Ketchikan","Standard Grid","26-Aug-03","Y",54.849,-133.7323,77,459,0.0543396564,0.185325655279912
"2288","2003",3026,"SSEO","2C",140,"Ketchikan","Standard Grid","26-Aug-03","Y",54.849,-134.0202,104,574,0,0
"2289","2003",3019,"SSEO","2C",140,"Ketchikan","Standard Grid","26-Aug-03","Y",54.6865,-134.0087,121,711,0,0
"2290","2003",3018,"SSEO","2C",140,"Ketchikan","Standard Grid","27-Aug-03","Y",54.6488,-133.698,131,441,0,0
"2291","2003",3007,"SSEO","2C",140,"Ketchikan","Standard Grid","27-Aug-03","Y",54.4933,-133.7613,137,570,0,0
"2292","2003",3006,"SSEO","2C",140,"Ketchikan","Standard Grid","27-Aug-03","Y",54.505,-133.4798,166,732,0,0
"2293","2002",4014,"EYKT","3A",185,"Fairweather","Standard Grid","10-Jun-02","Y",58.3333,-137.5095,100,443,0,0
"2294","2002",4013,"EYKT","3A",185,"Fairweather","Standard Grid","10-Jun-02","Y",58.3333,-137.1928,90,514,0,0
"2295","2002",4021,"EYKT","3A",185,"Fairweather","Standard Grid","10-Jun-02","Y",58.4995,-137.4462,39,571,0,0
"2296","2002",4022,"EYKT","3A",185,"Fairweather","Standard Grid","10-Jun-02","Y",58.5,-137.7587,84,627,0,0
"2297","2002",4017,"EYKT","3A",190,"Fairweather","Standard Grid","11-Jun-02","Y",58.3333,-138.4593,71,477,0,0
"2298","2002",4025,"EYKT","3A",190,"Fairweather","Standard Grid","11-Jun-02","Y",58.5,-138.774,51,534,0.0311689058484848,0.134087908101906
"2299","2002",4024,"EYKT","3A",190,"Fairweather","Standard Grid","11-Jun-02","Y",58.5,-138.457,62,587,0,0
"2300","2002",4023,"EYKT","3A",190,"Fairweather","Standard Grid","11-Jun-02","Y",58.5,-138.1402,72,641,0,0
"2301","2002",4031,"EYKT","3A",190,"Fairweather","Standard Grid","12-Jun-02","Y",58.6667,-138.7562,55,496,0.0206848722736842,0.0889858394778482
"2302","2002",4030,"EYKT","3A",190,"Fairweather","Standard Grid","12-Jun-02","Y",58.6667,-138.441,71,568,0,0
"2303","2002",4029,"EYKT","3A",190,"Fairweather","Standard Grid","12-Jun-02","Y",58.6667,-138.125,49,618,0,0
"2304","2002",4036,"EYKT","3A",190,"Fairweather","Standard Grid","12-Jun-02","Y",58.8335,-138.059,27,671,0,0
"2305","2002",4037,"EYKT","3A",190,"Fairweather","Standard Grid","13-Jun-02","Y",58.8333,-138.375,39,385,0,0
"2306","2002",4038,"EYKT","3A",190,"Fairweather","Standard Grid","13-Jun-02","Y",58.8333,-138.708,66,452,0,0
"2307","2002",4044,"EYKT","3A",190,"Fairweather","Standard Grid","13-Jun-02","Y",59,-138.7397,85,522,0,0
"2308","2002",4043,"EYKT","3A",190,"Fairweather","Standard Grid","13-Jun-02","Y",59,-138.4273,33,587,0,0
"2309","2002",4046,"EYKT","3A",190,"Fairweather","Standard Grid","14-Jun-02","Y",59,-139.392,61,424,0,0
"2310","2002",4045,"EYKT","3A",190,"Fairweather","Standard Grid","14-Jun-02","Y",59,-139.0597,56,507,0,0
"2311","2002",4048,"EYKT","3A",190,"Fairweather","Standard Grid","14-Jun-02","Y",59.1667,-139.01,30,560,0,0
"2312","2002",4049,"EYKT","3A",200,"Fairweather","Standard Grid","14-Jun-02","Y",59.1667,-139.375,53,600,0,0
"2313","2002",4047,"EYKT","3A",200,"Fairweather","Standard Grid","16-Jun-02","Y",59,-139.7075,67,482,0,0
"2314","2002",4041,"EYKT","3A",200,"Fairweather","Standard Grid","16-Jun-02","Y",58.8333,-139.6787,88,544,0.0048049171,0.0206706416219419
"2315","2002",4040,"EYKT","3A",190,"Fairweather","Standard Grid","17-Jun-02","Y",58.8333,-139.3917,75,397,0,0
"2316","2002",4039,"EYKT","3A",190,"Fairweather","Standard Grid","17-Jun-02","Y",58.8333,-139.0748,104,460,0,0
"2317","2002",4032,"EYKT","3A",190,"Fairweather","Standard Grid","17-Jun-02","Y",58.6667,-139.0445,83,545,0,0
"2318","2002",4033,"EYKT","3A",190,"Fairweather","Standard Grid","17-Jun-02","Y",58.6667,-139.358,136,627,0,0
"2319","2002",4034,"EYKT","3A",190,"Fairweather","Standard Grid","18-Jun-02","Y",58.6667,-139.7233,102,465,0,0
"2320","2002",4028,"EYKT","3A",190,"Fairweather","Standard Grid","18-Jun-02","Y",58.5,-139.7245,135,543,0,0
"2321","2002",4027,"EYKT","3A",190,"Fairweather","Standard Grid","18-Jun-02","Y",58.5,-139.407,91,634,0.016419397030303,0.0706358641779211
"2322","2002",4026,"EYKT","3A",190,"Fairweather","Standard Grid","18-Jun-02","Y",58.5,-139.0913,57,702,0.04543012776,0.195439353108921
"2323","2002",4020,"EYKT","3A",190,"Fairweather","Standard Grid","19-Jun-02","Y",58.3333,-139.422,144,522,0,0
"2324","2002",4019,"EYKT","3A",190,"Fairweather","Standard Grid","19-Jun-02","Y",58.3333,-139.109,61,606,0.0179509855757576,0.0772247224821283
"2325","2002",4018,"EYKT","3A",190,"Fairweather","Standard Grid","19-Jun-02","Y",58.3333,-138.7932,64,675,0.0099737755,0.0429069502527326
"2326","2002",4012,"EYKT","3A",190,"Fairweather","Standard Grid","19-Jun-02","Y",58.1667,-138.7442,101,768,0.0309445107,0.133122565391616
"2327","2002",4011,"EYKT","3A",185,"Fairweather","Standard Grid","20-Jun-02","Y",58.1667,-138.4727,87,507,0.01399423116,0.0602028570030837
"2328","2002",4010,"EYKT","3A",185,"Fairweather","Standard Grid","20-Jun-02","Y",58.1667,-138.1593,80,589,0,0
"2329","2002",4016,"EYKT","3A",185,"Fairweather","Standard Grid","20-Jun-02","Y",58.3333,-138.1417,70,645,0,0
"2330","2002",4015,"EYKT","3A",185,"Fairweather","Standard Grid","20-Jun-02","Y",58.3333,-137.825,94,716,0,0
"2331","2002",3116,"NSEO","2C",181,"Sitka","Standard Grid","21-Jun-02","Y",58.1665,-136.5807,120,488,0,0
"2332","2002",3113,"NSEO","2C",181,"Sitka","Extra Station","21-Jun-02","Y",58,-136.6427,54,550,0.0850763113,0.306655505782996
"2333","2002",4057,"EYKT","3A",200,"Yakutat","Standard Grid","6-Jun-02","Y",59.1578,-139.7052,70,412,0,0
"2334","2002",4064,"EYKT","3A",200,"Yakutat","Standard Grid","6-Jun-02","Y",59.3253,-139.6912,87,502,0,0
"2335","2002",4065,"EYKT","3A",200,"Yakutat","Standard Grid","6-Jun-02","Y",59.3393,-139.9798,88,590,0,0
"2336","2002",4072,"EYKT","3A",200,"Yakutat","Standard Grid","9-Jun-02","Y",59.505,-140.0002,64,504,0,0
"2337","2002",4006,"NSEO","3A",185,"Fairweather","Standard Grid","26-Jun-02","Y",58.1667,-136.8952,108,425,0,0
"2338","2002",4007,"EYKT","3A",185,"Fairweather","Standard Grid","26-Jun-02","Y",58.1667,-137.1583,65,514,0,0
"2339","2002",4003,"EYKT","3A",185,"Fairweather","Standard Grid","26-Jun-02","Y",58,-137.222,109,586,0,0
"2340","2002",4002,"NSEO","3A",185,"Fairweather","Standard Grid","26-Jun-02","Y",58.0003,-136.8762,225,663,0,0
"2341","2002",4008,"EYKT","3A",185,"Fairweather","Standard Grid","27-Jun-02","Y",58.1667,-137.4755,78,428,0,0
"2342","2002",4009,"EYKT","3A",185,"Fairweather","Standard Grid","27-Jun-02","Y",58.1667,-137.7913,84,484,0,0
"2343","2002",4005,"EYKT","3A",185,"Fairweather","Standard Grid","27-Jun-02","Y",58.0002,-137.8575,99,567,0,0
"2344","2002",4004,"EYKT","3A",185,"Fairweather","Standard Grid","27-Jun-02","Y",58.0002,-137.4943,87,619,0.0130886412391304,0.0563070302237336
"2345","2002",4001,"EYKT","3A",185,"Fairweather","Standard Grid","28-Jun-02","Y",57.8333,-137.241,163,556,0,0
"2346","2002",3111,"NSEO","2C",181,"Sitka","Standard Grid","28-Jun-02","Y",57.8333,-136.8575,202,618,0,0
"2347","2002",3110,"NSEO","2C",181,"Sitka","Standard Grid","28-Jun-02","Y",57.8335,-136.5863,51,670,0.00710131611,0.0255965221124601
"2348","2002",3108,"NSEO","2C",170,"Sitka","Standard Grid","28-Jun-02","Y",57.6667,-136.5293,88,722,0.0181132188,0.0652886589415645
"2349","2002",3106,"NSEO","2C",170,"Sitka","Standard Grid","29-Jun-02","Y",57.5,-136.2095,53,374,0.00608981455,0.021950589211252
"2350","2002",3103,"CSEO","2C",170,"Sitka","Standard Grid","29-Jun-02","Y",57.3333,-136.24,96,440,0.0103148369,0.0324855558575186
"2351","2002",3102,"CSEO","2C",170,"Sitka","Standard Grid","29-Jun-02","Y",57.3168,-135.9167,40,502,0.01451854293,0.0457247111025378
"2352","2002",3097,"CSEO","2C",170,"Sitka","Standard Grid","30-Jun-02","Y",57.1667,-135.8757,39,374,0.0200754562857143,0.0632256586175148
"2353","2002",3098,"CSEO","2C",170,"Sitka","Standard Grid","30-Jun-02","Y",57.1667,-136.177,115,439,0,0
"2354","2002",3092,"CSEO","2C",170,"Sitka","Standard Grid","30-Jun-02","Y",56.987,-135.9985,42,491,0.05200492716,0.163784360576983
"2355","2002",3083,"CSEO","2C",160,"Sitka","Standard Grid","2-Jul-02","Y",56.5002,-135.2307,59,387,0.03928575777,0.123726597988406
"2356","2002",3084,"CSEO","2C",160,"Sitka","Standard Grid","2-Jul-02","Y",56.5,-135.5268,86,458,0.11769819675,0.370678798115687
"2357","2002",3080,"CSEO","2C",160,"Ommaney","Standard Grid","2-Jul-02","Y",56.3333,-135.5563,109,528,0.0181132188,0.0570457862583223
"2358","2002",3079,"CSEO","2C",160,"Ommaney","Standard Grid","2-Jul-02","Y",56.3333,-135.2583,87,593,0.07061891805,0.222407278869412
"2359","2002",3069,"CSEO","2C",160,"Ommaney","Standard Grid","3-Jul-02","Y",56,-134.9367,190,513,0,0
"2360","2002",3068,"CSEO","2C",150,"Ommaney","Standard Grid","3-Jul-02","Y",56,-134.6582,204,601,0,0
"2361","2002",3085,"CSEO","2C",160,"Sitka","Standard Grid","7-Jul-02","Y",56.6803,-135.25,23,466,0.01935805724,0.0609662814700504
"2362","2002",3086,"CSEO","2C",160,"Sitka","Standard Grid","7-Jul-02","Y",56.6667,-135.543,72,526,0.06400561496,0.201579336652226
"2363","2002",3087,"CSEO","2C",160,"Sitka","Standard Grid","7-Jul-02","Y",56.6667,-135.8427,129,595,0,0
"2364","2002",3089,"CSEO","2C",160,"Sitka","Standard Grid","7-Jul-02","Y",56.8333,-135.891,101,650,0,0
"2365","2002",3078,"CSEO","2C",160,"Ommaney","Standard Grid","9-Jul-02","Y",56.3333,-134.9573,59,473,0.00987728751546392,0.0311075374642496
"2366","2002",3074,"CSEO","2C",160,"Ommaney","Standard Grid","9-Jul-02","Y",56.1667,-134.912,99,533,0,0
"2367","2002",3075,"CSEO","2C",160,"Ommaney","Standard Grid","9-Jul-02","Y",56.1667,-135.2087,152,611,0,0
"2368","2002",3070,"CSEO","2C",160,"Ommaney","Standard Grid","9-Jul-02","Y",56.0003,-135.237,198,694,0,0
"2369","2002",3062,"SSEO","2C",150,"Ommaney","Standard Grid","10-Jul-02","Y",55.8333,-134.5997,82,428,0.01514337592,0.0518210198620162
"2370","2002",3063,"SSEO","2C",150,"Ommaney","Standard Grid","10-Jul-02","Y",55.8333,-134.893,100,524,0.0155104745050505,0.0530772406127734
"2371","2002",3064,"SSEO","2C",150,"Ommaney","Standard Grid","10-Jul-02","Y",55.8333,-135.1885,121,606,0,0
"2372","2002",3058,"SSEO","2C",150,"Ommaney","Standard Grid","10-Jul-02","Y",55.6667,-134.9372,108,690,0.1340928797,0.458869265281281
"2373","2002",3054,"SSEO","2C",150,"Ommaney","Standard Grid","11-Jul-02","Y",55.5,-134.8718,158,535,0,0
"2374","2002",3053,"SSEO","2C",150,"Ommaney","Standard Grid","11-Jul-02","Y",55.5002,-134.597,109,585,0,0
"2375","2002",3050,"SSEO","2C",150,"Ommaney","Standard Grid","11-Jul-02","Y",55.3333,-134.5748,109,673,0.0140830963,0.0481927158736866
"2376","2002",3049,"SSEO","2C",150,"Ommaney","Standard Grid","11-Jul-02","Y",55.3333,-134.3412,100,769,0.1992454068,0.6818228800331
"2377","2002",3043,"SSEO","2C",140,"Ommaney","Standard Grid","12-Jul-02","Y",55,-133.9947,83,445,0.1135753194,0.388657648965122
"2378","2002",3044,"SSEO","2C",140,"Ommaney","Standard Grid","12-Jul-02","Y",55,-134.2782,116,530,0,0
"2379","2002",3046,"SSEO","2C",150,"Ommaney","Standard Grid","12-Jul-02","Y",55.1667,-134.0388,91,602,0,0
"2380","2002",3045,"SSEO","2C",141,"Ommaney","Standard Grid","12-Jul-02","Y",55.1667,-133.741,85,702,0.0181132188,0.0619838981848273
"2381","2002",3048,"SSEO","2C",150,"Ommaney","Standard Grid","13-Jul-02","Y",55.3333,-133.9938,64,488,0,0
"2382","2002",3052,"SSEO","2C",150,"Ommaney","Standard Grid","13-Jul-02","Y",55.5,-134.3403,90,583,0,0
"2383","2002",3051,"SSEO","2C",151,"Ommaney","Standard Grid","13-Jul-02","Y",55.5,-134.041,49,685,0.00815568297,0.0279089557975311
"2384","2002",3055,"SSEO","2C",151,"Ommaney","Standard Grid","14-Jul-02","Y",55.6667,-133.9927,105,582,0.0378584398,0.129552549655041
"2385","2002",3056,"SSEO","2C",150,"Ommaney","Standard Grid","14-Jul-02","Y",55.6667,-134.2928,114,662,0,0
"2386","2002",3057,"SSEO","2C",150,"Ommaney","Standard Grid","14-Jul-02","Y",55.6667,-134.5913,111,745,0,0
"2387","2002",3034,"SSEO","2C",141,"Ketchikan","Standard Grid","4-Aug-02","Y",55.1782,-133.4333,38,471,0.119685306,0.409566179442601
"2388","2002",3029,"SSEO","2C",141,"Ketchikan","Standard Grid","4-Aug-02","Y",55.0115,-133.4333,56,584,0.2898115008,0.991742370957237
"2389","2002",3030,"SSEO","2C",140,"Ketchikan","Standard Grid","4-Aug-02","Y",55.0123,-133.7167,57,648,0,0
"2390","2002",3025,"SSEO","2C",140,"Ketchikan","Standard Grid","4-Aug-02","Y",54.8452,-133.7167,76,762,0.0362264376,0.123967796369655
"2391","2002",3026,"SSEO","2C",140,"Ketchikan","Standard Grid","5-Aug-02","Y",54.8448,-134.0168,104,508,0.0156930929,0.0537021654328294
"2392","2002",3019,"SSEO","2C",140,"Ketchikan","Standard Grid","5-Aug-02","Y",54.6785,-134,120,603,0,0
"2393","2002",3018,"SSEO","2C",140,"Ketchikan","Standard Grid","5-Aug-02","Y",54.6768,-133.7168,132,681,0,0
"2394","2002",3007,"SSEO","2C",140,"Ketchikan","Standard Grid","5-Aug-02","Y",54.5117,-133.7333,137,789,0,0
"2395","2002",3006,"SSEO","2C",140,"Ketchikan","Standard Grid","6-Aug-02","Y",54.4902,-133.4498,163,489,0,0
"2396","2002",3017,"SSEO","2C",141,"Ketchikan","Standard Grid","6-Aug-02","Y",54.656,-133.4333,162,618,0,0
"2397","2002",3024,"SSEO","2C",141,"Ketchikan","Standard Grid","6-Aug-02","Y",54.822,-133.4337,69,686,0,0
"2398","2002",3023,"SSEO","2C",141,"Ketchikan","Standard Grid","6-Aug-02","Y",54.8453,-133.15,118,754,0.01228809249,0.0420501669082637
"2399","2002",3016,"SSEO","2C",141,"Ketchikan","Standard Grid","7-Aug-02","Y",54.6795,-133.1498,122,411,0.11910683582,0.407586639685698
"2400","2002",3005,"SSEO","2C",142,"Ketchikan","Standard Grid","7-Aug-02","Y",54.5113,-133.1665,113,532,0.27822570776,0.952095490736155
"2401","2002",3015,"SSEO","2C",141,"Ketchikan","Standard Grid","7-Aug-02","Y",54.6553,-132.8495,73,629,0.07838568636,0.268237824327835
"2402","2001",3045,"SSEO","2C",141,"Ommaney","Standard Grid","2-Jun-01","Y",55.1545,-133.7168,88,415,0,0
"2403","2001",3048,"SSEO","2C",150,"Ommaney","Standard Grid","2-Jun-01","Y",55.3222,-134.0168,66,527,0,0
"2404","2001",3047,"SSEO","2C",151,"Ommaney","Standard Grid","2-Jun-01","Y",55.3335,-133.7658,46,614,0,0
"2405","2001",3051,"SSEO","2C",151,"Ommaney","Standard Grid","3-Jun-01","Y",55.489,-134.0168,49,436,0.01782888392,0.0582560798928072
"2406","2001",3052,"SSEO","2C",150,"Ommaney","Standard Grid","3-Jun-01","Y",55.4888,-134.3165,92,548,0,0
"2407","2001",3056,"SSEO","2C",150,"Ommaney","Standard Grid","3-Jun-01","Y",55.6553,-134.317,113,657,0,0
"2408","2001",3055,"SSEO","2C",151,"Ommaney","Standard Grid","3-Jun-01","Y",55.6552,-134.0167,108,799,0.0140830963,0.0460166764712941
"2409","2001",4021,"EYKT","3A",185,"Fairweather","Standard Grid","9-Jun-01","Y",58.5,-137.4457,40,461,0,0
"2410","2001",4022,"EYKT","3A",185,"Fairweather","Standard Grid","9-Jun-01","Y",58.5,-137.7605,85,532,0,0
"2411","2001",4023,"EYKT","3A",190,"Fairweather","Standard Grid","9-Jun-01","Y",58.5,-138.094,73,597,0,0
"2412","2001",4029,"EYKT","3A",190,"Fairweather","Standard Grid","9-Jun-01","Y",58.667,-138.077,50,660,0,0
"2413","2001",4036,"EYKT","3A",190,"Fairweather","Standard Grid","10-Jun-01","Y",58.8333,-138.0625,29,397,0,0
"2414","2001",4037,"EYKT","3A",190,"Fairweather","Standard Grid","10-Jun-01","Y",58.8333,-138.3762,39,457,0.0362264376,0.155845292079907
"2415","2001",4043,"EYKT","3A",190,"Fairweather","Standard Grid","10-Jun-01","Y",59,-138.3782,34,510,0,0
"2416","2001",4038,"EYKT","3A",190,"Fairweather","Standard Grid","11-Jun-01","Y",58.8333,-138.7115,67,390,0,0
"2417","2001",4039,"EYKT","3A",190,"Fairweather","Standard Grid","11-Jun-01","Y",58.8333,-139.0237,105,452,0,0
"2418","2001",4045,"EYKT","3A",190,"Fairweather","Standard Grid","11-Jun-01","Y",59,-139.057,56,526,0,0
"2419","2001",4044,"EYKT","3A",190,"Fairweather","Standard Grid","11-Jun-01","Y",59,-138.7392,85,588,0,0
"2420","2001",4046,"EYKT","3A",190,"Fairweather","Standard Grid","12-Jun-01","Y",59,-139.3422,61,406,0,0
"2421","2001",4047,"EYKT","3A",200,"Fairweather","Standard Grid","12-Jun-01","Y",59,-139.6597,67,480,0,0
"2422","2001",4049,"EYKT","3A",200,"Fairweather","Standard Grid","12-Jun-01","Y",59.1665,-139.3735,54,530,0,0
"2423","2001",4048,"EYKT","3A",190,"Fairweather","Standard Grid","12-Jun-01","Y",59.167,-139.0125,30,566,0,0
"2424","2001",3029,"SSEO","2C",141,"Ketchikan","Standard Grid","9-Jun-01","Y",54.9907,-133.4268,50,390,0.05492582515,0.179470755010489
"2425","2001",3034,"SSEO","2C",141,"Ketchikan","Standard Grid","9-Jun-01","Y",55.1558,-133.4262,33,505,0.0796397514257426,0.260223788685779
"2426","2001",3030,"SSEO","2C",140,"Ketchikan","Standard Grid","9-Jun-01","Y",54.992,-133.7148,57,605,0,0
"2427","2001",3025,"SSEO","2C",140,"Ketchikan","Standard Grid","10-Jun-01","Y",54.8422,-133.7217,78,406,0.0313734971515151,0.10251325684639
"2428","2001",3026,"SSEO","2C",140,"Ketchikan","Standard Grid","10-Jun-01","Y",54.8203,-134.0025,106,555,0,0
"2429","2001",3019,"SSEO","2C",140,"Ketchikan","Standard Grid","10-Jun-01","Y",54.6798,-134.0132,121,592,0,0
"2430","2001",3006,"SSEO","2C",140,"Ketchikan","Standard Grid","11-Jun-01","Y",54.5078,-133.4623,163,425,0,0
"2431","2001",3007,"SSEO","2C",140,"Ketchikan","Standard Grid","11-Jun-01","Y",54.5202,-133.7183,137,534,0,0
"2432","2001",3018,"SSEO","2C",140,"Ketchikan","Standard Grid","11-Jun-01","Y",54.6543,-133.7122,131,631,0,0
"2433","2001",3017,"SSEO","2C",141,"Ketchikan","Standard Grid","12-Jun-01","Y",54.68,-133.441,164,424,0,0
"2434","2001",3024,"SSEO","2C",141,"Ketchikan","Standard Grid","12-Jun-01","Y",54.8213,-133.4295,70,540,0,0
"2435","2001",3023,"SSEO","2C",141,"Ketchikan","Standard Grid","12-Jun-01","Y",54.844,-133.1608,117,602,0,0
"2436","2001",3016,"SSEO","2C",141,"Ketchikan","Standard Grid","13-Jun-01","Y",54.6583,-133.1345,120,425,0.3520774075,1.15041691178235
"2437","2001",3005,"SSEO","2C",142,"Ketchikan","Standard Grid","13-Jun-01","Y",54.4975,-133.1568,112,575,0.103261283296703,0.337407411286042
"2438","2001",3015,"SSEO","2C",141,"Ketchikan","Standard Grid","13-Jun-01","Y",54.654,-132.8408,75,625,0.1086793128,0.355110883977991
"2439","2001",3068,"SSEO","2C",150,"Ommaney","Standard Grid","10-Jun-01","Y",56.0005,-134.6337,204,524,0,0
"2440","2001",3074,"CSEO","2C",160,"Ommaney","Standard Grid","10-Jun-01","Y",56.1558,-134.9337,99,638,0.01070098876,0.0350725893785085
"2441","2001",3078,"CSEO","2C",160,"Ommaney","Standard Grid","11-Jun-01","Y",56.3237,-134.9332,59,465,0.06486987969,0.212611629114599
"2442","2001",3079,"CSEO","2C",160,"Ommaney","Standard Grid","11-Jun-01","Y",56.3337,-135.2123,89,571,0.03781225074,0.123930000621851
"2443","2001",3080,"CSEO","2C",160,"Ommaney","Standard Grid","11-Jun-01","Y",56.333,-135.5125,111,675,0,0
"2444","2001",3075,"CSEO","2C",160,"Ommaney","Standard Grid","11-Jun-01","Y",56.1667,-135.2563,154,788,0,0
"2445","2001",3070,"CSEO","2C",160,"Ommaney","Standard Grid","12-Jun-01","Y",56.0118,-135.2165,198,433,0,0
"2446","2001",3064,"SSEO","2C",150,"Ommaney","Standard Grid","12-Jun-01","Y",55.8452,-135.2162,134,547,0,0
"2447","2001",3063,"SSEO","2C",150,"Ommaney","Standard Grid","12-Jun-01","Y",55.8225,-134.917,101,631,0,0
"2448","2001",3069,"SSEO","2C",160,"Ommaney","Standard Grid","12-Jun-01","Y",55.9885,-134.9168,197,728,0,0
"2449","2001",3043,"SSEO","2C",140,"Ommaney","Standard Grid","17-Jun-01","Y",54.9892,-134.0167,83,388,0.0405625155445545,0.132538478393818
"2450","2001",3044,"SSEO","2C",140,"Ommaney","Standard Grid","17-Jun-01","Y",54.9882,-134.3003,117,485,0,0
"2451","2001",3049,"SSEO","2C",150,"Ommaney","Standard Grid","18-Jun-01","Y",55.3215,-134.3165,100,439,0.0757168796,0.247405760618787
"2452","2001",3050,"SSEO","2C",150,"Ommaney","Standard Grid","18-Jun-01","Y",55.3335,-134.5783,111,550,0.0362264376,0.11837029465933
"2453","2001",3053,"SSEO","2C",150,"Ommaney","Standard Grid","18-Jun-01","Y",55.5002,-134.6535,115,561,0,0
"2454","2001",3062,"SSEO","2C",150,"Ommaney","Standard Grid","19-Jun-01","Y",55.8225,-134.6172,81,468,0.0699711558,0.228631543105412
"2455","2001",3058,"SSEO","2C",150,"Ommaney","Standard Grid","19-Jun-01","Y",55.667,-134.9003,109,577,0.119685306,0.391073091261176
"2456","2001",3057,"SSEO","2C",150,"Ommaney","Standard Grid","19-Jun-01","Y",55.6545,-134.6168,112,645,0,0
"2457","2001",4040,"EYKT","3A",190,"Fairweather","Standard Grid","14-Jun-01","Y",58.8337,-139.3442,74,432,0.02228935658,0.0958882936500303
"2458","2001",4041,"EYKT","3A",200,"Fairweather","Standard Grid","14-Jun-01","Y",58.8335,-139.6767,88,495,0,0
"2459","2001",4032,"EYKT","3A",190,"Fairweather","Standard Grid","15-Jun-01","Y",58.6667,-139.0452,82,452,0,0
"2460","2001",4033,"EYKT","3A",190,"Fairweather","Standard Grid","15-Jun-01","Y",58.6667,-139.3605,136,534,0,0
"2461","2001",4034,"EYKT","3A",190,"Fairweather","Standard Grid","15-Jun-01","Y",58.6667,-139.6762,102,593,0,0
"2462","2001",4028,"EYKT","3A",190,"Fairweather","Standard Grid","15-Jun-01","Y",58.5,-139.6778,135,682,0,0
"2463","2001",4019,"EYKT","3A",190,"Fairweather","Standard Grid","16-Jun-01","Y",58.3333,-139.106,60,407,0.0335517696,0.144338932545488
"2464","2001",4020,"EYKT","3A",190,"Fairweather","Standard Grid","16-Jun-01","Y",58.334,-139.4208,144,454,0,0
"2465","2001",4027,"EYKT","3A",190,"Fairweather","Standard Grid","16-Jun-01","Y",58.5,-139.4043,91,531,0.0543396564,0.23376793811986
"2466","2001",4026,"EYKT","3A",190,"Fairweather","Standard Grid","16-Jun-01","Y",58.5,-139.0895,56,607,0,0
"2467","2001",4025,"EYKT","3A",190,"Fairweather","Standard Grid","17-Jun-01","Y",58.5002,-138.7735,52,392,0.0466448052,0.200664867207488
"2468","2001",4031,"EYKT","3A",190,"Fairweather","Standard Grid","17-Jun-01","Y",58.6667,-138.756,54,459,0,0
"2469","2001",4030,"EYKT","3A",190,"Fairweather","Standard Grid","17-Jun-01","Y",58.6667,-138.4407,72,539,0,0
"2470","2001",4024,"EYKT","3A",190,"Fairweather","Standard Grid","17-Jun-01","Y",58.5,-138.4567,62,592,0,0
"2471","2001",4017,"EYKT","3A",190,"Fairweather","Standard Grid","18-Jun-01","Y",58.3335,-138.4107,70,369,0,0
"2472","2001",4018,"EYKT","3A",190,"Fairweather","Standard Grid","18-Jun-01","Y",58.3333,-138.7443,63,427,0.0843776031372549,0.36299048642663
"2473","2001",4012,"EYKT","3A",190,"Fairweather","Standard Grid","18-Jun-01","Y",58.1667,-138.7897,98,495,0.01464970162,0.0630226756785047
"2474","2001",4011,"EYKT","3A",185,"Fairweather","Standard Grid","18-Jun-01","Y",58.1667,-138.4258,87,575,0.05221942578,0.224646755300309
"2475","2001",4007,"EYKT","3A",185,"Fairweather","Standard Grid","22-Jun-01","Y",58.1667,-137.1597,65,386,0,0
"2476","2001",4008,"EYKT","3A",185,"Fairweather","Standard Grid","22-Jun-01","Y",58.1667,-137.477,77,449,0,0
"2477","2001",4014,"EYKT","3A",185,"Fairweather","Standard Grid","22-Jun-01","Y",58.3333,-137.5055,100,524,0,0
"2478","2001",4013,"EYKT","3A",185,"Fairweather","Standard Grid","22-Jun-01","Y",58.3333,-137.1973,92,613,0,0
"2479","2001",4015,"EYKT","3A",185,"Fairweather","Standard Grid","23-Jun-01","Y",58.3337,-137.8223,95,435,0,0
"2480","2001",4016,"EYKT","3A",185,"Fairweather","Standard Grid","23-Jun-01","Y",58.3333,-138.1345,70,469,0,0
"2481","2001",4010,"EYKT","3A",185,"Fairweather","Standard Grid","23-Jun-01","Y",58.1668,-138.1568,79,542,0,0
"2482","2001",4009,"EYKT","3A",185,"Fairweather","Standard Grid","23-Jun-01","Y",58.1668,-137.7983,83,580,0,0
"2483","2001",4005,"EYKT","3A",185,"Fairweather","Standard Grid","24-Jun-01","Y",58.0003,-137.8552,100,480,0,0
"2484","2001",4004,"EYKT","3A",185,"Fairweather","Standard Grid","24-Jun-01","Y",58,-137.539,88,553,0.0419040434081633,0.180270220229281
"2485","2001",4003,"EYKT","3A",185,"Fairweather","Standard Grid","24-Jun-01","Y",58,-137.178,108,600,0,0
"2486","2001",4001,"EYKT","3A",185,"Fairweather","Standard Grid","24-Jun-01","Y",57.8333,-137.2007,158,666,0,0
"2487","2001",3102,"CSEO","2C",170,"Sitka","Standard Grid","25-Jun-01","Y",57.3458,-135.9167,50,370,0.00589726179,0.019328329919509
"2488","2001",3097,"CSEO","2C",170,"Sitka","Standard Grid","25-Jun-01","Y",57.1667,-135.8778,38,424,0.03367350666,0.110365228719355
"2489","2001",3098,"CSEO","2C",170,"Sitka","Standard Grid","25-Jun-01","Y",57.1668,-136.2195,113,510,0,0
"2490","2001",3111,"NSEO","2C",181,"Sitka","Standard Grid","27-Jun-01","Y",57.8333,-136.9027,200,384,0,0
"2491","2001",3110,"NSEO","2C",181,"Sitka","Standard Grid","27-Jun-01","Y",57.8333,-136.5898,54,447,0.0221147317125,0.0797120154238745
"2492","2001",3113,"NSEO","2C",181,"Sitka","Extra Station","27-Jun-01","Y",58,-136.6447,56,500,0.00637778593,0.0229885750834125
"2493","2001",4002,"NSEO","3A",185,"Fairweather","Standard Grid","27-Jun-01","Y",58,-136.8727,224,587,0,0
"2494","2001",3116,"NSEO","2C",181,"Sitka","Standard Grid","28-Jun-01","Y",58.1667,-136.6208,135,664,0,0
"2495","2001",4006,"NSEO","3A",185,"Fairweather","Standard Grid","28-Jun-01","Y",58.1678,-136.9333,108,401,0,0
"2496","2001",3108,"NSEO","2C",170,"Sitka","Standard Grid","29-Jun-01","Y",57.6667,-136.5685,87,405,0,0
"2497","2001",3106,"NSEO","2C",170,"Sitka","Standard Grid","29-Jun-01","Y",57.5,-136.2568,53,482,0.03262273188,0.117587847801818
"2498","2001",3103,"CSEO","2C",170,"Sitka","Standard Grid","29-Jun-01","Y",57.3333,-136.193,95,548,0.0985816741,0.323102346287788
"2499","2001",3089,"CSEO","2C",160,"Sitka","Standard Grid","30-Jun-01","Y",56.8333,-135.8895,101,450,0,0
"2500","2001",3087,"CSEO","2C",160,"Sitka","Standard Grid","30-Jun-01","Y",56.6667,-135.8882,129,527,0,0
"2501","2001",3085,"CSEO","2C",160,"Sitka","Standard Grid","1-Jul-01","Y",56.6797,-135.25,22,357,0.00449282445,0.014725273581595
"2502","2001",3086,"CSEO","2C",160,"Sitka","Standard Grid","1-Jul-01","Y",56.6667,-135.5443,72,417,0.03826671558,0.125419513327431
"2503","2001",3084,"CSEO","2C",160,"Sitka","Standard Grid","1-Jul-01","Y",56.5,-135.5725,83,475,0.107733753625,0.353098371359753
"2504","2001",3083,"CSEO","2C",160,"Sitka","Standard Grid","1-Jul-01","Y",56.5002,-135.2717,58,542,0.03028675184,0.0992651085536797
"2505","2001",4057,"EYKT","3A",200,"Yakutat","Standard Grid","28-Jun-01","Y",59.1593,-139.6738,73,493,0,0
"2506","2001",4064,"EYKT","3A",200,"Yakutat","Standard Grid","28-Jun-01","Y",59.3168,-139.6507,88,605,0,0
"2507","2000",3083,"CSEO","2C",160,"Sitka","Standard Grid","1-Jun-00","Y",56.4997,-135.2205,58,442,0.0207393782285714,0.0658028174348741
"2508","2000",3084,"CSEO","2C",160,"Sitka","Standard Grid","1-Jun-00","Y",56.5,-135.5217,84,570,0.0777726683571428,0.246760565380778
"2509","2000",3086,"CSEO","2C",160,"Sitka","Standard Grid","1-Jun-00","Y",56.6667,-135.5972,72,675,0.0602263688571429,0.191088889502592
"2510","2000",3085,"CSEO","2C",160,"Sitka","Standard Grid","1-Jun-00","Y",56.6833,-135.2502,22,782,0.0101221530642857,0.032116015378872
"2511","2000",3087,"CSEO","2C",160,"Sitka","Standard Grid","2-Jun-00","Y",56.667,-135.8383,130,483,0.00466663640425532,0.0148065105886881
"2512","2000",3089,"CSEO","2C",160,"Sitka","Standard Grid","2-Jun-00","Y",56.8333,-135.8965,100,590,0,0
"2513","2000",3092,"CSEO","2C",170,"Sitka","Standard Grid","2-Jun-00","Y",56.9832,-135.8853,22,673,0.0204041804316547,0.0647392870246567
"2514","2000",3097,"CSEO","2C",170,"Sitka","Standard Grid","3-Jun-00","Y",57.1667,-135.8682,39,426,0.0337457649,0.107070056895714
"2515","2000",3098,"CSEO","2C",170,"Sitka","Standard Grid","3-Jun-00","Y",57.1667,-136.1697,117,534,0.0212040157428571,0.0672770399110241
"2516","2000",3103,"CSEO","2C",170,"Sitka","Standard Grid","3-Jun-00","Y",57.3333,-136.2167,94,651,0.06841698255,0.217076431249054
"2517","2000",3102,"CSEO","2C",170,"Sitka","Standard Grid","3-Jun-00","Y",57.3497,-135.916,45,758,0.00904882251428571,0.0287105046904357
"2518","2000",3106,"CSEO","2C",170,"Sitka","Standard Grid","4-Jun-00","Y",57.4997,-136.2018,54,451,0,0
"2519","2000",3110,"NSEO","2C",181,"Sitka","Standard Grid","4-Jun-00","Y",57.8337,-136.5382,52,675,0.0433502357142857,0.156254875836117
"2520","2000",4005,"EYKT","3A",185,"Fairweather","Standard Grid","5-Jun-00","Y",58.0002,-137.865,99,467,0.0258760268571429,0.0958885936781538
"2521","2000",4004,"EYKT","3A",185,"Fairweather","Standard Grid","5-Jun-00","Y",58,-137.5477,88,591,0.0193977185,0.0718819762322308
"2522","2000",4008,"EYKT","3A",185,"Fairweather","Standard Grid","5-Jun-00","Y",58.1668,-137.4652,76,697,0,0
"2523","2000",4009,"EYKT","3A",185,"Fairweather","Standard Grid","5-Jun-00","Y",58.1667,-137.7833,83,795,0,0
"2524","2000",4013,"EYKT","3A",185,"Fairweather","Standard Grid","6-Jun-00","Y",58.3335,-137.2005,93,422,0,0
"2525","2000",4006,"NSEO","3A",185,"Fairweather","Standard Grid","6-Jun-00","Y",58.1675,-136.8867,106,538,0,0
"2526","2000",4007,"EYKT","3A",185,"Fairweather","Standard Grid","6-Jun-00","Y",58.1667,-137.1532,65,687,0.00392978185,0.0145625623724538
"2527","2000",3034,"SSEO","2C",141,"Ketchikan","Standard Grid","3-Jun-00","Y",55.1785,-133.4193,34,420,0.0562423078285714,0.195503121576196
"2528","2000",3030,"SSEO","2C",140,"Ketchikan","Standard Grid","3-Jun-00","Y",55.0173,-133.7002,56,562,0.0322410688571429,0.112072741106872
"2529","2000",3029,"SSEO","2C",141,"Ketchikan","Standard Grid","3-Jun-00","Y",54.9857,-133.4432,53,599,0.0830701999214286,0.288759192529928
"2530","2000",3025,"SSEO","2C",140,"Ketchikan","Standard Grid","4-Jun-00","Y",54.8465,-133.7037,75,444,0.0385387634042553,0.133964071499051
"2531","2000",3026,"SSEO","2C",140,"Ketchikan","Standard Grid","4-Jun-00","Y",54.8502,-134.0042,103,565,0.0432032489642857,0.150178226336235
"2532","2000",3019,"SSEO","2C",140,"Ketchikan","Standard Grid","4-Jun-00","Y",54.6832,-133.9883,119,682,0,0
"2533","2000",3018,"SSEO","2C",140,"Ketchikan","Standard Grid","5-Jun-00","Y",54.6817,-133.704,132,448,0,0
"2534","2000",3007,"SSEO","2C",140,"Ketchikan","Standard Grid","5-Jun-00","Y",54.5177,-133.7225,136,646,0,0
"2535","2000",3024,"SSEO","2C",141,"Ketchikan","Standard Grid","6-Jun-00","Y",54.8463,-133.429,67,438,0.0119738654402985,0.0416221908611383
"2536","2000",3023,"SSEO","2C",141,"Ketchikan","Standard Grid","6-Jun-00","Y",54.8538,-133.1435,105,530,0.0388515876595745,0.135051475639828
"2537","2000",3016,"SSEO","2C",141,"Ketchikan","Standard Grid","6-Jun-00","Y",54.6845,-133.138,124,655,0.04894134245,0.170124335087187
"2538","2000",3017,"SSEO","2C",141,"Ketchikan","Standard Grid","7-Jun-00","Y",54.6765,-133.4177,163,460,0,0
"2539","2000",3006,"SSEO","2C",140,"Ketchikan","Standard Grid","7-Jun-00","Y",54.5128,-133.4245,162,606,0,0
"2540","2000",3005,"SSEO","2C",142,"Ketchikan","Standard Grid","7-Jun-00","Y",54.5125,-133.1452,101,697,0.00491682163571429,0.0170912968391243
"2541","2000",4015,"EYKT","3A",185,"Fairweather","Standard Grid","18-Jun-00","Y",58.3333,-137.8323,95,438,0,0
"2542","2000",4014,"EYKT","3A",185,"Fairweather","Standard Grid","18-Jun-00","Y",58.3347,-137.523,101,543,0,0
"2543","2000",4021,"EYKT","3A",185,"Fairweather","Standard Grid","18-Jun-00","Y",58.5,-137.434,39,635,0,0
"2544","2000",4022,"EYKT","3A",185,"Fairweather","Standard Grid","18-Jun-00","Y",58.5002,-137.741,84,728,0,0
"2545","2000",4030,"EYKT","3A",190,"Fairweather","Standard Grid","19-Jun-00","Y",58.6668,-138.449,73,446,0,0
"2546","2000",4029,"EYKT","3A",190,"Fairweather","Standard Grid","19-Jun-00","Y",58.667,-138.1342,51,540,0.0249947397428571,0.0926228147978769
"2547","2000",4036,"EYKT","3A",190,"Fairweather","Standard Grid","19-Jun-00","Y",58.8337,-138.0512,28,611,0,0
"2548","2000",4037,"EYKT","3A",190,"Fairweather","Standard Grid","19-Jun-00","Y",58.8333,-138.3688,39,719,0.0147817562285714,0.0547766403504
"2549","2000",4032,"EYKT","3A",190,"Fairweather","Standard Grid","20-Jun-00","Y",58.6667,-139.0953,80,462,0,0
"2550","2000",4031,"EYKT","3A",190,"Fairweather","Standard Grid","20-Jun-00","Y",58.6667,-138.7642,55,594,0.05183498575,0.192084507963115
"2551","2000",4038,"EYKT","3A",190,"Fairweather","Standard Grid","20-Jun-00","Y",58.8333,-138.6995,66,703,0,0
"2552","2000",4039,"EYKT","3A",190,"Fairweather","Standard Grid","20-Jun-00","Y",58.8333,-139.015,103,794,0,0
"2553","2000",4040,"EYKT","3A",190,"Fairweather","Standard Grid","21-Jun-00","Y",58.834,-139.3348,74,438,0.0179974438285714,0.0666929891536615
"2554","2000",4041,"EYKT","3A",200,"Fairweather","Standard Grid","21-Jun-00","Y",58.8333,-139.6685,87,523,0,0
"2555","2000",4034,"EYKT","3A",190,"Fairweather","Standard Grid","21-Jun-00","Y",58.6667,-139.7338,101,618,0,0
"2556","2000",4033,"EYKT","3A",190,"Fairweather","Standard Grid","21-Jun-00","Y",58.6667,-139.4157,136,730,0,0
"2557","2000",4012,"EYKT","3A",190,"Fairweather","Standard Grid","22-Jun-00","Y",58.1668,-138.7972,100,447,0.0658142353785714,0.243887305779023
"2558","2000",4011,"EYKT","3A",185,"Fairweather","Standard Grid","22-Jun-00","Y",58.1668,-138.4813,88,533,0.0316448603428571,0.117266115550523
"2559","2000",4010,"EYKT","3A",185,"Fairweather","Standard Grid","22-Jun-00","Y",58.1667,-138.1647,81,630,0,0
"2560","2000",3015,"SSEO","2C",141,"Ketchikan","Standard Grid","23-Jun-00","Y",54.6753,-132.8332,75,671,0.0936916767375886,0.325680363681686
"2561","2000",3043,"SSEO","2C",140,"Ommaney","Standard Grid","24-Jun-00","Y",55.0158,-134.0047,81,443,0.0666526393142857,0.231690333315508
"2562","2000",3044,"SSEO","2C",140,"Ommaney","Standard Grid","24-Jun-00","Y",54.9852,-134.3103,114,550,0,0
"2563","2000",3046,"SSEO","2C",150,"Ommaney","Standard Grid","24-Jun-00","Y",55.1747,-134.0115,93,671,0,0
"2564","2000",3050,"SSEO","2C",150,"Ommaney","Standard Grid","25-Jun-00","Y",55.319,-134.6168,109,477,0.0304075478,0.105699263488569
"2565","2000",3053,"SSEO","2C",150,"Ommaney","Standard Grid","25-Jun-00","Y",55.4847,-134.6337,108,640,0,0
"2566","2000",3113,"NSEO","2C",181,"Sitka","Extra Station","24-Jun-00","Y",58,-136.6377,60,409,0.0143246955428571,0.0516330185190138
"2567","2000",3116,"NSEO","2C",181,"Sitka","Standard Grid","24-Jun-00","Y",58.1667,-136.6318,125,514,0.00617560848571429,0.0222598313768744
"2568","2000",4024,"EYKT","3A",190,"Fairweather","Standard Grid","25-Jun-00","Y",58.5,-138.4662,63,482,0.0333263196571429,0.123497086397169
"2569","2000",4023,"EYKT","3A",190,"Fairweather","Standard Grid","25-Jun-00","Y",58.5,-138.1468,73,613,0.0171825318,0.0636731759179384
"2570","2000",4016,"EYKT","3A",185,"Fairweather","Standard Grid","25-Jun-00","Y",58.3333,-138.0877,70,727,0,0
"2571","2000",4017,"EYKT","3A",190,"Fairweather","Standard Grid","25-Jun-00","Y",58.3333,-138.404,71,834,0,0
"2572","2000",4018,"EYKT","3A",190,"Fairweather","Standard Grid","26-Jun-00","Y",58.3333,-138.7415,65,446,0.12377135895,0.458658572773638
"2573","2000",4019,"EYKT","3A",190,"Fairweather","Standard Grid","26-Jun-00","Y",58.3333,-139.0512,61,541,0.0406399708571429,0.150599227390154
"2574","2000",4026,"EYKT","3A",190,"Fairweather","Standard Grid","26-Jun-00","Y",58.5002,-139.0977,56,639,0,0
"2575","2000",4025,"EYKT","3A",190,"Fairweather","Standard Grid","26-Jun-00","Y",58.5,-138.7805,52,751,0.00983364327142857,0.0364404562275231
"2576","2000",4028,"EYKT","3A",190,"Fairweather","Standard Grid","27-Jun-00","Y",58.5,-139.7197,135,431,0,0
"2577","2000",4027,"EYKT","3A",190,"Fairweather","Standard Grid","27-Jun-00","Y",58.5,-139.3458,90,516,0.0572987821714286,0.2123316563328
"2578","2000",4020,"EYKT","3A",190,"Fairweather","Standard Grid","27-Jun-00","Y",58.3333,-139.3695,147,626,0,0
"2579","2000",3111,"NSEO","2C",181,"Sitka","Standard Grid","28-Jun-00","Y",57.8333,-136.8533,205,420,0,0
"2580","2000",4002,"NSEO","3A",185,"Fairweather","Standard Grid","28-Jun-00","Y",58,-136.9297,223,704,0,0
"2581","2000",4046,"EYKT","3A",190,"Fairweather","Standard Grid","2-Jul-00","Y",59.0002,-139.3342,59,511,0,0
"2582","2000",4047,"EYKT","3A",200,"Fairweather","Standard Grid","2-Jul-00","Y",59,-139.652,66,591,0,0
"2583","2000",4058,"EYKT","3A",200,"Yakutat","Standard Grid","2-Jul-00","Y",59.1668,-140.0292,61,798,0,0
"2584","2000",3074,"CSEO","2C",160,"Ommaney","Standard Grid","1-Jul-00","Y",56.1795,-134.9112,98,574,0,0
"2585","2000",3078,"CSEO","2C",160,"Ommaney","Standard Grid","1-Jul-00","Y",56.3143,-134.9628,66,697,0.0345276030428571,0.10955070756957
"2586","2000",3079,"CSEO","2C",160,"Ommaney","Standard Grid","5-Jul-00","Y",56.3422,-135.237,84,430,0.0871702073714286,0.276577493221085
"2587","2000",3080,"CSEO","2C",160,"Ommaney","Standard Grid","5-Jul-00","Y",56.3413,-135.5392,109,539,0,0
"2588","2000",3075,"CSEO","2C",160,"Ommaney","Standard Grid","5-Jul-00","Y",56.1897,-135.2512,143,665,0,0
"2589","2000",3070,"SSEO","2C",160,"Ommaney","Standard Grid","6-Jul-00","Y",56.0155,-135.2218,192,448,0,0
"2590","2000",3063,"SSEO","2C",150,"Ommaney","Standard Grid","6-Jul-00","Y",55.851,-134.934,98,756,0,0
"2591","2000",3068,"SSEO","2C",150,"Ommaney","Standard Grid","13-Jul-00","Y",56.0045,-134.6257,185,421,0,0
"2592","2000",3069,"CSEO","2C",160,"Ommaney","Standard Grid","13-Jul-00","Y",56.0123,-134.8903,187,566,0,0
"2593","2000",3062,"SSEO","2C",150,"Ommaney","Standard Grid","13-Jul-00","Y",55.8292,-134.6113,88,670,0.0942285789285714,0.327546682088074
"2594","2000",4048,"EYKT","3A",190,"Fairweather","Standard Grid","21-Jul-00","Y",59.1667,-139.0033,31,478,0,0
"2595","2000",4049,"EYKT","3A",200,"Fairweather","Standard Grid","21-Jul-00","Y",59.1667,-139.3177,54,564,0,0
"2596","2000",4057,"EYKT","3A",200,"Yakutat","Standard Grid","21-Jul-00","Y",59.1667,-139.6537,70,654,0,0
"2597","2000",4064,"EYKT","3A",200,"Yakutat","Standard Grid","21-Jul-00","Y",59.3335,-139.6937,84,759,0,0
"2598","2000",4045,"EYKT","3A",190,"Fairweather","Standard Grid","23-Jul-00","Y",59,-139.012,56,458,0,0
"2599","2000",4044,"EYKT","3A",190,"Fairweather","Standard Grid","23-Jul-00","Y",59,-138.6853,86,507,0,0
"2600","2000",4043,"EYKT","3A",190,"Fairweather","Standard Grid","23-Jul-00","Y",59.0002,-138.37,34,532,0,0
"2601","2000",3047,"SSEO","2C",151,"Ommaney","Standard Grid","21-Jul-00","Y",55.3467,-133.74,40,430,0,0
"2602","2000",3045,"SSEO","2C",141,"Ommaney","Standard Grid","21-Jul-00","Y",55.1833,-133.7312,86,534,0,0
"2603","2000",3048,"SSEO","2C",150,"Ommaney","Standard Grid","21-Jul-00","Y",55.3152,-134.0095,64,652,0,0
"2604","2000",3051,"SSEO","2C",151,"Ommaney","Standard Grid","22-Jul-00","Y",55.4802,-133.9995,50,458,0.0220150470285714,0.0765262056608924
"2605","2000",3052,"SSEO","2C",150,"Ommaney","Standard Grid","22-Jul-00","Y",55.4843,-134.3042,91,551,0,0
"2606","2000",3049,"SSEO","2C",150,"Ommaney","Standard Grid","22-Jul-00","Y",55.3205,-134.3103,99,695,0.296975287842857,1.03231176041416
"2607","2000",3055,"SSEO","2C",151,"Ommaney","Standard Grid","23-Jul-00","Y",55.6525,-133.9988,101,447,0.0755142091785714,0.262493915839434
"2608","2000",3056,"SSEO","2C",150,"Ommaney","Standard Grid","23-Jul-00","Y",55.6765,-134.3285,112,618,0,0
"2609","2000",3057,"SSEO","2C",150,"Ommaney","Standard Grid","24-Jul-00","Y",55.6852,-134.6297,109,420,0,0
"2610","2000",3058,"SSEO","2C",150,"Ommaney","Standard Grid","24-Jul-00","Y",55.6852,-134.929,107,505,0.108575457857143,0.377417672872463
"2611","1999",3110,"NSEO","2C",181,"Sitka","Standard Grid","13-Jun-99","Y",57.8327,-136.535,53,420,0.011661468375,0.0420334806253881
"2612","1999",3111,"NSEO","2C",181,"Sitka","Standard Grid","13-Jun-99","Y",57.8333,-136.8488,197,804,0,0
"2613","1999",3108,"NSEO","2C",170,"Sitka","Standard Grid","14-Jun-99","Y",57.666,-136.5202,88,541,0.02669134479375,0.0962083065507301
"2614","1999",3106,"NSEO","2C",170,"Sitka","Standard Grid","14-Jun-99","Y",57.5012,-136.2617,49,701,0.015801819425,0.0569572758153296
"2615","1999",3102,"CSEO","2C",170,"Sitka","Standard Grid","17-Jun-99","Y",57.3508,-135.917,49,419,0.0093650250375,0.0297555496431216
"2616","1999",3103,"CSEO","2C",170,"Sitka","Standard Grid","17-Jun-99","Y",57.3338,-136.1873,96,598,0.02257397625,0.0717244287398973
"2617","1999",3097,"CSEO","2C",170,"Sitka","Standard Grid","18-Jun-99","Y",57.1668,-135.8732,38,433,0.0426648707639752,0.135559347140168
"2618","1999",3098,"CSEO","2C",170,"Sitka","Standard Grid","18-Jun-99","Y",57.1655,-136.17,115,528,0.00809779445,0.0257291703750845
"2619","1999",3092,"CSEO","2C",170,"Sitka","Standard Grid","18-Jun-99","Y",56.9993,-136.0295,55,701,0.15410684205,0.489644584034938
"2620","1999",3089,"CSEO","2C",160,"Sitka","Standard Grid","19-Jun-99","Y",56.8343,-135.8413,101,580,0.0131270037,0.041708506778863
"2621","1999",3086,"CSEO","2C",160,"Sitka","Standard Grid","20-Jun-99","Y",56.6673,-135.5333,72,510,0.0313715833,0.0996771178431005
"2622","1999",3087,"CSEO","2C",160,"Sitka","Standard Grid","20-Jun-99","Y",56.6665,-135.8427,131,615,0,0
"2623","1999",3084,"CSEO","2C",160,"Sitka","Standard Grid","21-Jun-99","Y",56.5003,-135.5795,85,470,0.10980054155,0.348869912450852
"2624","1999",3083,"CSEO","2C",160,"Sitka","Standard Grid","21-Jun-99","Y",56.5,-135.2857,58,636,0.0109463876273292,0.0347800223868697
"2625","1999",3085,"CSEO","2C",160,"Sitka","Standard Grid","21-Jun-99","Y",56.6425,-135.2443,23,715,0.0175838143125,0.0558691575939127
"2626","1999",4006,"NSEO","3A",185,"Fairweather","Standard Grid","29-Jun-99","Y",58.1667,-136.8855,105,489,0,0
"2627","1999",4007,"EYKT","3A",185,"Fairweather","Standard Grid","29-Jun-99","Y",58.167,-137.1518,65,637,0.0186513906,0.0704341071561923
"2628","1999",4013,"EYKT","3A",185,"Fairweather","Standard Grid","29-Jun-99","Y",58.3333,-137.1333,91,714,0,0
"2629","1999",4015,"EYKT","3A",185,"Fairweather","Standard Grid","30-Jun-99","Y",58.3333,-137.7725,94,474,0,0
"2630","1999",4014,"EYKT","3A",185,"Fairweather","Standard Grid","30-Jun-99","Y",58.3332,-137.4515,101,558,0,0
"2631","1999",4021,"EYKT","3A",185,"Fairweather","Standard Grid","30-Jun-99","Y",58.4998,-137.4343,38,670,0,0
"2632","1999",4022,"EYKT","3A",185,"Fairweather","Standard Grid","30-Jun-99","Y",58.4998,-137.7508,83,784,0,0
"2633","1999",4016,"EYKT","3A",185,"Fairweather","Standard Grid","1-Jul-99","Y",58.3333,-138.0838,70,437,0,0
"2634","1999",4017,"EYKT","3A",190,"Fairweather","Standard Grid","1-Jul-99","Y",58.3332,-138.4038,71,549,0,0
"2635","1999",4011,"EYKT","3A",185,"Fairweather","Standard Grid","1-Jul-99","Y",58.1667,-138.4815,87,686,0.02261812844375,0.0854138823557536
"2636","1999",4010,"EYKT","3A",185,"Fairweather","Standard Grid","1-Jul-99","Y",58.1665,-138.1667,80,805,0,0
"2637","1999",4009,"EYKT","3A",185,"Fairweather","Standard Grid","2-Jul-99","Y",58.1667,-137.8503,84,458,0,0
"2638","1999",4008,"EYKT","3A",185,"Fairweather","Standard Grid","2-Jul-99","Y",58.1667,-137.4698,78,546,0,0
"2639","1999",4004,"EYKT","3A",185,"Fairweather","Standard Grid","2-Jul-99","Y",58,-137.4883,87,646,0.05578554600625,0.21066553210091
"2640","1999",4005,"EYKT","3A",185,"Fairweather","Standard Grid","2-Jul-99","Y",58.0002,-137.8052,98,764,0,0
"2641","1999",4001,"EYKT","3A",185,"Fairweather","Standard Grid","3-Jul-99","Y",57.8333,-137.1895,168,470,0,0
"2642","1999",4003,"EYKT","3A",185,"Fairweather","Standard Grid","3-Jul-99","Y",58,-137.1693,109,577,0,0
"2643","1999",4002,"NSEO","3A",185,"Fairweather","Standard Grid","3-Jul-99","Y",58,-136.868,224,660,0,0
"2644","1999",3034,"SSEO","2C",141,"Ketchikan","Standard Grid","18-Jun-99","Y",55.1743,-133.409,36,398,0.0247451743428571,0.0749295949918467
"2645","1999",3030,"SSEO","2C",140,"Ketchikan","Standard Grid","18-Jun-99","Y",55.0167,-133.7107,57,491,0,0
"2646","1999",3029,"SSEO","2C",141,"Ketchikan","Standard Grid","18-Jun-99","Y",55.0142,-133.4473,49,603,0.085079916,0.257626135887805
"2647","1999",3025,"SSEO","2C",140,"Ketchikan","Standard Grid","19-Jun-99","Y",54.8163,-133.7245,76,487,0.00864064979285714,0.0261643090678833
"2648","1999",3026,"SSEO","2C",140,"Ketchikan","Standard Grid","19-Jun-99","Y",54.8502,-134.0008,103,691,0.0148099959285714,0.0448453901105401
"2649","1999",3024,"SSEO","2C",141,"Ketchikan","Standard Grid","20-Jun-99","Y",54.8137,-133.4408,69,424,0,0
"2650","1999",3023,"SSEO","2C",141,"Ketchikan","Standard Grid","21-Jun-99","Y",54.8163,-133.1575,114,410,0.0147817562285714,0.0447598789213937
"2651","1999",3018,"SSEO","2C",140,"Ketchikan","Standard Grid","22-Jun-99","Y",54.6505,-133.7167,130,587,0,0
"2652","1999",3019,"SSEO","2C",140,"Ketchikan","Standard Grid","22-Jun-99","Y",54.6523,-134.0087,120,788,0,0
"2653","1999",3004,"SSEO","2C",142,"Ketchikan","Standard Grid","6-Jul-99","Y",54.5063,-132.8415,203,565,0,0
"2654","1999",3015,"SSEO","2C",141,"Ketchikan","Standard Grid","7-Jul-99","Y",54.6777,-132.87,71,444,0.0780831828,0.236439686454146
"2655","1999",3005,"SSEO","2C",142,"Ketchikan","Standard Grid","7-Jul-99","Y",54.5095,-133.147,103,659,0.142123595741007,0.430357180762099
"2656","1999",3017,"SSEO","2C",141,"Ketchikan","Standard Grid","8-Jul-99","Y",54.6553,-133.4312,159,469,0,0
"2657","1999",3016,"SSEO","2C",141,"Ketchikan","Standard Grid","8-Jul-99","Y",54.6567,-133.1438,116,618,0.0966896286,0.292780911968049
"2658","1999",3116,"NSEO","2C",181,"Sitka","Standard Grid","6-Jul-99","Y",58.1667,-136.6325,126,602,0,0
"2659","1999",3113,"NSEO","2C",181,"Sitka","Extra Station","6-Jul-99","Y",58.0002,-136.6345,61,829,0.0538099588414634,0.193956694790212
"2660","1999",4024,"EYKT","3A",190,"Fairweather","Standard Grid","7-Jul-99","Y",58.4998,-138.4662,63,487,0.02834908123125,0.107055943872703
"2661","1999",4023,"EYKT","3A",190,"Fairweather","Standard Grid","7-Jul-99","Y",58.4998,-138.148,73,618,0,0
"2662","1999",4029,"EYKT","3A",190,"Fairweather","Standard Grid","7-Jul-99","Y",58.6665,-138.0688,51,727,0.091741808025,0.346448823882101
"2663","1999",4030,"EYKT","3A",190,"Fairweather","Standard Grid","7-Jul-99","Y",58.6667,-138.3845,73,819,0,0
"2664","1999",4037,"EYKT","3A",190,"Fairweather","Standard Grid","8-Jul-99","Y",58.8335,-138.433,40,426,0.00350765694375,0.0132461268085421
"2665","1999",4036,"EYKT","3A",190,"Fairweather","Standard Grid","8-Jul-99","Y",58.8333,-138.1142,27,504,0,0
"2666","1999",4043,"EYKT","3A",190,"Fairweather","Standard Grid","8-Jul-99","Y",59,-138.3682,34,592,0,0
"2667","1999",4046,"EYKT","3A",190,"Fairweather","Standard Grid","11-Jul-99","Y",59,-139.3347,59,431,0,0
"2668","1999",4047,"EYKT","3A",200,"Fairweather","Standard Grid","11-Jul-99","Y",59.0002,-139.6523,65,546,0,0
"2669","1999",4041,"EYKT","3A",200,"Fairweather","Standard Grid","11-Jul-99","Y",58.8335,-139.7415,86,705,0,0
"2670","1999",4040,"EYKT","3A",190,"Fairweather","Standard Grid","11-Jul-99","Y",58.8333,-139.4005,74,852,0.0093256953,0.0352170535780962
"2671","1999",4033,"EYKT","3A",190,"Fairweather","Standard Grid","12-Jul-99","Y",58.6668,-139.35,135,460,0,0
"2672","1999",4034,"EYKT","3A",190,"Fairweather","Standard Grid","12-Jul-99","Y",58.6667,-139.6695,101,562,0,0
"2673","1999",4028,"EYKT","3A",190,"Fairweather","Standard Grid","12-Jul-99","Y",58.5,-139.733,133,660,0,0
"2674","1999",4032,"EYKT","3A",190,"Fairweather","Standard Grid","13-Jul-99","Y",58.6665,-139.0345,80,525,0,0
"2675","1999",4031,"EYKT","3A",190,"Fairweather","Standard Grid","13-Jul-99","Y",58.6665,-138.7013,53,598,0.02038706845,0.0769886275293558
"2676","1999",4025,"EYKT","3A",190,"Fairweather","Standard Grid","13-Jul-99","Y",58.4998,-138.7187,50,713,0.0188485254,0.0711785563999615
"2677","1999",4026,"EYKT","3A",190,"Fairweather","Standard Grid","13-Jul-99","Y",58.5,-139.0343,55,838,0.0815482738,0.307954510117423
"2678","1999",4018,"EYKT","3A",190,"Fairweather","Standard Grid","14-Jul-99","Y",58.3332,-138.7348,64,576,0.1299364082,0.490684855350654
"2679","1999",4019,"EYKT","3A",190,"Fairweather","Standard Grid","14-Jul-99","Y",58.3332,-139.0512,61,660,0.1042126107,0.393542891599212
"2680","1999",4020,"EYKT","3A",190,"Fairweather","Standard Grid","14-Jul-99","Y",58.3333,-139.3687,144,758,0,0
"2681","1999",4012,"EYKT","3A",190,"Fairweather","Standard Grid","14-Jul-99","Y",58.1668,-138.7968,101,885,0.11015035565625,0.415965871927266
"2682","1999",3007,"SSEO","2C",140,"Ketchikan","Standard Grid","26-Jul-99","Y",54.5052,-133.718,135,443,0,0
"2683","1999",3006,"SSEO","2C",140,"Ketchikan","Standard Grid","27-Jul-99","Y",54.4845,-133.4765,158,653,0,0
"2684","1999",3051,"SSEO","2C",151,"Ommaney","Standard Grid","13-Jun-99","Y",55.5118,-134.017,50,498,0.0233240451438849,0.0706263464539832
"2685","1999",3055,"SSEO","2C",151,"Ommaney","Standard Grid","13-Jun-99","Y",55.6513,-134.0162,106,643,0.00748213422463768,0.0226562674143602
"2686","1999",3052,"SSEO","2C",150,"Ommaney","Standard Grid","14-Jun-99","Y",55.4833,-134.3167,91,479,0,0
"2687","1999",3048,"SSEO","2C",150,"Ommaney","Standard Grid","14-Jun-99","Y",55.3192,-134.0168,63,672,0,0
"2688","1999",3047,"SSEO","2C",151,"Ommaney","Standard Grid","15-Jun-99","Y",55.3467,-133.7335,41,477,0.00536901125714286,0.0162576279896167
"2689","1999",3050,"SSEO","2C",150,"Ommaney","Standard Grid","16-Jun-99","Y",55.349,-134.5998,111,474,0.0202923484714286,0.0614462210421429
"2690","1999",3049,"SSEO","2C",150,"Ommaney","Standard Grid","16-Jun-99","Y",55.3185,-134.3173,100,722,0.153145077071429,0.46373076386385
"2691","1999",3044,"SSEO","2C",140,"Ommaney","Standard Grid","17-Jun-99","Y",54.9853,-134.3005,116,880,0,0
"2692","1999",3043,"SSEO","2C",140,"Ommaney","Standard Grid","18-Jun-99","Y",54.9847,-134.0165,83,475,0.151940844942857,0.460084290235505
"2693","1999",3046,"SSEO","2C",150,"Ommaney","Standard Grid","18-Jun-99","Y",55.1828,-134.0168,94,754,0.0129380134285714,0.0391769357843206
"2694","1999",3045,"SSEO","2C",141,"Ommaney","Standard Grid","19-Jun-99","Y",55.1505,-133.7163,87,510,0,0
"2695","1999",4039,"EYKT","3A",190,"Fairweather","Standard Grid","25-Jul-99","Y",58.834,-139.0205,103,525,0,0
"2696","1999",4038,"EYKT","3A",190,"Fairweather","Standard Grid","25-Jul-99","Y",58.833,-138.7007,65,469,0,0
"2697","1999",4045,"EYKT","3A",190,"Fairweather","Standard Grid","25-Jul-99","Y",58.9997,-139.0667,55,631,0,0
"2698","1999",4044,"EYKT","3A",190,"Fairweather","Standard Grid","25-Jul-99","Y",59,-138.7498,85,729,0,0
"2699","1999",4048,"EYKT","3A",190,"Fairweather","Standard Grid","26-Jul-99","Y",59.1675,-139.0005,29,489,0,0
"2700","1999",4049,"EYKT","3A",200,"Fairweather","Standard Grid","26-Jul-99","Y",59.1677,-139.3165,53,572,0,0
"2701","1999",4057,"EYKT","3A",200,"Yakutat","Standard Grid","26-Jul-99","Y",59.1667,-139.6513,69,678,0,0
"2702","1999",4064,"EYKT","3A",200,"Yakutat","Standard Grid","26-Jul-99","Y",59.334,-139.6998,84,788,0,0
"2703","1999",4065,"EYKT","3A",200,"Yakutat","Standard Grid","27-Jul-99","Y",59.3332,-139.9638,87,553,0,0
"2704","1999",3056,"SSEO","2C",150,"Ommaney","Standard Grid","26-Jun-99","Y",55.6833,-134.3165,111,471,0,0
"2705","1999",3053,"SSEO","2C",150,"Ommaney","Standard Grid","26-Jun-99","Y",55.4838,-134.6158,112,585,0,0
"2706","1999",3057,"SSEO","2C",150,"Ommaney","Standard Grid","26-Jun-99","Y",55.6528,-134.6158,110,717,0,0
"2707","1999",3054,"SSEO","2C",150,"Ommaney","Standard Grid","27-Jun-99","Y",55.5172,-134.8997,157,477,0,0
"2708","1999",3058,"SSEO","2C",150,"Ommaney","Standard Grid","28-Jun-99","Y",55.651,-134.917,109,470,0.04941653805,0.149635687778232
"2709","1999",3062,"SSEO","2C",150,"Ommaney","Standard Grid","29-Jun-99","Y",55.8178,-134.617,84,618,0.0345276030428571,0.104551266287091
"2710","1999",3068,"CSEO","2C",150,"Ommaney","Standard Grid","8-Jul-99","Y",56.016,-134.6333,205,821,0,0
"2711","1999",3074,"CSEO","2C",160,"Ommaney","Standard Grid","8-Jul-99","Y",56.1512,-134.9335,102,993,0.0129380134285714,0.041108026867593
"2712","1999",3069,"SSEO","2C",160,"Ommaney","Standard Grid","10-Jul-99","Y",55.9828,-134.9165,195,584,0,0
"2713","1999",3075,"CSEO","2C",160,"Ommaney","Standard Grid","11-Jul-99","Y",56.15,-135.234,153,560,0,0
"2714","1999",3063,"SSEO","2C",150,"Ommaney","Standard Grid","12-Jul-99","Y",55.817,-134.9165,99,630,0,0
"2715","1999",3064,"SSEO","2C",150,"Ommaney","Standard Grid","12-Jul-99","Y",55.819,-135.2162,130,794,0.02982230955,0.0903034080642073
"2716","1999",3080,"CSEO","2C",160,"Ommaney","Standard Grid","13-Jul-99","Y",56.3163,-135.5333,108,743,0,0
"2717","1999",3079,"CSEO","2C",160,"Ommaney","Standard Grid","13-Jul-99","Y",56.3487,-135.2342,84,1003,0.0646900671428571,0.205540134337965
"2718","1999",3078,"CSEO","2C",160,"Ommaney","Standard Grid","14-Jul-99","Y",56.3503,-134.9332,62,731,0.0216163906985294,0.068681886482912
"2719","1999",3070,"CSEO","2C",160,"Ommaney","Standard Grid","11-Jul-99","Y",55.9835,-135.2165,194,683,0,0
"2720","1998",4064,"EYKT","3A",200,"Yakutat","Standard Grid","16-Jun-98","Y",59.3333,-139.6333,85,562,0,0
"2721","1998",4057,"EYKT","3A",200,"Yakutat","Standard Grid","16-Jun-98","Y",59.1672,-139.651,71,646,0,0
"2722","1998",4050,"EYKT","3A",200,"Fairweather","Standard Grid","23-Jun-98","Y",59.3335,-139.4167,18,423,0,0
"2723","1998",4049,"EYKT","3A",200,"Fairweather","Standard Grid","23-Jun-98","Y",59.1667,-139.3835,52,510,0,0
"2724","1998",4048,"EYKT","3A",190,"Fairweather","Standard Grid","23-Jun-98","Y",59.1667,-139.067,28,594,0,0
"2725","1998",4037,"EYKT","3A",190,"Fairweather","Standard Grid","24-Jun-98","Y",58.8337,-138.4335,39,419,0.016165786675,0.0656942410841407
"2726","1998",4036,"EYKT","3A",190,"Fairweather","Standard Grid","24-Jun-98","Y",58.8333,-138.1168,27,522,0,0
"2727","1998",4043,"EYKT","3A",190,"Fairweather","Standard Grid","24-Jun-98","Y",59.0005,-138.3675,33,623,0,0
"2728","1998",4045,"EYKT","3A",190,"Fairweather","Standard Grid","25-Jun-98","Y",59.0002,-139.0675,56,425,0,0
"2729","1998",4044,"EYKT","3A",190,"Fairweather","Standard Grid","25-Jun-98","Y",59.0002,-138.75,85,517,0,0
"2730","1998",4038,"EYKT","3A",190,"Fairweather","Standard Grid","25-Jun-98","Y",58.8333,-138.7667,64,618,0,0
"2731","1998",4039,"EYKT","3A",190,"Fairweather","Standard Grid","25-Jun-98","Y",58.8335,-139.0168,103,719,0,0
"2732","1998",4040,"EYKT","3A",190,"Fairweather","Standard Grid","26-Jun-98","Y",58.8335,-139.3353,74,463,0.0048157915375,0.0195703294022027
"2733","1998",4046,"EYKT","3A",190,"Fairweather","Standard Grid","26-Jun-98","Y",59.0003,-139.3342,60,555,0,0
"2734","1998",4047,"EYKT","3A",200,"Fairweather","Standard Grid","26-Jun-98","Y",59.0002,-139.6518,65,665,0,0
"2735","1998",4041,"EYKT","3A",200,"Fairweather","Standard Grid","26-Jun-98","Y",58.8333,-139.67,86,767,0,0
"2736","1998",4034,"EYKT","3A",190,"Fairweather","Standard Grid","27-Jun-98","Y",58.6668,-139.7333,101,682,0,0
"2737","1998",4033,"EYKT","3A",190,"Fairweather","Standard Grid","28-Jun-98","Y",58.667,-139.3507,138,431,0,0
"2738","1998",4028,"EYKT","3A",190,"Fairweather","Standard Grid","28-Jun-98","Y",58.5,-139.8002,135,554,0,0
"2739","1998",4027,"EYKT","3A",190,"Fairweather","Standard Grid","28-Jun-98","Y",58.5005,-139.3508,90,660,0.06202963648125,0.252074951580471
"2740","1998",4013,"EYKT","3A",185,"Fairweather","Standard Grid","29-Jun-98","Y",58.3338,-137.1338,92,423,0,0
"2741","1998",4007,"EYKT","3A",185,"Fairweather","Standard Grid","29-Jun-98","Y",58.1667,-137.1503,66,515,0.019707911575,0.0800886662865095
"2742","1998",4006,"NSEO","3A",185,"Fairweather","Standard Grid","29-Jun-98","Y",58.1672,-136.949,106,614,0,0
"2743","1998",4015,"EYKT","3A",185,"Fairweather","Standard Grid","4-Jul-98","Y",58.3337,-137.833,93,426,0,0
"2744","1998",4014,"EYKT","3A",185,"Fairweather","Standard Grid","4-Jul-98","Y",58.3333,-137.4508,100,506,0,0
"2745","1998",4021,"EYKT","3A",185,"Fairweather","Standard Grid","4-Jul-98","Y",58.5,-137.4343,38,609,0,0
"2746","1998",4022,"EYKT","3A",185,"Fairweather","Standard Grid","4-Jul-98","Y",58.5002,-137.7505,84,714,0,0
"2747","1998",4023,"EYKT","3A",190,"Fairweather","Standard Grid","5-Jul-98","Y",58.5,-138.1515,72,508,0,0
"2748","1998",4029,"EYKT","3A",190,"Fairweather","Standard Grid","5-Jul-98","Y",58.6672,-138.0683,49,598,0.03116333095,0.126640999140499
"2749","1998",4030,"EYKT","3A",190,"Fairweather","Standard Grid","5-Jul-98","Y",58.6672,-138.384,71,699,0,0
"2750","1998",4024,"EYKT","3A",190,"Fairweather","Standard Grid","5-Jul-98","Y",58.5005,-138.4003,63,715,0.03446090915625,0.140041639766928
"2751","1998",4025,"EYKT","3A",190,"Fairweather","Standard Grid","6-Jul-98","Y",58.5,-138.7822,51,433,0.152903013375,0.621364590854273
"2752","1998",4031,"EYKT","3A",190,"Fairweather","Standard Grid","6-Jul-98","Y",58.6668,-138.7007,53,544,0.02669134479375,0.108467820032058
"2753","1998",4032,"EYKT","3A",190,"Fairweather","Standard Grid","6-Jul-98","Y",58.6668,-139.0347,79,658,0,0
"2754","1998",4026,"EYKT","3A",190,"Fairweather","Standard Grid","6-Jul-98","Y",58.5002,-139.1007,55,762,0,0
"2755","1998",4020,"EYKT","3A",190,"Fairweather","Standard Grid","7-Jul-98","Y",58.3335,-139.3517,146,547,0,0
"2756","1998",4019,"EYKT","3A",190,"Fairweather","Standard Grid","7-Jul-98","Y",58.3337,-139.1183,60,684,0.0946092342,0.384471350839518
"2757","1998",4018,"EYKT","3A",190,"Fairweather","Standard Grid","7-Jul-98","Y",58.3338,-138.6672,62,792,0.144435311778571,0.586953693241439
"2758","1998",4012,"EYKT","3A",190,"Fairweather","Standard Grid","7-Jul-98","Y",58.167,-138.7337,99,923,0.12377135895,0.502979883233738
"2759","1998",4011,"EYKT","3A",185,"Fairweather","Standard Grid","8-Jul-98","Y",58.1662,-138.4845,87,483,0.042307578425,0.171928797070937
"2760","1998",4017,"EYKT","3A",190,"Fairweather","Standard Grid","7-Jul-98","Y",58.3338,-138.4007,70,554,0,0
"2761","1998",4016,"EYKT","3A",185,"Fairweather","Standard Grid","7-Jul-98","Y",58.3335,-138.0833,69,613,0,0
"2762","1998",4010,"EYKT","3A",185,"Fairweather","Standard Grid","9-Jul-98","Y",58.1668,-138.1675,80,482,0,0
"2763","1998",4009,"EYKT","3A",185,"Fairweather","Standard Grid","9-Jul-98","Y",58.1672,-137.7842,82,572,0,0
"2764","1998",4008,"EYKT","3A",185,"Fairweather","Standard Grid","9-Jul-98","Y",58.1668,-137.5338,76,652,0,0
"2765","1998",3111,"NSEO","2C",181,"Sitka","Standard Grid","15-Jul-98","Y",57.8333,-136.85,199,456,0,0
"2766","1998",4001,"EYKT","3A",185,"Fairweather","Standard Grid","15-Jul-98","Y",57.8333,-137.25,163,571,0,0
"2767","1998",4002,"NSEO","3A",185,"Fairweather","Standard Grid","15-Jul-98","Y",58,-136.868,225,683,0,0
"2768","1998",3113,"NSEO","2C",181,"Sitka","Extra Station","16-Jul-98","Y",58.0002,-136.6337,56,464,0.07219852035,0.260237819863179
"2769","1998",3116,"NSEO","2C",181,"Sitka","Standard Grid","16-Jul-98","Y",58.1667,-136.6333,125,595,0.0060431017875,0.0217822141889682
"2770","1998",4005,"EYKT","3A",185,"Fairweather","Standard Grid","28-Jul-98","Y",58,-137.8667,99,473,0,0
"2771","1998",4004,"EYKT","3A",185,"Fairweather","Standard Grid","28-Jul-98","Y",58,-137.55,89,628,0.181293053625,0.736735539764308
"2772","1998",4003,"EYKT","3A",185,"Fairweather","Standard Grid","28-Jul-98","Y",58.0007,-137.2328,108,711,0.027568727325,0.112033311813543
"2773","1998",3110,"NSEO","2C",181,"Sitka","Standard Grid","29-Jul-98","Y",57.8335,-136.5335,52,485,0.048878295075,0.176180632058441
"2774","1998",3108,"NSEO","2C",170,"Sitka","Standard Grid","29-Jul-98","Y",57.6653,-136.5835,89,591,0.090566094,0.326443294707823
"2775","1998",3106,"NSEO","2C",170,"Sitka","Standard Grid","29-Jul-98","Y",57.4997,-136.2667,54,697,0.0376970508,0.135878107583177
"2776","1998",3102,"CSEO","2C",170,"Sitka","Standard Grid","30-Jul-98","Y",57.35,-135.9175,52,413,0.025634588875,0.0782361590231145
"2777","1998",3103,"CSEO","2C",170,"Sitka","Standard Grid","30-Jul-98","Y",57.3333,-136.1848,94,520,0.122197774325,0.372944717427669
"2778","1998",3097,"CSEO","2C",170,"Sitka","Standard Grid","30-Jul-98","Y",57.1665,-135.9335,39,777,0.0738421239,0.225364415876356
"2779","1998",3092,"CSEO","2C",170,"Sitka","Standard Grid","31-Jul-98","Y",57.0003,-135.9668,56,439,0.1832803392,0.559367260906054
"2780","1998",3089,"CSEO","2C",160,"Sitka","Standard Grid","31-Jul-98","Y",56.8333,-135.9,102,571,0.03540428390625,0.108053037218404
"2781","1998",3087,"CSEO","2C",160,"Sitka","Standard Grid","31-Jul-98","Y",56.6667,-135.9,133,684,0.0081463825125,0.0248625667772122
"2782","1998",3085,"CSEO","2C",160,"Sitka","Standard Grid","1-Aug-98","Y",56.6822,-135.2505,23,415,0.0209655207125,0.0639862734083169
"2783","1998",3086,"CSEO","2C",160,"Sitka","Standard Grid","1-Aug-98","Y",56.6667,-135.5338,73,522,0.1510775446875,0.461085093606477
"2784","1998",3084,"CSEO","2C",160,"Sitka","Standard Grid","1-Aug-98","Y",56.5007,-135.5833,87,650,0.3461343025,1.05639370562149
"2785","1998",3083,"CSEO","2C",160,"Sitka","Standard Grid","1-Aug-98","Y",56.4987,-135.2833,59,759,0.137843636625,0.420695519163769
"2786","1998",3074,"CSEO","2C",160,"Ommaney","Standard Grid","7-Jun-98","Y",56.1662,-134.9583,102,584,0.0055544442875,0.0169520326103486
"2787","1998",3078,"CSEO","2C",160,"Ommaney","Standard Grid","8-Jun-98","Y",56.3173,-134.9337,65,915,0.00386527221875,0.0117967194031604
"2788","1998",3047,"SSEO","2C",151,"Ommaney","Standard Grid","16-Jun-98","Y",55.3168,-133.733,40,507,0.02038706845,0.0623193439802582
"2789","1998",3051,"SSEO","2C",151,"Ommaney","Standard Grid","17-Jun-98","Y",55.5162,-134.0158,50,478,0.0088766451375,0.0271341955353345
"2790","1998",3056,"SSEO","2C",150,"Ommaney","Standard Grid","17-Jun-98","Y",55.651,-134.3163,112,599,0,0
"2791","1998",3055,"SSEO","2C",151,"Ommaney","Standard Grid","17-Jun-98","Y",55.6503,-134.0163,104,720,0.0062567620621118,0.019125717270615
"2792","1998",3062,"SSEO","2C",150,"Ommaney","Standard Grid","18-Jun-98","Y",55.817,-134.6167,84,489,0.0754965012375,0.230778272092658
"2793","1998",3068,"SSEO","2C",150,"Ommaney","Standard Grid","18-Jun-98","Y",55.9842,-134.6323,197,661,0,0
"2794","1998",3063,"SSEO","2C",150,"Ommaney","Standard Grid","18-Jun-98","Y",55.8498,-134.9167,100,774,0.135849141,0.415264674671831
"2795","1998",3064,"SSEO","2C",150,"Ommaney","Standard Grid","19-Jun-98","Y",55.817,-135.217,138,470,0,0
"2796","1998",3070,"SSEO","2C",160,"Ommaney","Standard Grid","19-Jun-98","Y",55.9847,-135.2177,193,646,0,0
"2797","1998",3069,"SSEO","2C",160,"Ommaney","Standard Grid","19-Jun-98","Y",55.9835,-134.9172,194,800,0,0
"2798","1998",3075,"CSEO","2C",160,"Ommaney","Standard Grid","20-Jun-98","Y",56.1518,-135.2332,152,484,0,0
"2799","1998",3079,"CSEO","2C",160,"Ommaney","Standard Grid","20-Jun-98","Y",56.3188,-135.233,84,660,0.08900532253125,0.271642139509775
"2800","1998",3080,"CSEO","2C",160,"Ommaney","Standard Grid","20-Jun-98","Y",56.3498,-135.5333,109,761,0,0
"2801","1998",3045,"SSEO","2C",141,"Ommaney","Standard Grid","3-Jul-98","Y",55.1828,-133.7165,86,640,0,0
"2802","1998",3048,"SSEO","2C",150,"Ommaney","Standard Grid","3-Jul-98","Y",55.3492,-134.0162,64,702,0,0
"2803","1998",3049,"SSEO","2C",150,"Ommaney","Standard Grid","3-Jul-98","Y",55.3497,-134.317,100,843,0.23624234359375,0.722147370487749
"2804","1998",3044,"SSEO","2C",140,"Ommaney","Standard Grid","4-Jul-98","Y",55.0157,-134.3182,118,540,0,0
"2805","1998",3043,"SSEO","2C",140,"Ommaney","Standard Grid","4-Jul-98","Y",55.0158,-134.0165,82,677,0.102527653584906,0.313407301639118
"2806","1998",3046,"SSEO","2C",150,"Ommaney","Standard Grid","4-Jul-98","Y",55.1818,-134.017,93,755,0,0
"2807","1998",3050,"SSEO","2C",150,"Ommaney","Standard Grid","5-Jul-98","Y",55.3168,-134.6002,110,495,0.0177942298625,0.0543935355092664
"2808","1998",3053,"SSEO","2C",150,"Ommaney","Standard Grid","5-Jul-98","Y",55.5158,-134.6165,111,605,0,0
"2809","1998",3052,"SSEO","2C",150,"Ommaney","Standard Grid","5-Jul-98","Y",55.4843,-134.3165,91,716,0,0
"2810","1998",3054,"SSEO","2C",150,"Ommaney","Standard Grid","6-Jul-98","Y",55.4838,-134.9002,156,483,0,0
"2811","1998",3057,"SSEO","2C",150,"Ommaney","Standard Grid","6-Jul-98","Y",55.6525,-134.6175,110,829,0,0
"2812","1998",3034,"SSEO","2C",141,"Ketchikan","Standard Grid","25-Jun-98","Y",55.1727,-133.4752,49,545,0.0694494999130435,0.212293753020576
"2813","1998",3030,"SSEO","2C",140,"Ketchikan","Standard Grid","25-Jun-98","Y",55.0075,-133.7387,55,735,0,0
"2814","1998",3029,"SSEO","2C",141,"Ketchikan","Standard Grid","25-Jun-98","Y",55.0062,-133.4563,49,965,0.150765726285714,0.460861804622669
"2815","1998",3025,"SSEO","2C",140,"Ketchikan","Standard Grid","26-Jun-98","Y",54.8402,-133.7392,72,485,0.0646900671428571,0.197745083177062
"2816","1998",3026,"SSEO","2C",140,"Ketchikan","Standard Grid","26-Jun-98","Y",54.8245,-133.9957,102,580,0.0269961657428571,0.0825220822308652
"2817","1998",3024,"SSEO","2C",141,"Ketchikan","Standard Grid","27-Jun-98","Y",54.8415,-133.4565,64,462,0.0115092010142857,0.0351814121145607
"2818","1998",3023,"SSEO","2C",141,"Ketchikan","Standard Grid","27-Jun-98","Y",54.8412,-133.1722,101,640,0.0424080314857143,0.129633189203514
"2819","1998",3017,"SSEO","2C",141,"Ketchikan","Standard Grid","27-Jun-98","Y",54.6808,-133.4195,160,830,0,0
"2820","1998",3004,"SSEO","2C",142,"Ketchikan","Standard Grid","6-Jul-98","Y",54.4898,-132.8898,203,800,0,0
"2821","1998",3005,"SSEO","2C",142,"Ketchikan","Standard Grid","7-Jul-98","Y",54.491,-133.205,121,475,0.0530506023428571,0.162165479743823
"2822","1998",3006,"SSEO","2C",140,"Ketchikan","Standard Grid","7-Jul-98","Y",54.4948,-133.4683,160,545,0,0
"2823","1998",3018,"SSEO","2C",140,"Ketchikan","Standard Grid","12-Jul-98","Y",54.6747,-133.7025,130,465,0,0
"2824","1998",3019,"SSEO","2C",140,"Ketchikan","Standard Grid","12-Jul-98","Y",54.6762,-133.9758,120,605,0,0
"2825","1998",3007,"SSEO","2C",140,"Ketchikan","Standard Grid","12-Jul-98","Y",54.5122,-133.7223,134,720,0,0
"2826","1998",3016,"SSEO","2C",141,"Ketchikan","Standard Grid","13-Jul-98","Y",54.6828,-133.1363,121,510,0.0568959592,0.173919995470047
"2827","1998",3015,"SSEO","2C",141,"Ketchikan","Standard Grid","13-Jul-98","Y",54.6607,-132.8283,73,615,0.0942285789285714,0.288038627889168
