"","Year","mngmt.divisions","mngmt.area","deep.bound","shallow.bound","no.stations","CPUE.mean","CPUE.bootmean","CPUE.lo95ci","CPUE.hi95ci","CPUE.var","CPUE.cv","WCPUE.mean","WCPUE.bootmean","WCPUE.lo95ci","WCPUE.hi95ci","WCPUE.var","WCPUE.cv","name"
"1",2025,"SEdist","CSEO",250,0,5,0.0475,0.0475,0.01375,0.0825,0.000299512162162162,0.358236797363525,0.177091981981982,0.177091981981982,0.0512634684684685,0.302920495495495,0.00416657299538938,0.363184803777877,"22.2"
"2",2025,"SEdist","SSEO",250,0,25,0.04025,0.03925,0.0205,0.064,0.000123627281719219,0.277496037036367,0.161277886996904,0.158272708978328,0.0861484365325077,0.255440131578947,0.00181862894457608,0.266167574877138,"22.2"
"3",2024,"SEdist","CSEO",250,0,15,0.0670833333333333,0.0666666666666667,0.0433333333333333,0.0950104166666667,0.000184527232788344,0.201250600602626,0.243910091463415,0.240880152439024,0.142407134146341,0.346965892530488,0.00262503558112798,0.210306818241579,"22.2"
"4",2024,"SEdist","SSEO",250,0,27,0.0344907407407407,0.0340277777777778,0.0247685185185185,0.0444444444444444,2.73961227602774e-05,0.15265006842946,0.126896184257971,0.127747836501314,0.0911054987315201,0.166072187451708,0.000370899039132965,0.150640402978099,"22.2"
"5",2024,"SEdist","NSEO",250,0,4,0.0375,0.0375,0.00625,0.084375,0.00040922168262012,0.535076301504293,0.132465189873418,0.132465189873418,0.0219395470727848,0.29804667721519,0.00528091031951072,0.543747575471543,"22.2"
"6",2023,"SEdist","CSEO",250,0,20,0.064375,0.063125,0.038734375,0.0946953125,0.000219826848332708,0.230550505019366,0.229216621767241,0.226991217672414,0.131298841594828,0.341599528556034,0.00290429272050852,0.234154537241029,"22.2"
"7",2023,"SEdist","SSEO",250,0,35,0.0426785714285714,0.0425,0.0264285714285714,0.0605357142857143,7.29891600465261e-05,0.199228238510871,0.154516453707583,0.153223428990364,0.0989002280582321,0.221753739002933,0.000960801607706512,0.200167150528974,"22.2"
"8",2023,"SEdist","NSEO",250,0,6,0.00729166666666667,0.00729166666666667,0,0.0177083333333333,2.26835168501835e-05,0.660342680092407,0.0269777751272265,0.0269777751272265,0,0.0655174538804071,0.00032151553975392,0.657235451847131,"22.2"
"9",2023,"SEdist","EYKT",250,0,27,0.0145061728395062,0.0141975308641975,0.00617283950617284,0.025,2.33597405323324e-05,0.329695362087382,0.0649556635215697,0.0635736281274938,0.0262586724874431,0.113396004083932,0.000467809733679856,0.33382479776042,"22.2"
"10",2022,"SEdist","CSEO",250,0,21,0.0431547619047619,0.0431547619047619,0.0229092261904762,0.068452380952381,0.000133706925108215,0.26572185141453,0.149970295550653,0.148418878700129,0.081707954127597,0.229609693877551,0.00156701510071258,0.263023508514883,"22.2"
"11",2022,"SEdist","SSEO",250,0,16,0.0546185661764706,0.0534122242647059,0.0316389016544118,0.085546875,0.000189353949499192,0.252072102808604,0.197744837038554,0.194916345469639,0.108890686083588,0.30098477930395,0.00261956781019304,0.256184911423025,"22.2"
"12",2022,"SEdist","NSEO",250,0,4,0.0131696428571429,0.0131696428571429,0.003125,0.0232142857142857,2.68638915043072e-05,0.38546479779742,0.0472249049681754,0.0472249049681754,0.0112059096534653,0.0832439002828854,0.000359664874065141,0.39462922820703,"22.2"
"13",2022,"SEdist","EYKT",250,0,18,0.0313492063492063,0.0294890873015873,0.00798611111111111,0.0636433531746032,0.000210515049961148,0.466070843963018,0.137488443670151,0.127916463414634,0.0319791158536585,0.271496167247387,0.0041021922271912,0.469258658876696,"22.2"
"14",2021,"SEdist","CSEO",250,0,20,0.04375,0.0434375,0.023125,0.0684453125,0.000136049110731826,0.266714515593186,0.152038851351351,0.148780875965251,0.0792774010617761,0.235687369389479,0.00165454008446011,0.268013813493233,"22.2"
"15",2021,"SEdist","SSEO",250,0,34,0.0250594146600396,0.0246838399018344,0.0153182357335879,0.0371594729975665,2.93578117827302e-05,0.217010630769983,0.0888722309595357,0.087467154819513,0.0534571745419651,0.127958857680069,0.000382888262344367,0.220992903883663,"22.2"
"16",2021,"SEdist","NSEO",250,0,7,0.0482142857142857,0.0482142857142857,0.00446428571428571,0.0946428571428571,0.000626133247405569,0.525075378375761,0.171815781171126,0.171815781171126,0,0.343631562342251,0.00859517597098826,0.544837129911644,"22.2"
"17",2021,"SEdist","EYKT",250,0,23,0.01875,0.01875,0.00869565217391304,0.0304347826086957,3.12063729608626e-05,0.29523007485618,0.0799335585585586,0.0787751011881447,0.0370706358532446,0.128617729550202,0.000579404733240007,0.302494474450466,"22.2"
"18",2020,"SEdist","CSEO",250,0,22,0.0357954545454545,0.034375,0.0170383522727273,0.0599573863636364,0.000116067771025157,0.305817822142728,0.124573144792815,0.118641090278872,0.0563545178824642,0.206707382917126,0.00155069675178109,0.319285683322686,"22.2"
"19",2020,"SEdist","SSEO",250,0,33,0.0275342712842713,0.0271870490620491,0.0140703914141414,0.0450268308080808,6.4415635366889e-05,0.291844339665942,0.0961707865923508,0.0959502836424174,0.049387935721853,0.151105159015562,0.000713112394057561,0.273384763949709,"22.2"
"20",2020,"SEdist","NSEO",250,0,6,0.0145833333333333,0.0145833333333333,0.00520833333333333,0.025,2.83661221985875e-05,0.368314806137081,0.0522135520212061,0.0522135520212061,0.0186476971504307,0.0932384857521537,0.000351998558003942,0.356018919088722,"22.2"
"21",2020,"SEdist","EYKT",250,0,28,0.0200892857142857,0.0194196428571429,0.00848214285714286,0.0339285714285714,4.39864880824702e-05,0.332710683678619,0.0823948915009041,0.0805638939119952,0.0338734553948161,0.138240317962628,0.000793335360154265,0.345370743499764,"22.2"
"22",2019,"SEdist","CSEO",250,0,18,0.0285714285714286,0.0285714285714286,0.0166666666666667,0.0408829365079365,3.86131003767688e-05,0.217415569105754,0.0997067516661837,0.0997067516661837,0.0567774558099102,0.146790495508548,0.000502525451367018,0.224316047495072,"22.2"
"23",2019,"SEdist","SSEO",250,0,33,0.021649693232427,0.0212167927995266,0.0121304385063378,0.0341991341991342,3.29767917254507e-05,0.260965964387745,0.0756173281707646,0.0741053079426504,0.0408563638509356,0.122490363161433,0.000427567809354449,0.273348861208341,"22.2"
"24",2019,"SEdist","NSEO",250,0,7,0.0360289910356666,0.0357142857142857,0.0131890139233263,0.0632731737554835,0.00017123246252463,0.362459767007207,0.126922033205358,0.122218728639781,0.0478116105365368,0.219274777853725,0.00198212446157689,0.355508718188954,"22.2"
"25",2019,"SEdist","EYKT",250,0,23,0.012111801242236,0.0118012422360248,0.00434782608695652,0.0214285714285714,1.87772432553691e-05,0.358333155352902,0.0482030101622273,0.0482030101622273,0.0172727453081315,0.0853131481140446,0.000318520275435278,0.370515426558915,"22.2"
"26",2018,"SEdist","CSEO",250,0,20,0.0377327420954562,0.0374625464546986,0.0245206090760925,0.053003464682763,5.50165388663866e-05,0.196210107128581,0.137103298870014,0.137328335425898,0.0845444631852688,0.191574538650943,0.000803921696625629,0.206357851208468,"22.2"
"27",2018,"SEdist","SSEO",250,0,36,0.0220449472198894,0.0218493995779728,0.0134254534700668,0.0308204378300534,1.95781968656916e-05,0.201712957409783,0.0783473341797235,0.0778536845560785,0.0480263409489134,0.115139821548042,0.000280064059349548,0.2118808137366,"22.2"
"28",2018,"SEdist","NSEO",250,0,5,0.0264285714285714,0.0264285714285714,0,0.0564285714285714,0.000219307062164205,0.545595459757178,0.0935347694633409,0.0935347694633409,0,0.199709372637944,0.00275112982714388,0.559165085913956,"22.2"
"29",2018,"SEdist","EYKT",250,0,26,0.0155906593406593,0.0156593406593407,0.00878605769230769,0.0244539835164835,1.60074189332431e-05,0.252560137755792,0.0615357756083203,0.0604514447605966,0.0336142562794349,0.0929813701923077,0.000242507799456326,0.254804410673451,"22.2"
"30",2017,"SEdist","CSEO",250,0,18,0.0267890539053905,0.0266501650165017,0.0117699051155116,0.0455429386688669,7.65401752513029e-05,0.321636922416434,0.0957517326732673,0.0952553041018388,0.0426928571428571,0.168796650459689,0.00101434259561311,0.327218902727586,"22.2"
"31",2017,"SEdist","SSEO",250,0,31,0.0232258064516129,0.0232258064516129,0.0141854838709677,0.0335483870967742,2.42736987768205e-05,0.210244161807325,0.0820575535830266,0.0809178653388179,0.048978102294869,0.117387889153496,0.000298722401891173,0.212263825575021,"22.2"
"32",2017,"SEdist","NSEO",250,0,5,0.008,0.008,0,0.016,2.10662502502503e-05,0.566362104859688,0.0296585365853659,0.0296585365853659,0,0.0593170731707317,0.000253019630895619,0.542838255465151,"22.2"
"33",2017,"SEdist","EYKT",250,0,28,0.0285714285714286,0.0282142857142857,0.0135625,0.0442946428571429,6.54771290423076e-05,0.284432291077414,0.110690909090909,0.110690909090909,0.0539618181818182,0.172989136363636,0.000973288991612955,0.280295469779229,"22.2"
"34",2016,"SEdist","CSEO",250,0,18,0.0375,0.037037037037037,0.0194444444444444,0.0615740740740741,0.000117605370931631,0.288331484942444,0.132169051878354,0.128905618498642,0.0701230247465713,0.210532245908699,0.00124592703439005,0.270082312361196,"22.2"
"35",2016,"SEdist","SSEO",250,0,31,0.0147964651069705,0.0145669558145839,0.00835756076624198,0.0214922761960023,1.10816078461975e-05,0.225824001522559,0.0515992527093796,0.0516382502292871,0.0300364350818777,0.0742541978350219,0.00012956286934658,0.220655540769754,"22.2"
"36",2016,"SEdist","NSEO",250,0,6,0.0139472455648926,0.0139472455648926,0.00277777777777778,0.027952847805789,4.30477427404291e-05,0.471793789466788,0.0524974323062558,0.0522777777777778,0.0104555555555556,0.0997670868347339,0.000583572693224945,0.471773317256376,"22.2"
"37",2016,"SEdist","EYKT",250,0,28,0.0172694077631052,0.0166816726690676,0.00774541066426571,0.0291666666666667,2.99596082634438e-05,0.31746022855298,0.0678168763260822,0.0677874120785836,0.0327544218026769,0.116875585017538,0.000474017709119444,0.315370445093773,"22.2"
"38",2015,"SEdist","CSEO",250,0,17,0.024047066176726,0.0235181214209987,0.0126511204625189,0.0373419104804326,4.13172786128572e-05,0.269791396184331,0.0835093830018567,0.0832367629555052,0.0451660995698989,0.131924721084362,0.000481022026273927,0.262001239157725,"22.2"
"39",2015,"SEdist","SSEO",250,0,30,0.0278199936621922,0.0276010462203191,0.0168077849837041,0.0405711689245412,3.56358603848259e-05,0.21414089155396,0.0983409403871708,0.097483940684154,0.0594563594050986,0.141790260185063,0.000421048098827036,0.20865544660464,"22.2"
"40",2015,"SEdist","NSEO",250,0,4,0.0132293002599241,0.0132293002599241,0.0039454806312769,0.02210433244916,2.14044801078281e-05,0.34850906101973,0.0522514958663605,0.0522514958663605,0.0155833839164183,0.0873050284522433,0.000335727752108888,0.354399013687639,"22.2"
"41",2015,"SEdist","EYKT",250,0,27,0.0118213496620216,0.0116815005976804,0.00636778178621355,0.0182155666659272,9.40694031240721e-06,0.257957662115709,0.0468296357695507,0.045374554900291,0.0249639734642605,0.0716219840847239,0.000143731635229549,0.259438266349117,"22.2"
"42",2014,"SEdist","CSEO",250,0,16,0.0321398732078167,0.03125,0.0160842008384174,0.050399727710233,7.91629879952776e-05,0.279606560132493,0.10939122133303,0.107920561386144,0.0562201523004828,0.176335699716191,0.000956800272098007,0.281364956449656,"22.2"
"43",2014,"SEdist","SSEO",250,0,33,0.0289706511827364,0.0287822320204074,0.0186019877350948,0.0398416630446996,2.91990997743947e-05,0.187524457982304,0.102408401509122,0.10199490560374,0.0663126256721656,0.142264910652235,0.000359681458386733,0.184874175578981,"22.2"
"44",2014,"SEdist","NSEO",250,0,5,0.0186022610483042,0.0186022610483042,0.00571428571428571,0.0343165467625899,5.91689167156105e-05,0.409897516832011,0.0652133550565736,0.0651052666227781,0.0201377759530361,0.125202435813035,0.000751167803166874,0.417186026623072,"22.2"
"45",2014,"SEdist","EYKT",250,0,27,0.0158712206189118,0.015083279543201,0.00581255596670924,0.0277873169212013,3.56043176079288e-05,0.382255342151865,0.0585399080514412,0.056563986322117,0.0224632042572364,0.110256535804328,0.000519419704796878,0.383407337205806,"22.2"
"46",2013,"SEdist","CSEO",250,0,17,0.0313644466050883,0.0313603953978286,0.0181089977313239,0.0456000850753524,5.0828123801416e-05,0.225699603909259,0.100009915723437,0.0984726927873623,0.0547070515485346,0.14849056848888,0.000596422845052563,0.246403799460088,"22.2"
"47",2013,"SEdist","SSEO",250,0,32,0.0145639634986226,0.0143229166666667,0.00755208333333333,0.0215952134986226,1.3971215927995e-05,0.258681533432524,0.0514821780195228,0.0505273954952949,0.0266274010740845,0.0772575022592365,0.00017958020086179,0.26382633324729,"22.2"
"48",2013,"SEdist","NSEO",250,0,6,0.0460200746965453,0.0432422969187675,0.0138888888888889,0.0825046685340803,0.0003345565122657,0.40805609919941,0.154264243215971,0.154264243215971,0.0465570503238665,0.290531643449607,0.00394307768927335,0.396966875254633,"22.2"
"49",2013,"SEdist","EYKT",250,0,27,0.016352923171105,0.0160493827160494,0.00740217834914805,0.0274640342822161,2.55921210363501e-05,0.307258538372486,0.0664526814693481,0.063964981648315,0.0301011678345012,0.10531262575707,0.000372621127464762,0.295254712057828,"22.2"
"50",2012,"SEdist","CSEO",250,0,16,0.0447226673789174,0.0446937321937322,0.025,0.0692102363782051,0.000125650935721066,0.249045697686397,0.152278100285065,0.152278100285065,0.0823649228038662,0.226876029057321,0.00141860017948045,0.246464395262833,"22.2"
"51",2012,"SEdist","SSEO",250,0,31,0.0197584425993981,0.0197435083102703,0.00846736385221481,0.0342749449888844,4.53016086439299e-05,0.336398074583472,0.0726307556717658,0.0696113942791595,0.0266788027776703,0.1261379221145,0.000632566572174533,0.350406163317604,"22.2"
"52",2012,"SEdist","NSEO",250,0,6,0.0145833333333333,0.0145833333333333,0.00208333333333333,0.03125,5.78480868020799e-05,0.531177161173023,0.0488849028400598,0.0488849028400598,0.00698355754857997,0.1047533632287,0.000624587721252548,0.515285301844462,"22.2"
"53",2012,"SEdist","EYKT",250,0,28,0.0223214285714286,0.0223214285714286,0.009375,0.0388392857142857,5.89089709527768e-05,0.340965199658823,0.0975783791777581,0.0936752440106477,0.0390313516711032,0.173689514936409,0.00119223586146481,0.357265063627701,"22.2"
"54",2011,"SEdist","CSEO",250,0,19,0.0236697114687545,0.0227780194287371,0.0100728577642453,0.0407749746266493,6.52743823569958e-05,0.346383791839837,0.0761966759749584,0.0734195230068053,0.0324740197914716,0.135497059941993,0.000735246455101352,0.355508471443449,"22.2"
"55",2011,"SEdist","SSEO",250,0,30,0.0212258953168044,0.020959595959596,0.0127777777777778,0.0301035927456382,1.94901033173879e-05,0.209764751333004,0.0744884009868676,0.0745085416966304,0.0466126516396163,0.106531464591147,0.000229211381288364,0.203140546973292,"22.2"
"56",2011,"SEdist","NSEO",250,0,5,0.0132244734737403,0.0131707100328801,0.00494623655913978,0.0232231404958678,2.44593780627799e-05,0.373717337080866,0.0490852035027647,0.0488856500429712,0.0181593648412103,0.0861971994179182,0.00035571127165467,0.385320164145772,"22.2"
"57",2011,"SEdist","EYKT",250,0,28,0.0181547619047619,0.0181547619047619,0.00863095238095238,0.0300595238095238,3.00914842705517e-05,0.300530198133531,0.0789694399069399,0.0789694399069399,0.0362159029737155,0.126901300768488,0.000589028009794238,0.306013432798408,"22.2"
"58",2010,"SEdist","CSEO",250,0,17,0.0397013153087322,0.0389683047131896,0.0194804987212276,0.0639845177201315,0.000129672887968765,0.286273957392334,0.139533342341867,0.13308877349909,0.0646062007277138,0.217140638084346,0.00147840381189731,0.280763932866679,"22.2"
"59",2010,"SEdist","SSEO",250,0,33,0.0274658574494506,0.0274575193514898,0.0162902015437393,0.0397917820831069,3.58544945729197e-05,0.217146909167815,0.092761355892611,0.092194122235283,0.057041177498253,0.132344455837379,0.000393687459540583,0.212961344943954,"22.2"
"60",2010,"SEdist","NSEO",250,0,6,0.0114779874213836,0.0114779874213836,0.003125,0.0208529874213836,1.96983425345507e-05,0.383634220176285,0.0416130392417398,0.0415417840375587,0.0113295774647887,0.0756017716361059,0.000283732810382113,0.41121247302505,"22.2"
"61",2010,"SEdist","EYKT",250,0,26,0.0240384615384615,0.0228365384615385,0.00888822115384615,0.0432752403846154,7.84983272265424e-05,0.375340399387959,0.101828772189349,0.101828772189349,0.0407060516826923,0.183317247133876,0.00141056505921177,0.362422218136773,"22.2"
"62",2009,"SEdist","CSEO",250,0,18,0.0323470549238871,0.0316686367218282,0.0157105723166598,0.053547123406757,9.74790198624744e-05,0.305745117925431,0.115559419721111,0.115559419721111,0.0541333578374922,0.191541285429638,0.00123994013403294,0.301506006077397,"22.2"
"63",2009,"SEdist","SSEO",250,0,32,0.0205214665653495,0.0202990438196555,0.0107079138171226,0.0328000728216819,3.3025548791468e-05,0.277815811401628,0.0745638692737733,0.073758581786438,0.0379854107776089,0.119999627322605,0.000489618959490394,0.295264168863193,"22.2"
"64",2009,"SEdist","NSEO",250,0,5,0.0142857142857143,0.0142857142857143,0.00142857142857143,0.0328571428571429,7.17186063614635e-05,0.583759596621155,0.0512448258455326,0.0486825845532559,0.0101208531044927,0.117863099444725,0.000924960031940463,0.579012042712349,"22.2"
"65",2009,"SEdist","EYKT",250,0,27,0.0262289391722016,0.025705467372134,0.0129585537918871,0.0421559439378588,5.57694446326804e-05,0.285347646871186,0.104559655762819,0.10165948003965,0.0519786845543841,0.167836216995584,0.000898328622416135,0.287942170378307,"22.2"
"66",2008,"SEdist","CSEO",250,0,19,0.0307240395399652,0.0302766786676797,0.0156950741309623,0.0494217429380598,7.67773270796818e-05,0.284402910701904,0.0985687369550461,0.0969198051566635,0.0473470286643638,0.159665865878878,0.000804092010568089,0.286063683122038,"22.2"
"67",2008,"SEdist","SSEO",250,0,31,0.0127115075568909,0.0125838705276334,0.00760153878252101,0.0180312353580478,7.89501754697669e-06,0.221673701280517,0.0432595814479144,0.0421589289923901,0.0259064711327697,0.0618113079296528,8.51001871441219e-05,0.216737014658177,"22.2"
"68",2008,"SEdist","NSEO",250,0,5,0.0196868604419618,0.0196868604419618,0.00400801603206413,0.0389720171006607,9.01589102344192e-05,0.47888541533378,0.0709608121680406,0.0708734323485681,0.0144467968194453,0.140388497443964,0.00116959054615197,0.499717352823984,"22.2"
"69",2008,"SEdist","EYKT",250,0,28,0.0207028275784058,0.0202304650265062,0.00705298836509642,0.038391517543818,6.79894709747693e-05,0.396329723513882,0.0761588269043505,0.0744613565167562,0.0261122943063813,0.144649351815457,0.000923362190668355,0.396029609392563,"22.2"
"70",2007,"SEdist","CSEO",250,0,19,0.0298801459093278,0.0282959874934862,0.0110419489317353,0.0549348619072434,0.000134269222688388,0.391488082936845,0.0893178626738608,0.0845824894173464,0.0298920436817473,0.168978056206146,0.00118670005142454,0.390550693922726,"22.2"
"71",2007,"SEdist","SSEO",250,0,31,0.0270840632450342,0.026427820201375,0.0125804088473363,0.0435670575122028,6.49731399662918e-05,0.300517975469366,0.0881411412141622,0.0860309537536032,0.0409418783176807,0.144768886308231,0.000648203345737992,0.290605917143371,"22.2"
"72",2007,"SEdist","NSEO",250,0,6,0.00833333333333333,0.00833333333333333,0.00333333333333333,0.0133333333333333,7.17356245134023e-06,0.327293364086472,0.0300372983870968,0.0300372983870968,0.0120149193548387,0.0480596774193548,0.000100699623067157,0.336708306904189,"22.2"
"73",2007,"SEdist","EYKT",250,0,28,0.00892857142857143,0.00892857142857143,0.00321428571428571,0.0164285714285714,1.13730419194705e-05,0.374027705806954,0.0368626519756839,0.0353881458966565,0.0132705547112462,0.0648782674772037,0.000184631493297517,0.372784509273696,"22.2"
"74",2006,"SEdist","CSEO",250,0,19,0.0412280701754386,0.0399122807017544,0.0236842105263158,0.0592105263157895,7.98737333825053e-05,0.223087805752219,0.123239127459835,0.12192807291239,0.0747301092043682,0.179614472999973,0.000749403984176115,0.222706829418507,"22.2"
"75",2006,"SEdist","SSEO",250,0,30,0.0299244852580207,0.0297315592903828,0.0160319373453849,0.0454062972267945,5.54062472316481e-05,0.248938814894808,0.0973848811762732,0.0976382294436762,0.0470304446280665,0.148649069033016,0.000636491012998208,0.256566898316455,"22.2"
"76",2006,"SEdist","NSEO",250,0,6,0.0291666666666667,0.0277777777777778,0.00972222222222222,0.0513888888888889,0.000112805367095491,0.368997814899148,0.105130544354839,0.105130544354839,0.0350435147849462,0.19023622311828,0.00169483067461331,0.387605590825642,"22.2"
"77",2006,"SEdist","EYKT",250,0,28,0.00982142857142857,0.00952380952380952,0.00386904761904762,0.0166741071428571,1.11327646204878e-05,0.343734725030325,0.0405489171732523,0.0393201621073962,0.0184313259878419,0.0688102836879433,0.000166125272598333,0.318644112128863,"22.2"
"78",2005,"SEdist","CSEO",250,0,18,0.0483134920634921,0.0487103174603175,0.0308457341269841,0.0657837301587302,8.40702284231826e-05,0.189545896238693,0.144418901517965,0.143529257360771,0.0913368001386722,0.198694608808162,0.000764655801988671,0.191276848235286,"22.2"
"79",2005,"SEdist","SSEO",250,0,32,0.043380999015007,0.0423200221885654,0.0260678351339056,0.0636453056862835,9.28626141157174e-05,0.22444369706915,0.141177146338787,0.141002251914703,0.0795951191695831,0.206586829355532,0.00105445616611146,0.230726660533823,"22.2"
"80",2005,"SEdist","NSEO",250,0,5,0.0242959917780062,0.0242959917780062,0.00143884892086331,0.0514285714285714,0.000153940723778274,0.506433821652703,0.0875743145575705,0.0875743145575705,0.00518629612439081,0.16996233299075,0.00188669316895203,0.509498863800438,"22.2"
"81",2005,"SEdist","EYKT",250,0,28,0.0135479631926244,0.0130570163929647,0.0043440354099699,0.0260663610882896,3.08326705612618e-05,0.406132181594301,0.0559343514406978,0.0547636338317581,0.0189800983556403,0.103306645098748,0.000475960341170172,0.390100933187476,"22.2"
"82",2004,"SEdist","CSEO",250,0,19,0.0482456140350877,0.0469298245614035,0.0232456140350877,0.0789583333333333,0.00019958860657364,0.297222459982757,0.144216000218956,0.141593891124066,0.0694531146509018,0.238611927635,0.00194097849031458,0.302277555201916,"22.2"
"83",2004,"SEdist","SSEO",250,0,31,0.0295454545454545,0.0287334488580823,0.0147780036434729,0.0459559117568648,6.33101854426931e-05,0.273275671652607,0.0961513808975834,0.0926629200145784,0.0480684604780497,0.145239628748789,0.000649970191859306,0.26967802843102,"22.2"
"84",2004,"SEdist","NSEO",250,0,6,0.0319444444444444,0.0319444444444444,0.00416666666666667,0.0805555555555555,0.000483884277796315,0.685454265157804,0.115142977150538,0.115142977150538,0.0150186491935484,0.290360551075269,0.00604857467395434,0.667348340148702,"22.2"
"85",2004,"SEdist","EYKT",250,0,27,0.0229816685372241,0.0218630751964085,0.00892583239805462,0.0400187991021324,6.18254249310843e-05,0.348216831668054,0.088448868325986,0.0855620055391783,0.0343245105687817,0.158252274620319,0.000967628519306055,0.351184561246998,"22.2"
"86",2003,"SEdist","CSEO",250,0,18,0.0316611661166117,0.0316611661166117,0.0166555280528053,0.0494389438943894,7.36376881225086e-05,0.269934420745977,0.0951074210135946,0.0917780003509401,0.0467110283539666,0.148494226951824,0.000718025302527379,0.285558023749382,"22.2"
"87",2003,"SEdist","SSEO",250,0,31,0.037741935483871,0.0367741935483871,0.0206370967741936,0.0567741935483871,9.29660561706347e-05,0.257453712845237,0.128719049557342,0.127618886740613,0.0703829162002646,0.201412307672738,0.00114002555002784,0.260510688488396,"22.2"
"88",2003,"SEdist","NSEO",250,0,6,0.0266666666666667,0.0266666666666667,0.00666666666666667,0.053375,0.000145055541652764,0.449259580960708,0.0961193548387097,0.0961193548387097,0.0240298387096774,0.192238709677419,0.00206399689314602,0.467656287882102,"22.2"
"89",2003,"SEdist","EYKT",250,0,27,0.00958709409689802,0.00959435626102293,0.00481463326071169,0.0154431735657226,7.09864657164662e-06,0.274529700131245,0.0412434558491786,0.0411965933574119,0.0203470244609472,0.0651463392389686,0.00013239365793742,0.280055064736358,"22.2"
"90",2002,"SEdist","CSEO",250,0,19,0.0330989845748392,0.0324974808154407,0.015818269901558,0.052483489651965,9.19774965852812e-05,0.290421297072871,0.104241969374531,0.10279555437595,0.0531437892847854,0.164191782044412,0.000840788796371358,0.276890139618091,"22.2"
"91",2002,"SEdist","SSEO",250,0,30,0.0423400673400673,0.0416801346801347,0.025346632996633,0.0620152356902357,8.42433826252876e-05,0.217390343567061,0.144888793765659,0.14714710021322,0.087827093211791,0.209884812061626,0.000980411273517496,0.213901848356246,"22.2"
"92",2002,"SEdist","NSEO",250,0,6,0.0216666666666667,0.0216666666666667,0.00333333333333333,0.0533333333333333,0.000207438060282505,0.67386354513912,0.0780969758064516,0.0780969758064516,0.0120149193548387,0.192238709677419,0.00271422476699571,0.674831142541312,"22.2"
"93",2002,"SEdist","EYKT",250,0,28,0.00869638688288574,0.00867217863499328,0.00370225423572105,0.0144148028585958,7.18045132482028e-06,0.308128542785851,0.037411654128619,0.0360088356250801,0.0158368135647137,0.0609865791283819,0.000136805512158775,0.315533115483438,"22.2"
"94",2001,"SEdist","CSEO",250,0,16,0.0359375,0.0353125,0.018125,0.0559375,9.83912427075513e-05,0.275771324152401,0.117785487776753,0.11573704451107,0.0573564114391144,0.18538411554428,0.00113690837474818,0.285616068813636,"22.2"
"95",2001,"SEdist","SSEO",250,0,31,0.0370986631250353,0.036585918302166,0.0193632068769747,0.0592140823035562,0.000107564105268915,0.279251941440049,0.121220301429188,0.118970600350066,0.0609096020380861,0.185545690136397,0.00104933836743503,0.268585598902979,"22.2"
"96",2001,"SEdist","NSEO",250,0,6,0.0145833333333333,0.0145833333333333,0.00166666666666667,0.03003125,5.20773627794461e-05,0.486968320367158,0.0525652721774194,0.0510634072580645,0.00600745967741936,0.100700042842742,0.000661743118289939,0.494194395165957,"22.2"
"97",2001,"SEdist","EYKT",250,0,28,0.0132019950837478,0.0129446064139942,0.00535714285714286,0.0219197571885897,1.72025958686312e-05,0.314317065245673,0.0567946758271415,0.0556609587522717,0.0258551587433146,0.0938147497977596,0.000310826670469682,0.310453260314916,"22.2"
"98",2000,"SEdist","CSEO",250,0,18,0.0329479678668413,0.0321529098909322,0.0174713501741666,0.0511853450370403,7.78190851011949e-05,0.270114241862955,0.104538771148164,0.10449794580367,0.0541670108638535,0.162488601900515,0.000772577782988515,0.265126830667283,"22.2"
"99",2000,"SEdist","SSEO",250,0,31,0.0527442452410952,0.0518454643148606,0.0326491061702957,0.0762797914779471,0.000130265022080591,0.216657827928672,0.183343553775298,0.178519972841119,0.108924655550813,0.264333625628266,0.00167479611247529,0.225463683832074,"22.2"
"100",2000,"SEdist","NSEO",250,0,4,0.0178571428571429,0.0178571428571429,0.00357142857142857,0.0339285714285714,6.64779543574186e-05,0.444629933089641,0.0643656394009217,0.0643656394009217,0.0128731278801843,0.122294714861751,0.000861841359958541,0.450557622428592,"22.2"
"101",2000,"SEdist","EYKT",250,0,27,0.0251322751322751,0.0246031746031746,0.0134920634920635,0.0391600529100529,4.45450674492415e-05,0.268800188521972,0.0931324786324786,0.0911717948717949,0.0480367521367521,0.149992307692308,0.000697941164021721,0.281921680591917,"22.2"
"102",1999,"SEdist","CSEO",250,0,19,0.0426267474953368,0.0410716689421764,0.0200036386121955,0.0691309065102013,0.000159307173996651,0.299461683267298,0.135438217852421,0.133054039342062,0.0660346515815309,0.229463625389637,0.00180441228016706,0.312164970486044,"22.2"
"103",1999,"SEdist","SSEO",250,0,31,0.0351566533966246,0.0345731330359946,0.0190170718211104,0.0520855675707881,7.37470074138875e-05,0.24656957518156,0.106456061443681,0.10505315441891,0.0586673275611958,0.161942392698381,0.000694904424187162,0.247550439184755,"22.2"
"104",1999,"SEdist","NSEO",250,0,6,0.0195376016260163,0.0184959349593496,0.00625,0.0367378048780488,6.52932093744951e-05,0.416271790324147,0.0704228123770653,0.0666681500786782,0.0224341072328629,0.132420528865067,0.000867226224315064,0.42590041730477,"22.2"
"105",1999,"SEdist","EYKT",250,0,27,0.0314814814814815,0.0305555555555556,0.0136574074074074,0.0525462962962963,0.000102171081350126,0.324023919711885,0.118884971509972,0.116262508903134,0.0471824730680199,0.199329011974715,0.00154063049024217,0.334659022332666,"22.2"
"106",1998,"SEdist","CSEO",250,0,17,0.0774183648028531,0.0766157642302204,0.0402625486720529,0.118229870752649,0.000400419603659999,0.258755001299628,0.236279018538599,0.22905538525358,0.127996986370562,0.355405904745858,0.00340841341258437,0.249544864075845,"22.2"
"107",1998,"SEdist","SSEO",250,0,31,0.0338702746705075,0.0332324599373211,0.0201968151556449,0.0502985330355646,5.82131669652238e-05,0.225921935282695,0.103534910037406,0.103315865102864,0.0637288185390589,0.155377555597359,0.000564802126052861,0.225513676847374,"22.2"
"108",1998,"SEdist","NSEO",250,0,6,0.0416666666666667,0.0416666666666667,0.0145572916666667,0.064609375,0.00015868927847118,0.303874803287147,0.150186491935484,0.153941154233871,0.0675839213709677,0.2327890625,0.00178665117799833,0.278973154687441,"22.2"
"109",1998,"SEdist","EYKT",250,0,28,0.0377869897959184,0.0365911989795918,0.0169642857142857,0.0612260841836735,0.0001298961282809,0.306181028920135,0.153558108083659,0.151743919464949,0.0734519617000169,0.247264189862558,0.00193933944489931,0.286024630873518,"22.2"
"110",2025,"SEdist","CSEO",250,0,5,0.0420265725725,0.0420265725725,0.01646199081625,0.0676399343033437,0.000180551712584866,0.320262536117021,0.156685663847866,0.156685663847866,0.06137445433724,0.250806934602248,0.00234398259450601,0.309691468325299,"22.2_hhokadj_kghook"
"111",2025,"SEdist","SSEO",250,0,25,0.04256302099125,0.04146898397775,0.0215766488155688,0.0682853102696062,0.000152769770149509,0.292327857068332,0.170545940116116,0.165839239611961,0.0851715707948096,0.27631095332596,0.00249997942199312,0.294324902809098,"22.2_hhokadj_kghook"
"112",2024,"SEdist","CSEO",250,0,15,0.0946686370366667,0.0942164421522917,0.0604624784528437,0.132221287200844,0.000350364339983116,0.197776335098357,0.344208237291878,0.344831448832105,0.21978995580535,0.483650563102181,0.00458412580878493,0.194476213321586,"22.2_hhokadj_kghook"
"113",2024,"SEdist","SSEO",250,0,27,0.0448201496814815,0.0448421528009259,0.0309371028265856,0.059034970292853,5.32790695040336e-05,0.162587749976275,0.16489950202006,0.163085794406009,0.116796293395401,0.219302120471488,0.000739451684112039,0.165168553520491,"22.2_hhokadj_kghook"
"114",2024,"SEdist","NSEO",250,0,4,0.050430856475,0.050430856475,0.0084905713125,0.1107715379875,0.000646368669812354,0.507560299884983,0.178142212758399,0.178142212758399,0.0299921370945095,0.391289941655592,0.00849702896101628,0.521906246762175,"22.2_hhokadj_kghook"
"115",2023,"SEdist","CSEO",250,0,20,0.082408939833125,0.0813066618884375,0.0458516482364063,0.123795430625594,0.00040899993961265,0.246044804897373,0.293429107448059,0.292051950366267,0.154295924804116,0.44667133446609,0.00558016337124543,0.254925254336669,"22.2_hhokadj_kghook"
"116",2023,"SEdist","SSEO",250,0,35,0.0580847054392857,0.057937887654375,0.0344825851930491,0.085858660438375,0.000178498503387223,0.229112216777184,0.210293887510948,0.205616959163483,0.124228502568245,0.314999741201018,0.00232221193186607,0.229283583642417,"22.2_hhokadj_kghook"
"117",2023,"SEdist","NSEO",250,0,6,0.0118924565958333,0.0118924565958333,0,0.0288816803041667,6.37764957030125e-05,0.661130496291867,0.0439998198517979,0.0439998198517979,0,0.106856705354366,0.000815104853282763,0.656843182604201,"22.2_hhokadj_kghook"
"118",2023,"SEdist","EYKT",250,0,27,0.0223048992095679,0.0219240339966049,0.00893339150635031,0.037868212414946,5.40074256315343e-05,0.328118913883516,0.0998767589472994,0.0953268420113004,0.039299746491099,0.16576494274414,0.00108463522453451,0.337400556473173,"22.2_hhokadj_kghook"
"119",2022,"SEdist","CSEO",250,0,21,0.0611986868479167,0.0595458931883929,0.0298529513014658,0.0995365469001265,0.00034608495307809,0.304888175891575,0.21267606977299,0.209235833454868,0.104078408196727,0.33795639109963,0.00372378768535661,0.288335125385411,"22.2_hhokadj_kghook"
"120",2022,"SEdist","SSEO",250,0,16,0.0643032492388097,0.0620922134132812,0.0296745334475597,0.106659605353219,0.000371683823148907,0.301973803525535,0.232807933857037,0.23020302404325,0.112145629293488,0.388627583110976,0.00502550607495963,0.302477725800101,"22.2_hhokadj_kghook"
"121",2022,"SEdist","NSEO",250,0,4,0.0220762881839286,0.0220762881839286,0.002104032725,0.0420485436428571,0.000103354426577783,0.461896043628534,0.0791631650793498,0.0791631650793498,0.00754483219977104,0.150926480168504,0.00129151374985626,0.460320341450095,"22.2_hhokadj_kghook"
"122",2022,"SEdist","EYKT",250,0,18,0.0322544074173611,0.0317770164708333,0.00884134347762153,0.0610720793855208,0.000191282277877174,0.425272043776986,0.14145839061818,0.134697030918999,0.0379345724213728,0.272087793544946,0.00396292483719156,0.446822815744429,"22.2_hhokadj_kghook"
"123",2021,"SEdist","CSEO",250,0,20,0.0535831411321875,0.0524342275445313,0.0236924723080078,0.0900718169530625,0.000293742778760301,0.320173977407845,0.186210725246517,0.182198964193827,0.0855649242686706,0.31908495245564,0.0034891039808538,0.314589530392484,"22.2_hhokadj_kghook"
"124",2021,"SEdist","SSEO",250,0,34,0.029146996050861,0.0286136538991523,0.0175778644587848,0.0423390373545346,3.94947869332348e-05,0.217802303202193,0.103368677997872,0.102809914263726,0.0642932945752777,0.14844683152719,0.000474012361976148,0.209370834322637,"22.2_hhokadj_kghook"
"125",2021,"SEdist","NSEO",250,0,7,0.0742383366133929,0.0742383366133929,0.00295641533928571,0.161291839238393,0.00183394784020733,0.576775020579283,0.264554739515631,0.264554739515631,0,0.599374502065063,0.0242579972073386,0.594417329437466,"22.2_hhokadj_kghook"
"126",2021,"SEdist","EYKT",250,0,23,0.0270196267679348,0.0257352335505435,0.0109744158266236,0.0444723961782948,7.16951343458606e-05,0.322008957580167,0.115187995652539,0.113534276662502,0.0519717275518415,0.189444829477236,0.0013667228019047,0.3188892042559,"22.2_hhokadj_kghook"
"127",2020,"SEdist","CSEO",250,0,22,0.04619454441875,0.0442846352348011,0.0174793576661719,0.081307147667017,0.000257411644558842,0.351171114995443,0.160763419366771,0.155925550346313,0.0607298786960074,0.276708444539145,0.00310479513618773,0.348602447231822,"22.2_hhokadj_kghook"
"128",2020,"SEdist","SSEO",250,0,33,0.0309874686136905,0.0304369493400839,0.0146123343539739,0.0502333309113007,8.49693173298983e-05,0.300142853642117,0.108231999326118,0.105893224670108,0.0521599349217228,0.179876477423739,0.00104477436384223,0.296785934947576,"22.2_hhokadj_kghook"
"129",2020,"SEdist","NSEO",250,0,6,0.0172328592427083,0.0166412175885417,0.00487164568854167,0.0357002092520833,6.77690703417882e-05,0.481458939286419,0.0616998029172531,0.0595815140746649,0.016222978924204,0.123635635465259,0.000868324014877896,0.485442649477884,"22.2_hhokadj_kghook"
"130",2020,"SEdist","EYKT",250,0,28,0.0227533932470982,0.0225096571207589,0.0100007794561775,0.0370769477563393,4.83314177520205e-05,0.305810187270992,0.0933215543118538,0.0910929484757636,0.0415016174840664,0.155813375147146,0.000913568916507045,0.326226680077575,"22.2_hhokadj_kghook"
"131",2019,"SEdist","CSEO",250,0,18,0.0368973918892857,0.0364407121035714,0.0216429079362004,0.0542752677054563,7.45398199046697e-05,0.232814879800711,0.128762168158221,0.124951342614302,0.0722385226741871,0.194486857467211,0.00094201502537806,0.240533100101635,"22.2_hhokadj_kghook"
"132",2019,"SEdist","SSEO",250,0,33,0.0268741908444797,0.025900562727001,0.0135550313962709,0.0428829834745879,6.06128147408967e-05,0.291171605686313,0.0938652795951403,0.0909050391843598,0.0477983303302762,0.149349330903514,0.00070344924573191,0.28409004582371,"22.2_hhokadj_kghook"
"133",2019,"SEdist","NSEO",250,0,7,0.0330898843948694,0.0330898843948694,0.0128600155295346,0.0527220502775765,0.000105231857402823,0.310633793431601,0.116568221457256,0.11612874502162,0.0498709565251998,0.186551009666271,0.00129847372849691,0.308793278242585,"22.2_hhokadj_kghook"
"134",2019,"SEdist","EYKT",250,0,23,0.0119261542875776,0.0117921188875776,0.00499003170723602,0.0198724763788199,1.52583015814904e-05,0.32666816367829,0.0474641653064532,0.0471683274185645,0.0191546444541743,0.0793706306151721,0.000243346634537379,0.329632003792729,"22.2_hhokadj_kghook"
"135",2018,"SEdist","CSEO",250,0,20,0.0337115399354132,0.0332842003454928,0.0185000116298244,0.0522553042643489,7.88121458239925e-05,0.264210067476931,0.122492113704346,0.119613605635852,0.0681021107031672,0.185986837559113,0.000968692697697899,0.256706045249985,"22.2_hhokadj_kghook"
"136",2018,"SEdist","SSEO",250,0,36,0.0244044766368931,0.0239412013753985,0.014094064291095,0.0361324767111614,3.20055197663021e-05,0.233332857731559,0.0867330580327656,0.0851748466037479,0.0508844922822133,0.130159447425906,0.000418740389228774,0.234612631263874,"22.2_hhokadj_kghook"
"137",2018,"SEdist","NSEO",250,0,5,0.0202794651542857,0.0202794651542857,0,0.0500414321942857,0.000173215678188022,0.651171264294565,0.0717721388449826,0.0717721388449826,0,0.17710430685057,0.00212898920802232,0.635796371459718,"22.2_hhokadj_kghook"
"138",2018,"SEdist","EYKT",250,0,26,0.0185341079638049,0.0185561874911401,0.0104463028112981,0.0269130522552043,1.85204774427419e-05,0.230897146555854,0.0731534622007108,0.0723985414475953,0.0404306985415071,0.108573238603688,0.000292310677755726,0.235328037636578,"22.2_hhokadj_kghook"
"139",2017,"SEdist","CSEO",250,0,18,0.0288331058285589,0.0281622260089494,0.0116082097242893,0.051098183261537,9.21250789215931e-05,0.332319741906538,0.103057758261506,0.101119443184105,0.0438884038689441,0.176801219833121,0.0012495538930369,0.341607021184238,"22.2_hhokadj_kghook"
"140",2017,"SEdist","SSEO",250,0,31,0.0265303864645161,0.0262654335927419,0.0147793111340081,0.0386960836136935,3.68389822737851e-05,0.229490776567309,0.0937327456605605,0.0922820696731114,0.0531891236276199,0.140290083270703,0.000503364692808092,0.240443904739607,"22.2_hhokadj_kghook"
"141",2017,"SEdist","NSEO",250,0,5,0.01449057504,0.01449057504,0,0.02898115008,6.30350668873497e-05,0.542480479176369,0.0537211562458537,0.0537211562458537,0,0.107442312491707,0.000871652434808695,0.55205844524087,"22.2_hhokadj_kghook"
"142",2017,"SEdist","EYKT",250,0,28,0.0379592613517857,0.0374447494625,0.0181718536020536,0.0610528636024464,0.00012215291082145,0.294184138492325,0.1470610801607,0.143615869730415,0.0684878137347571,0.238572442051331,0.00192665932136441,0.29904467917618,"22.2_hhokadj_kghook"
"143",2016,"SEdist","CSEO",250,0,18,0.0411840575680556,0.0399574976592593,0.0218379349750116,0.0650071600972801,0.000127516389298279,0.276901302531345,0.145153542433959,0.143253394127395,0.0675582215152248,0.222178798512686,0.00153586807967274,0.27224486951355,"22.2_hhokadj_kghook"
"144",2016,"SEdist","SSEO",250,0,31,0.0165152808737542,0.0162124741887402,0.00884860377345238,0.0250939624306608,1.69931394418241e-05,0.250862102985978,0.0575932254907132,0.0580360930254935,0.0333209902119837,0.0843076593138734,0.000174327479823318,0.22825856053468,"22.2_hhokadj_kghook"
"145",2016,"SEdist","NSEO",250,0,6,0.0159045503375584,0.0159045503375584,0.00355120821388889,0.0294264834410416,5.46423885064381e-05,0.470408767838819,0.0598647274705697,0.0587642791505141,0.0133667477170778,0.122825846583231,0.000806167600870312,0.481992693743965,"22.2_hhokadj_kghook"
"146",2016,"SEdist","EYKT",250,0,28,0.0184090307877401,0.0178112910440189,0.00829223621310268,0.0312879001450907,3.47182470315366e-05,0.322052691387834,0.0722921701392917,0.0704873169012923,0.0313148142617981,0.126112185254295,0.000560725471769127,0.325358495569708,"22.2_hhokadj_kghook"
"147",2015,"SEdist","CSEO",250,0,17,0.0304410470724916,0.0300187770638892,0.0140785812229679,0.0489461548457507,7.96324485230386e-05,0.291473822776734,0.105714062591745,0.102280849990467,0.0444578818911398,0.166164443576176,0.000960973602320956,0.296156465833187,"22.2_hhokadj_kghook"
"148",2015,"SEdist","SSEO",250,0,30,0.0234897342192797,0.023397965645186,0.0145569357320923,0.0334602123482272,2.22836782704025e-05,0.199937191687569,0.0830338993106241,0.0817451439554192,0.0521775484598981,0.115364991300736,0.000255628794984588,0.193520868401641,"22.2_hhokadj_kghook"
"149",2015,"SEdist","NSEO",250,0,4,0.0182847501846368,0.0182847501846368,0.00496600043507891,0.034842414352122,6.34265567453672e-05,0.434186822867968,0.0722189027324614,0.0722189027324614,0.0196141100517556,0.137616369250385,0.000985791705257672,0.439769181285819,"22.2_hhokadj_kghook"
"150",2015,"SEdist","EYKT",250,0,27,0.017494458595701,0.0173399602253714,0.00935441214492709,0.0267227717615246,2.04631121011889e-05,0.258028570797301,0.0693033492321262,0.0694128172915189,0.0375576551771266,0.106280433466659,0.00031516503679319,0.251742339079735,"22.2_hhokadj_kghook"
"151",2014,"SEdist","CSEO",250,0,16,0.0367330265827704,0.0357177483820118,0.0161544029635328,0.0608645362732101,0.000130217596465442,0.312789112072394,0.125024470854809,0.122410719071419,0.0577819415168256,0.204926185678822,0.00149778471807832,0.310259396017607,"22.2_hhokadj_kghook"
"152",2014,"SEdist","SSEO",250,0,33,0.0310225117803684,0.0307716549463806,0.0197001079247467,0.0427367355634256,3.495258874658e-05,0.190803140336436,0.109661526839223,0.108485309553372,0.0724869223902813,0.154574575160733,0.000461594854379265,0.195208567982438,"22.2_hhokadj_kghook"
"153",2014,"SEdist","NSEO",250,0,5,0.0204781479636485,0.0204781479636485,0.00511469122571429,0.0385601144507914,6.92139227484387e-05,0.404394432199645,0.0717895921676789,0.0717895921676789,0.0182489154075097,0.135178967125118,0.00085571581333086,0.402738513785718,"22.2_hhokadj_kghook"
"154",2014,"SEdist","EYKT",250,0,27,0.0188098324633698,0.0184851097222289,0.00772435257662023,0.0341363395872991,4.39739487012357e-05,0.347672880435031,0.0693787761702841,0.0679676628546955,0.0258629188499934,0.121783636718033,0.000644343070304999,0.363902352927192,"22.2_hhokadj_kghook"
"155",2013,"SEdist","CSEO",250,0,17,0.0305444213915087,0.0303657981388126,0.0167419462995339,0.0471770270893505,6.09663213385782e-05,0.253700047852004,0.0973951508741221,0.0960583021084883,0.0531426875866648,0.149999784597996,0.000594646127386246,0.24998893228789,"22.2_hhokadj_kghook"
"156",2013,"SEdist","SSEO",250,0,32,0.0166635075753982,0.0163501930081493,0.00826518221799479,0.027097235903137,2.33514265145957e-05,0.288412438618117,0.0589038597568202,0.0590508155029663,0.0292306962202234,0.0983854691526522,0.000302495193804315,0.288961198009365,"22.2_hhokadj_kghook"
"157",2013,"SEdist","NSEO",250,0,6,0.0392701629735528,0.0392701629735528,0.0129464538263305,0.0627101579232417,0.000159469374738315,0.323829966535411,0.131637812672602,0.131637812672602,0.0537206163851671,0.210211198433998,0.00177022794811412,0.317154551736723,"22.2_hhokadj_kghook"
"158",2013,"SEdist","EYKT",250,0,27,0.0133877259007321,0.0135276322859746,0.00664582220751059,0.0209193988588696,1.43019985095065e-05,0.277989233022712,0.0544031348751316,0.054103373993516,0.0247887855789859,0.0852015761220357,0.000240298299639972,0.2852387117412,"22.2_hhokadj_kghook"
"159",2012,"SEdist","CSEO",250,0,16,0.0429405991727809,0.0424105085205295,0.0224132228181091,0.0666607029064168,0.000132044109303885,0.266228684978763,0.146210260933944,0.144171018595497,0.0771242960365554,0.225317018363103,0.00138848674363699,0.255242053648312,"22.2_hhokadj_kghook"
"160",2012,"SEdist","SSEO",250,0,31,0.0232284006131344,0.0227305328482449,0.00780301037245127,0.0417130493481444,7.39379553736676e-05,0.368091535403531,0.0853860966567201,0.0855103110909789,0.0318735748950483,0.154054257895964,0.000990305988882811,0.363472405162118,"22.2_hhokadj_kghook"
"161",2012,"SEdist","NSEO",250,0,6,0.0218810201458333,0.0209486345,0.00259694424583333,0.0494727739,0.00016372442596324,0.593513486963088,0.0733475344368311,0.0707982453457698,0.00870523660379073,0.174543299140688,0.00194793367880043,0.592943428251274,"22.2_hhokadj_kghook"
"162",2012,"SEdist","EYKT",250,0,28,0.0214169342723214,0.0212194040214286,0.0100537121087946,0.0344831811064062,3.82236164936097e-05,0.287204402367493,0.0936243720495867,0.0932731778690197,0.0445124432494636,0.14978181578505,0.000753443895655207,0.29196910818768,"22.2_hhokadj_kghook"
"163",2011,"SEdist","CSEO",250,0,19,0.0293810692723974,0.0287952377891076,0.0107959614835597,0.0571230759739654,0.000153245334373178,0.415604658421264,0.0945824717002549,0.0918697882589925,0.0348391558315502,0.188212260480129,0.00159739265140571,0.411785024812601,"22.2_hhokadj_kghook"
"164",2011,"SEdist","SSEO",250,0,30,0.0228042154298393,0.0227742223690278,0.012900597159977,0.0350009540139542,3.23109257772005e-05,0.246902572500381,0.0800272270156714,0.080500814347071,0.0445012165617184,0.120083216093461,0.000379907114176571,0.239799837558748,"22.2_hhokadj_kghook"
"165",2011,"SEdist","NSEO",250,0,5,0.0187077816886732,0.0185575118207163,0.00579083443129032,0.0366338045647294,5.88230542496074e-05,0.408239256327591,0.0694375676352808,0.0688798118150851,0.0209360516327152,0.137847412120381,0.00090607419625144,0.431989624433886,"22.2_hhokadj_kghook"
"166",2011,"SEdist","EYKT",250,0,28,0.0142529605410714,0.0140449258714286,0.00696487830553571,0.0223087222567857,1.55656862041226e-05,0.277158151175366,0.061997415160201,0.0610981190657754,0.0340540637192006,0.0976684243341833,0.000268147838739385,0.261607156943092,"22.2_hhokadj_kghook"
"167",2010,"SEdist","CSEO",250,0,17,0.0493280385573826,0.048509951725258,0.0193862148730706,0.0912563821068949,0.000333032664009656,0.367224739745003,0.173367205533521,0.166428061754752,0.0700824773899387,0.309186246202929,0.00375657294375353,0.357979972871503,"22.2_hhokadj_kghook"
"168",2010,"SEdist","SSEO",250,0,33,0.0262624690289316,0.0262122341890042,0.0164194822026128,0.0376492681031205,3.02744528659095e-05,0.208513642649603,0.0886971120670449,0.0893557249850161,0.0548873647657829,0.127133932322072,0.000366252730312812,0.214085313776045,"22.2_hhokadj_kghook"
"169",2010,"SEdist","NSEO",250,0,6,0.011478139378636,0.0115638768229068,0.00336448615833333,0.0205969699187303,1.97289005876352e-05,0.378280716130565,0.0416135901574076,0.0423780486591569,0.0109813714741221,0.0730102673424424,0.000269962345332859,0.388932161615407,"22.2_hhokadj_kghook"
"170",2010,"SEdist","EYKT",250,0,26,0.0239568892706731,0.0233767648257212,0.0107368298408534,0.0402006333742428,5.80567820721919e-05,0.316546362187068,0.101483225788207,0.0989000055870964,0.0480612858215257,0.166322997790043,0.000953505600928527,0.304621996476129,"22.2_hhokadj_kghook"
"171",2009,"SEdist","CSEO",250,0,18,0.0294697765580616,0.0281017124033073,0.0125170618219228,0.0518204585846726,0.000101074137937985,0.34584111296639,0.105280381363113,0.100547794969489,0.0427706525481105,0.187120303739311,0.00133518237704404,0.351300501094253,"22.2_hhokadj_kghook"
"172",2009,"SEdist","SSEO",250,0,32,0.0220722971807466,0.0214168504381087,0.0109136891279775,0.0359282290341833,4.23975823974707e-05,0.294362005309184,0.0801987458506492,0.0775198111673041,0.0416812255266436,0.130478606111781,0.0005318995238114,0.287835020109586,"22.2_hhokadj_kghook"
"173",2009,"SEdist","NSEO",250,0,5,0.0177079331585714,0.0177079331585714,0.00192832942285714,0.0434326619957143,0.000133475309248559,0.637834600221533,0.0635207965556727,0.0635207965556727,0.00691718338129914,0.15124666466496,0.00143139643325852,0.584042591054277,"22.2_hhokadj_kghook"
"174",2009,"SEdist","EYKT",250,0,27,0.0208667269994315,0.0206382543706152,0.0104383530953971,0.0336325310146123,3.41316367995595e-05,0.279519131102672,0.0831836079085366,0.0817301994206266,0.0403463317560928,0.133485444974829,0.000583400440558092,0.29101550780278,"22.2_hhokadj_kghook"
"175",2008,"SEdist","CSEO",250,0,19,0.0261676751265815,0.0259351718660184,0.0129315839838858,0.0411591504511241,5.30690027998396e-05,0.278484284812017,0.0839510274331601,0.08194366435171,0.0408014462042193,0.129992909431562,0.000521243776083762,0.275801075318732,"22.2_hhokadj_kghook"
"176",2008,"SEdist","SSEO",250,0,31,0.0146746443181738,0.0143893848233837,0.00938300503915626,0.0204550261616342,7.88332780545565e-06,0.192630046011194,0.0499404943324034,0.0490516976231278,0.0309169041553056,0.0700554316012396,9.72145201278196e-05,0.199707492172286,"22.2_hhokadj_kghook"
"177",2008,"SEdist","NSEO",250,0,5,0.0264869299225858,0.0241128002662974,0.00371691650403226,0.0538131715201382,0.000175732440596864,0.516759614965395,0.0954714980931399,0.0954714980931399,0.013397535613385,0.202311830397553,0.0025813823902989,0.519807904180914,"22.2_hhokadj_kghook"
"178",2008,"SEdist","EYKT",250,0,28,0.0182731354871223,0.017523578032061,0.00676537280735387,0.0320134229975551,4.57661772408296e-05,0.372604044225994,0.0672207966420522,0.0654526772617812,0.0238555707553978,0.125904196471557,0.000701241141121304,0.393342201724324,"22.2_hhokadj_kghook"
"179",2007,"SEdist","CSEO",250,0,19,0.0283356506007921,0.0271353697992418,0.0103225971518355,0.0508915430324308,0.000109389759810276,0.369735674375671,0.0847010505509605,0.0812504364924804,0.0335161450933404,0.153086953166246,0.000925360988143717,0.362236795881326,"22.2_hhokadj_kghook"
"180",2007,"SEdist","SSEO",250,0,31,0.0322231099209849,0.0318412858624365,0.016112384270146,0.0513265560699428,7.97120905094518e-05,0.27739846865446,0.104865420531971,0.105045744552343,0.0511161823307486,0.169151430863319,0.000847489943781102,0.274678079423218,"22.2_hhokadj_kghook"
"181",2007,"SEdist","NSEO",250,0,6,0.006724418355,0.006724418355,0.00197698582833333,0.01183654599,6.49998563958597e-06,0.380118699382578,0.0242380032730567,0.0237921484732145,0.0071259975879252,0.04266081819287,7.98306507551715e-05,0.373483510620657,"22.2_hhokadj_kghook"
"182",2007,"SEdist","EYKT",250,0,28,0.00962058725571429,0.00949422214964286,0.00390654847496429,0.0166227785940179,1.14103680857792e-05,0.348350574493476,0.0397197202986187,0.0399826378659349,0.0157074508190153,0.0675734837669303,0.00018252937617716,0.336541831024153,"22.2_hhokadj_kghook"
"183",2006,"SEdist","CSEO",250,0,19,0.0341584688328947,0.0341220119684211,0.0206295346112281,0.0493661505892763,5.63280385167326e-05,0.218283429369638,0.102106644245449,0.100402380315822,0.0613033928932185,0.151035052546927,0.00055321779417033,0.230192748406327,"22.2_hhokadj_kghook"
"184",2006,"SEdist","SSEO",250,0,30,0.0293248606205503,0.0290438316554114,0.0156796963851832,0.0435841400305974,5.13642816059443e-05,0.242778731611554,0.0954334900807564,0.0935572111442048,0.0548733923298745,0.142365386521082,0.000519758972386756,0.240633580337426,"22.2_hhokadj_kghook"
"185",2006,"SEdist","NSEO",250,0,6,0.0349250041277778,0.0333660454861111,0.00601498966944444,0.0768484912102083,0.000380670612978124,0.555861808173097,0.125886332418798,0.125886332418798,0.0216808847395689,0.283488751065563,0.00472694931252552,0.538910952266059,"22.2_hhokadj_kghook"
"186",2006,"SEdist","EYKT",250,0,28,0.0103964478446429,0.010360654859375,0.00414700341293899,0.0179201146266146,1.26001038020789e-05,0.338930710508896,0.0429229515322069,0.0423328387029356,0.0182747184566596,0.0722596681937845,0.00020250365327541,0.33391439061126,"22.2_hhokadj_kghook"
"187",2005,"SEdist","CSEO",250,0,18,0.0485240230172619,0.0485623874441468,0.0299736355321131,0.0686486164258333,0.000102662482549599,0.208076505961768,0.14504822156461,0.144478789706447,0.0904204084825149,0.206737191478769,0.000896247390976031,0.205351753645732,"22.2_hhokadj_kghook"
"188",2005,"SEdist","SSEO",250,0,32,0.0441967965835623,0.0434454398744148,0.0248496952542151,0.0652797399400538,0.000110891228064444,0.240490446609488,0.143832040770308,0.141389967976516,0.0790726249523968,0.218464801843002,0.00121975248542516,0.244367713150393,"22.2_hhokadj_kghook"
"189",2005,"SEdist","NSEO",250,0,5,0.0169694127087564,0.0169694127087564,0.00162070162589928,0.0336025063114286,6.64730217387789e-05,0.48614011510056,0.0611658375584051,0.0611658375584051,0.00584177980003075,0.121119421035682,0.0008571384071189,0.471798019443027,"22.2_hhokadj_kghook"
"190",2005,"SEdist","EYKT",250,0,28,0.0109581488450905,0.0106619093081605,0.00444192492444821,0.0191160077911874,1.44598769162754e-05,0.346515530838376,0.0452419998435233,0.0441796686411199,0.0183982257400306,0.0766028497938856,0.000223828599515647,0.331823110940124,"22.2_hhokadj_kghook"
"191",2004,"SEdist","CSEO",250,0,19,0.0288708961679825,0.0286594513686403,0.0144324433173355,0.0477372367921491,7.3461437638101e-05,0.293576581006563,0.0863010089384521,0.0837469560066492,0.0398060457990502,0.141553340050701,0.000660325485283787,0.301774492076159,"22.2_hhokadj_kghook"
"192",2004,"SEdist","SSEO",250,0,31,0.0233821428647761,0.0232395988486537,0.0121064995574998,0.0370237865287696,4.23355160896552e-05,0.276276524762263,0.0760937802237562,0.0764843118339278,0.0369970321373258,0.120713457266058,0.000456407574819569,0.277502473926904,"22.2_hhokadj_kghook"
"193",2004,"SEdist","NSEO",250,0,6,0.0207756709722222,0.0204431886722222,0.00292256600833333,0.0512784552527778,0.000181465724817402,0.642887311262863,0.0748854033821741,0.0725723882986657,0.0105343184697954,0.183633526944426,0.00233664396027958,0.645657501931876,"22.2_hhokadj_kghook"
"194",2004,"SEdist","EYKT",250,0,27,0.0189815921711261,0.0190055298644575,0.00899180570836644,0.0315469133969133,3.39071694284592e-05,0.302569122570518,0.0730538926641524,0.0713127044379185,0.0345285594395652,0.123074291909144,0.000522688256932718,0.31174906883873,"22.2_hhokadj_kghook"
"195",2003,"SEdist","CSEO",250,0,18,0.0292738035814741,0.0292358263956408,0.0138531466540575,0.0481934263697313,8.09282532522279e-05,0.302866648759307,0.0879359892064042,0.0862126653969727,0.0397832045529355,0.145604551585727,0.000688218992758747,0.295558742713321,"22.2_hhokadj_kghook"
"196",2003,"SEdist","SSEO",250,0,31,0.0443770479329032,0.0430155458395161,0.0218687901923226,0.0711648695389758,0.000167168293200361,0.295780886376102,0.151348131961198,0.148283074309041,0.0671023799010586,0.244191343252956,0.00201745555102415,0.298186450426075,"22.2_hhokadj_kghook"
"197",2003,"SEdist","NSEO",250,0,6,0.0273958047533333,0.0267288684033333,0.00784820989333333,0.04964402646,0.000126860585252584,0.416416947585395,0.0987475154316621,0.0969409578525403,0.0288093405711831,0.185673682144063,0.00159345107294869,0.405566469696361,"22.2_hhokadj_kghook"
"198",2003,"SEdist","EYKT",250,0,27,0.012126572776482,0.0118490526669053,0.00593358861111083,0.0186627108108054,1.07155483341654e-05,0.271920957472359,0.0521682340711052,0.0519379757416561,0.0257322145181656,0.0799979901825785,0.00019610690847847,0.266435844964155,"22.2_hhokadj_kghook"
"199",2002,"SEdist","CSEO",250,0,19,0.0241965045732199,0.0235735736502058,0.0115879020260589,0.0395653972138628,5.2624728684089e-05,0.299299673648248,0.07620449150001,0.0746457176509703,0.0393857933296497,0.121326521309142,0.000468471482399146,0.284638932142312,"22.2_hhokadj_kghook"
"200",2002,"SEdist","SSEO",250,0,30,0.0460500500401683,0.0456064559375842,0.0243472177385059,0.0731746775406434,0.000154292965862664,0.267468167406241,0.157584449490336,0.155336848772591,0.085223643946734,0.248720829417756,0.0017693769420653,0.267122527989317,"22.2_hhokadj_kghook"
"201",2002,"SEdist","NSEO",250,0,6,0.0193967767933333,0.0183818077016667,0.00219852177666667,0.0461008932259167,0.000136782053848807,0.618663689454276,0.0699152126747121,0.066350632588202,0.00853217403748669,0.167867627583634,0.00199583037713119,0.643540863706661,"22.2_hhokadj_kghook"
"202",2002,"SEdist","EYKT",250,0,28,0.00730215586383429,0.0071366908948734,0.00340225654544845,0.0116384989987933,4.78804290313495e-06,0.302562552919164,0.0314137047086369,0.0311190790919069,0.013697931133566,0.0511175110205423,9.34039722095385e-05,0.307011920164909,"22.2_hhokadj_kghook"
"203",2001,"SEdist","CSEO",250,0,16,0.0278585196921875,0.0274868641645312,0.0129505241444531,0.0434112073157031,6.45456952566516e-05,0.289143983111798,0.0913065552885587,0.0906299706611176,0.0412922281252173,0.147775744504254,0.000785017130144417,0.305604892370447,"22.2_hhokadj_kghook"
"204",2001,"SEdist","SSEO",250,0,31,0.03618237219888,0.0347913828289652,0.0166924605285798,0.0647570367804055,0.000154507531092434,0.340642444939604,0.118226310462693,0.115642348763566,0.0568567808131396,0.204098194497692,0.00145062127838237,0.320278052296984,"22.2_hhokadj_kghook"
"205",2001,"SEdist","NSEO",250,0,6,0.0101858749204167,0.0101858749204167,0.00106296432166667,0.02174848792,2.96520991428618e-05,0.522818100498032,0.0367147397181841,0.0367147397181841,0.00383142918056875,0.0790519569792098,0.000361518925707461,0.505886955695245,"22.2_hhokadj_kghook"
"206",2001,"SEdist","EYKT",250,0,28,0.0137929571187649,0.0133125257500477,0.00632091929195127,0.0220991591663729,1.74054797347843e-05,0.305310647501493,0.0593369807584821,0.0577754164044129,0.0257377307213354,0.0966284952167935,0.000339987669230302,0.310650421076414,"22.2_hhokadj_kghook"
"207",2000,"SEdist","CSEO",250,0,18,0.0261583579063601,0.0260489212279816,0.0140746099956219,0.0393633770102424,4.24949449437002e-05,0.24789550564001,0.0829963960702053,0.0816493569250394,0.0425675924155627,0.121562750121669,0.000430534852264273,0.251800951393444,"22.2_hhokadj_kghook"
"208",2000,"SEdist","SSEO",250,0,31,0.0505748987575669,0.0501778288679499,0.0313735743012402,0.0758861324574939,0.000131573385699151,0.224890101152265,0.175802717958196,0.170941105505716,0.105621294610576,0.257999176634784,0.00150124535127366,0.222839709053606,"22.2_hhokadj_kghook"
"209",2000,"SEdist","NSEO",250,0,4,0.0159626349357143,0.0159626349357143,0.00308780424285714,0.0340565789071429,6.68371521567532e-05,0.501413632127219,0.0575369314330014,0.0575369314330014,0.0111299156884372,0.122756114721307,0.000888537530285957,0.513232094211975,"22.2_hhokadj_kghook"
"210",2000,"SEdist","EYKT",250,0,27,0.019937931673545,0.0195104165784392,0.010467573381627,0.0318286763738161,2.94023392499803e-05,0.272259616903673,0.0738838400339504,0.0722469176315235,0.0393076422378906,0.11681155294468,0.000391990473479089,0.266226248055224,"22.2_hhokadj_kghook"
"211",1999,"SEdist","CSEO",250,0,19,0.036942767186307,0.0365814498302777,0.019679786533206,0.0579694891087718,9.39734394735192e-05,0.261775062534965,0.117378473476018,0.113644397374978,0.0565745312143251,0.181412972988872,0.00103722534391838,0.278879490009741,"22.2_hhokadj_kghook"
"212",1999,"SEdist","SSEO",250,0,31,0.0333482440383855,0.0335768823335419,0.0186844269627239,0.050124746378735,6.95277815817253e-05,0.246581896520513,0.100980109691843,0.102424645103545,0.0574183383084039,0.152682700169167,0.000592068125085623,0.235832547480767,"22.2_hhokadj_kghook"
"213",1999,"SEdist","NSEO",250,0,6,0.0179940985725356,0.0174326972319106,0.00457721463333333,0.0341330820876067,6.02098061045724e-05,0.430839628301014,0.06485929296361,0.0642672111745494,0.0164984594067863,0.122517537997324,0.000811222792288209,0.439577661575577,"22.2_hhokadj_kghook"
"214",1999,"SEdist","EYKT",250,0,27,0.0257430573613426,0.0247721115603009,0.0111841230966493,0.0412918978436806,5.78445746925194e-05,0.301773223872221,0.097214695654747,0.0977601179693205,0.0420757306110595,0.156754139736611,0.00084381625347104,0.295657297841912,"22.2_hhokadj_kghook"
"215",1998,"SEdist","CSEO",250,0,17,0.0734580086597839,0.0708382547788421,0.0368831544969319,0.117824991421962,0.00046045393154292,0.296045546709299,0.224192105247023,0.21974723767435,0.113027506148178,0.375295136033358,0.00445716467369692,0.29343417304521,"22.2_hhokadj_kghook"
"216",1998,"SEdist","SSEO",250,0,31,0.0409162292945354,0.0408556685074514,0.0230836890851297,0.0621575634641638,9.47484278612435e-05,0.237294191285195,0.125073037059493,0.121746141520271,0.0679152673718434,0.186394056334338,0.000968225241630727,0.251489655845085,"22.2_hhokadj_kghook"
"217",1998,"SEdist","NSEO",250,0,6,0.04256384366875,0.042472972821875,0.016443591575,0.0685237785125,0.000181853505293196,0.32051473032303,0.153420344733598,0.153420344733598,0.0679390537915887,0.244654811616697,0.00217488621344385,0.302862831277303,"22.2_hhokadj_kghook"
"218",1998,"SEdist","EYKT",250,0,28,0.0343543924588329,0.0332565701825574,0.0170273557320089,0.0533186697228906,8.97096474827899e-05,0.280262418112848,0.139608779075377,0.136488480764903,0.0648347371651932,0.225469338334375,0.00164318115061821,0.29270633294105,"22.2_hhokadj_kghook"
"219",2025,"SEdist","CSEO",250,0,5,0.0420265725725,0.04284430223,0.01646199081625,0.0676399343033437,0.000180955627465974,0.317431500266035,0.156685663847866,0.156685663847866,0.06137445433724,0.252149343666903,0.00237148554002866,0.307629984083308,"22.2_lon"
"220",2025,"SEdist","SSEO",250,0,25,0.04256302099125,0.0414896317905,0.0207472422277438,0.06864536921285,0.000149291085947699,0.28857743262297,0.170545940116116,0.166448505596889,0.0856913137121813,0.273041713922658,0.00238170124228226,0.286921721487183,"22.2_lon"
"221",2024,"SEdist","CSEO",250,0,15,0.0946686370366667,0.0941653521227083,0.0587268668672917,0.132225038271656,0.0003606414337011,0.20138255030143,0.344208237291878,0.34565342766436,0.209537152410777,0.488024725741485,0.00499640240506507,0.20416462664937,"22.2_lon"
"222",2024,"SEdist","SSEO",250,0,27,0.0448201496814815,0.0447583831805556,0.0302782073020486,0.0592137474457986,5.52105007597878e-05,0.166160682196983,0.16489950202006,0.164006085201654,0.114753630763121,0.218547997363936,0.000728207228101314,0.164257065633017,"22.2_lon"
"223",2024,"SEdist","NSEO",250,0,4,0.050430856475,0.050430856475,0.0084905713125,0.11173745055,0.000705658408410485,0.5158625548503,0.178142212758399,0.178142212758399,0.0299921370945095,0.394701936082063,0.0089580646812684,0.533789746854281,"22.2_lon"
"224",2023,"SEdist","CSEO",250,0,20,0.082408939833125,0.0807754134789063,0.0457746469518516,0.124141186837602,0.000435865602108213,0.254324867420127,0.293429107448059,0.291325362463649,0.167509618851399,0.447228814919455,0.00529240356321408,0.246549284705526,"22.2_lon"
"225",2023,"SEdist","SSEO",250,0,35,0.0580847054392857,0.0578403778197321,0.0341921413675982,0.086106524544308,0.000174225729162581,0.22691604777568,0.210293887510948,0.210786155346059,0.120746247013823,0.310314709703562,0.00236131813799223,0.22951196689408,"22.2_lon"
"226",2023,"SEdist","NSEO",250,0,6,0.0118924565958333,0.0118924565958333,0,0.0288816803041667,6.51916272606146e-05,0.683616619504888,0.0439998198517979,0.0439998198517979,0,0.106856705354366,0.000815121305845636,0.653824161135574,"22.2_lon"
"227",2023,"SEdist","EYKT",250,0,19,0.0188685412820175,0.0184923764763158,0.00615843520614035,0.0352325912141338,5.76387474075525e-05,0.39953192013101,0.084489453711714,0.0810305370837702,0.0265753910288835,0.150055885198476,0.00101545350250983,0.380009605778333,"22.2_lon"
"228",2022,"SEdist","CSEO",250,0,21,0.0611986868479167,0.0603600121248512,0.0301912202057292,0.100213338861622,0.00031224739141526,0.287315982100301,0.21267606977299,0.205599860954786,0.103638100093313,0.350803661349781,0.00395387569733267,0.297245026814544,"22.2_lon"
"229",2022,"SEdist","SSEO",250,0,16,0.0643032492388097,0.0639425957043658,0.0291942474101907,0.10643842111688,0.000390295069250712,0.30482571156071,0.232807933857037,0.232888335718064,0.119610646500357,0.38610767736476,0.00465946537997934,0.287398816459289,"22.2_lon"
"230",2022,"SEdist","NSEO",250,0,4,0.0220762881839286,0.0220762881839286,0.002104032725,0.0420485436428571,0.000101491752430974,0.458080276896028,0.0791631650793498,0.0791631650793498,0.00754483219977104,0.150781497958929,0.00130687630228579,0.463872310169062,"22.2_lon"
"231",2022,"SEdist","EYKT",250,0,12,0.026850365425,0.0246054534447917,0.00377358725,0.0558263573443229,0.000180091886884316,0.513820135134254,0.117757844110511,0.109177710497475,0.0212977295295576,0.254610511745357,0.00367938639412858,0.514781507633138,"22.2_lon"
"232",2021,"SEdist","CSEO",250,0,20,0.0535831411321875,0.0529175364189062,0.0257274537915625,0.0901226608244531,0.000286084880285591,0.315401026210982,0.186210725246517,0.181177690679661,0.0886472669430651,0.310459796898146,0.00337735237812018,0.310825320294594,"22.2_lon"
"233",2021,"SEdist","SSEO",250,0,34,0.029146996050861,0.0291397213727502,0.0178105336991347,0.041362853243962,3.71944585084513e-05,0.208567187572878,0.103368677997872,0.102361046119434,0.0616340225908989,0.148934803110731,0.00046101450830131,0.207516134067422,"22.2_lon"
"234",2021,"SEdist","NSEO",250,0,7,0.0742383366133929,0.0742383366133929,0.00295641533928571,0.162012379890625,0.00184476587317927,0.574028461742094,0.264554739515631,0.254019297510002,0.0105354420056288,0.612214267013741,0.0244812988305805,0.594715527487533,"22.2_lon"
"235",2021,"SEdist","EYKT",250,0,16,0.0300857302074219,0.0295475910958984,0.0109819447542969,0.0563386300204785,0.000129830606845871,0.376569178598197,0.128259172123304,0.122526791332758,0.0449164924003537,0.232270614961113,0.00222158398887166,0.370904613426471,"22.2_lon"
"236",2020,"SEdist","CSEO",250,0,22,0.04619454441875,0.0436730228572443,0.018993277108679,0.0801758760220099,0.000259154011627849,0.3567530448145,0.160763419366771,0.154336328257266,0.0644197222059417,0.279498139603163,0.00308074375459991,0.34729560481433,"22.2_lon"
"237",2020,"SEdist","SSEO",250,0,33,0.0309874686136905,0.0310596346576975,0.0141643163570076,0.0509511934300534,8.93564235238932e-05,0.300376283989014,0.108231999326118,0.106469146544505,0.0486758197296359,0.174595684249031,0.00100059700309916,0.294191079507304,"22.2_lon"
"238",2020,"SEdist","NSEO",250,0,6,0.0172328592427083,0.016833823853125,0.004280004034375,0.0367771846385417,7.21305220702931e-05,0.488519956857166,0.0616998029172531,0.0603758301853025,0.016222978924204,0.128371656988299,0.000905557229010014,0.493172716502832,"22.2_lon"
"239",2020,"SEdist","EYKT",250,0,19,0.0265938932085526,0.0255743088723684,0.00902242024628289,0.0433863632364391,8.11403920745315e-05,0.343883461846367,0.109073113731821,0.106759324149548,0.0394150937121725,0.181311212522226,0.00140652108785583,0.348047781256271,"22.2_lon"
"240",2019,"SEdist","CSEO",250,0,18,0.0368973918892857,0.0361467336045635,0.0201096176991468,0.0541740038529563,7.79924066674126e-05,0.243542492020712,0.128762168158221,0.128655181011345,0.0762142355579361,0.196905189682162,0.000942876700887082,0.237559608650401,"22.2_lon"
"241",2019,"SEdist","SSEO",250,0,33,0.0268741908444797,0.0264660741062755,0.0139538455877258,0.0436979987999478,5.85158014919433e-05,0.285297881017708,0.0938652795951403,0.0930827475765278,0.0502310286031912,0.155439740746094,0.000728400636417936,0.285635017800801,"22.2_lon"
"242",2019,"SEdist","NSEO",250,0,7,0.0330898843948694,0.0325284052295918,0.0140475069122401,0.0543287149264517,0.000106724530258719,0.312514418072764,0.116568221457256,0.11352323086225,0.0518618345704435,0.190731666439136,0.00128445508072208,0.307777164193234,"22.2_lon"
"243",2019,"SEdist","EYKT",250,0,17,0.012390149512605,0.0118305210117647,0.00419171016638655,0.0217197275839076,2.12731618490399e-05,0.378987382441697,0.0493107912624032,0.0485091280106954,0.0191184721991304,0.0847268152073749,0.000312955874658504,0.352984426603905,"22.2_lon"
"244",2018,"SEdist","CSEO",250,0,20,0.0337115399354132,0.0331980566043053,0.0181251787591402,0.0526649503279758,7.56393732803143e-05,0.256454985083262,0.122492113704346,0.122407044472911,0.0667319065119269,0.190349119211662,0.00103454994590288,0.262148961194767,"22.2_lon"
"245",2018,"SEdist","SSEO",250,0,36,0.0244044766368931,0.0244285415279615,0.0146371745864266,0.0363611841713148,3.16384504289299e-05,0.229628562025681,0.0867330580327656,0.0857774081866739,0.0505675295078499,0.129540175051201,0.000416642376073257,0.234227738064825,"22.2_lon"
"246",2018,"SEdist","NSEO",250,0,5,0.0202794651542857,0.0202794651542857,0,0.0500414321942857,0.000163389124803348,0.617247655549888,0.0717721388449826,0.0717721388449826,0,0.17710430685057,0.00208248230154177,0.633804989355836,"22.2_lon"
"247",2018,"SEdist","EYKT",250,0,17,0.0211709835114496,0.0207730877176471,0.0114974268366597,0.0315258966899343,2.83997192193235e-05,0.252559286162261,0.0835611158131375,0.0822135901906001,0.0447096645444033,0.129699147122474,0.000489639403657228,0.264861015667325,"22.2_lon"
"248",2017,"SEdist","CSEO",250,0,18,0.0288331058285589,0.0280014174081683,0.0114997178692616,0.0502945318357834,9.96041305699092e-05,0.344893515165519,0.103057758261506,0.100980276967689,0.0471755767406779,0.179636165755167,0.00121345002343821,0.33209293132319,"22.2_lon"
"249",2017,"SEdist","SSEO",250,0,31,0.0265303864645161,0.0260959784906452,0.0148621451582661,0.040133563774129,3.84756637002693e-05,0.232305215846586,0.0937327456605605,0.0929770973337399,0.0578439241128524,0.139805593725479,0.000443067633659912,0.223416820320721,"22.2_lon"
"250",2017,"SEdist","NSEO",250,0,5,0.01449057504,0.01449057504,0,0.02898115008,6.35100368520002e-05,0.544790140062175,0.0537211562458537,0.0537211562458537,0,0.107442312491707,0.000821528694994318,0.527733740621959,"22.2_lon"
"251",2017,"SEdist","EYKT",250,0,19,0.0464904725257895,0.0458731324305263,0.0199214920768421,0.0761766708895921,0.000224631489256568,0.320511588401875,0.180112543378095,0.180279297767442,0.0804678175182977,0.299910678822746,0.00332374740880073,0.316938596509045,"22.2_lon"
"252",2016,"SEdist","CSEO",250,0,18,0.0411840575680556,0.0411459751622685,0.0228193648403935,0.0656537078884838,0.000125731157912672,0.268864748202957,0.145153542433959,0.143746025213924,0.068443908374804,0.229335501808675,0.00157692892686076,0.274374706948473,"22.2_lon"
"253",2016,"SEdist","SSEO",250,0,31,0.0165152808737542,0.0164041157500553,0.00955072330903395,0.0246908748336675,1.47175572418336e-05,0.231491633169784,0.0575932254907132,0.0573959600803417,0.0340561651855814,0.0887633205511221,0.00019788956406016,0.242973949390497,"22.2_lon"
"254",2016,"SEdist","NSEO",250,0,6,0.0159045503375584,0.0159045503375584,0.00355120821388889,0.0318164097101861,5.58474866338874e-05,0.47136324990699,0.0598647274705697,0.0598647274705697,0.0133667477170778,0.125026743223342,0.000899301543493774,0.494095791203642,"22.2_lon"
"255",2016,"SEdist","EYKT",250,0,19,0.0131384571722837,0.013056293672326,0.00572655296574561,0.021428180805633,1.63009545481157e-05,0.304374865142783,0.0515946543964212,0.0513675840430971,0.0226023974178987,0.0815912643449682,0.000228442769831446,0.293690184364779,"22.2_lon"
"256",2015,"SEdist","CSEO",250,0,17,0.0304410470724916,0.0298006400269127,0.0144740498860483,0.0473398128395423,7.48217009339646e-05,0.288599686573121,0.105714062591745,0.104354942134754,0.0460418705908337,0.172806001995829,0.00100022056519669,0.299534826860584,"22.2_lon"
"257",2015,"SEdist","SSEO",250,0,30,0.0234897342192797,0.0234970150267275,0.0147553209211523,0.0334104919412541,2.20306468453791e-05,0.198657826296788,0.0830338993106241,0.0826137180740211,0.052157621721011,0.114707420619258,0.000268989030782934,0.198117856115116,"22.2_lon"
"258",2015,"SEdist","NSEO",250,0,4,0.0182847501846368,0.0182847501846368,0.00496600043507891,0.034842414352122,6.3392148645916e-05,0.439143295450832,0.0722189027324614,0.0722189027324614,0.0196141100517556,0.137616369250385,0.00101445155624071,0.435019367326988,"22.2_lon"
"259",2015,"SEdist","EYKT",250,0,18,0.0176343849925123,0.0174345710348433,0.00876025475698508,0.0270491849814877,2.19890859894515e-05,0.266954576354891,0.0698576600667236,0.0694038668714379,0.0357076180194995,0.106525168244498,0.000340835673140883,0.263936995641039,"22.2_lon"
"260",2014,"SEdist","CSEO",250,0,16,0.0367330265827704,0.0357512580920989,0.0164133987145216,0.0603666578307959,0.000133457432330564,0.313745335642123,0.125024470854809,0.119738201537984,0.0555859644266931,0.21157672018521,0.00153242268416867,0.318767905596318,"22.2_lon"
"261",2014,"SEdist","SSEO",250,0,33,0.0310225117803684,0.0308254319747879,0.0190258924431646,0.0428887064564522,3.71934807155891e-05,0.198063476750027,0.109661526839223,0.108188922044095,0.0684975853542433,0.15231744269595,0.000475582328597403,0.200700392300272,"22.2_lon"
"262",2014,"SEdist","NSEO",250,0,5,0.0204781479636485,0.0204781479636485,0.00520554552,0.0359573416907914,6.49070813240732e-05,0.394526257471082,0.0717895921676789,0.0714710871571169,0.0179304103969476,0.126054509421363,0.000807318069356635,0.397668496168712,"22.2_lon"
"263",2014,"SEdist","EYKT",250,0,18,0.0169644423815626,0.0165974709406389,0.00619623205533131,0.0315294229876028,4.35187691311494e-05,0.381942994572963,0.0625721814979557,0.0609497389977043,0.0226716226071797,0.109683373592473,0.000553059290087215,0.373797777077706,"22.2_lon"
"264",2013,"SEdist","CSEO",250,0,17,0.0305444213915087,0.030655031049763,0.0166600018903488,0.0466008107209787,5.70000040512184e-05,0.245784000918199,0.0973951508741221,0.0944686655616678,0.0523676864951501,0.149685266498783,0.000644158283186347,0.264940274267419,"22.2_lon"
"265",2013,"SEdist","SSEO",250,0,32,0.0166635075753982,0.0163984590481157,0.00874729020983724,0.0264598493377625,2.2828683324906e-05,0.285550227308337,0.0589038597568202,0.0578880075084299,0.0287625726802068,0.0920959022407601,0.000268706288053493,0.281599314969565,"22.2_lon"
"266",2013,"SEdist","NSEO",250,0,6,0.0392701629735528,0.040120836220775,0.0154101365666667,0.0643123973789916,0.000162745050588069,0.321538111251665,0.131637812672602,0.134489360949568,0.0516564362615007,0.211619189083702,0.00179001186706993,0.314637586405229,"22.2_lon"
"267",2013,"SEdist","EYKT",250,0,18,0.0127074153186907,0.0124846254074342,0.00581387895104167,0.0204021971263064,1.42463141566963e-05,0.298940706353629,0.0516385855688337,0.0498250077473199,0.0223214821997204,0.0848641708153204,0.000253555204449362,0.312757180571031,"22.2_lon"
"268",2012,"SEdist","CSEO",250,0,16,0.0429405991727809,0.0416871173177128,0.0219919048323555,0.0661595178398068,0.000131115108243073,0.271161464453049,0.146210260933944,0.144296974113508,0.0803521706738821,0.231494674784633,0.0015818351511904,0.268381189608124,"22.2_lon"
"269",2012,"SEdist","SSEO",250,0,31,0.0232284006131344,0.0227810065291213,0.00928255327215445,0.042073586273179,7.70499205883451e-05,0.370026793807974,0.0853860966567201,0.0834484606053889,0.0299150527626484,0.149994711534748,0.00100905234724287,0.369979102282019,"22.2_lon"
"270",2012,"SEdist","NSEO",250,0,6,0.0218810201458333,0.0202882374916667,0.00259694424583333,0.0520697181458333,0.000184220858375466,0.622161277447487,0.0733475344368311,0.0680083555595097,0.00870523660379073,0.165838062536897,0.00193954314704649,0.599031816852748,"22.2_lon"
"271",2012,"SEdist","EYKT",250,0,19,0.0185348969157895,0.0181263083789474,0.00820273652736842,0.0313190793568421,3.66476133126206e-05,0.328823309576902,0.0810255129272764,0.0802716942663206,0.0338784695247101,0.139443676597503,0.000705251825506791,0.327348117566813,"22.2_lon"
"272",2011,"SEdist","CSEO",250,0,19,0.0293810692723974,0.0275845917916812,0.0110964217342441,0.0550587852531533,0.000143594773407706,0.409075984834976,0.0945824717002549,0.0897195920194612,0.0338057726198408,0.185616603518121,0.00153172183429953,0.413127223086894,"22.2_lon"
"273",2011,"SEdist","SSEO",250,0,30,0.0228042154298393,0.0222997103536134,0.0125525703614448,0.0343534403360623,3.09041564308535e-05,0.244764519262983,0.0800272270156714,0.0806314222445606,0.0450841006410404,0.122042912165179,0.000396344543664663,0.246003920604945,"22.2_lon"
"274",2011,"SEdist","NSEO",250,0,5,0.0187077816886732,0.0185575118207163,0.00564056456333333,0.0364872914434713,6.46018294038911e-05,0.427502007826002,0.0694375676352808,0.0670058851957239,0.0214938074529109,0.137847412120381,0.000916092947144998,0.437358541355752,"22.2_lon"
"275",2011,"SEdist","EYKT",250,0,19,0.0147275810364035,0.0147295741629386,0.00691852404618421,0.0227304158453509,1.72636373394139e-05,0.282895710398004,0.0640619156411959,0.0637908370639949,0.0304664225128201,0.101363716703174,0.000338466090352468,0.286909027605902,"22.2_lon"
"276",2010,"SEdist","CSEO",250,0,17,0.0493280385573826,0.0471071764458166,0.0195859045007721,0.0905257848998437,0.000351624402837517,0.383926816786525,0.173367205533521,0.163475045714339,0.0670443520556484,0.317963903830414,0.00413947366124571,0.376109869611738,"22.2_lon"
"277",2010,"SEdist","SSEO",250,0,33,0.0262624690289316,0.0259130282462012,0.0161494979051198,0.0376845772952159,3.17697495887626e-05,0.215736016340788,0.0886971120670449,0.0870570536462065,0.053769620839201,0.128226282693363,0.000386933286019454,0.223451147999524,"22.2_lon"
"278",2010,"SEdist","NSEO",250,0,6,0.011478139378636,0.011478139378636,0.00368186097434896,0.0206919383929427,1.82505193527128e-05,0.366927991014302,0.0416135901574076,0.0405450467594461,0.0109813714741221,0.0722458088406931,0.000248617359419768,0.390055881042449,"22.2_lon"
"279",2010,"SEdist","EYKT",250,0,17,0.0177778367595588,0.0170688405488971,0.00571652761176471,0.0332125998384191,5.23859287328763e-05,0.408562535402508,0.0753082840393958,0.0722559345034195,0.0243501019837638,0.133709220908062,0.000840613766442663,0.394539604483739,"22.2_lon"
"280",2009,"SEdist","CSEO",250,0,18,0.0294697765580616,0.0288900090729425,0.0120435180992291,0.0505250366299119,0.000102425316882349,0.343591246525035,0.105280381363113,0.0999132471663822,0.0457119710753244,0.175175683666499,0.00121090566968867,0.340020888664161,"22.2_lon"
"281",2009,"SEdist","SSEO",250,0,32,0.0220722971807466,0.021840400402191,0.011087850140589,0.0335132388600523,3.71739419821447e-05,0.277148721333158,0.0801987458506492,0.0803515858594723,0.041484615809116,0.128688871651333,0.000528494291057975,0.281384259123291,"22.2_lon"
"282",2009,"SEdist","NSEO",250,0,5,0.0177079331585714,0.0177079331585714,0.00192832942285714,0.0421636058357143,0.000121758809914357,0.614358774158578,0.0635207965556727,0.0611558925078916,0.00691718338129914,0.15124666466496,0.00156585788543868,0.639564566110373,"22.2_lon"
"283",2009,"SEdist","EYKT",250,0,18,0.0219998312527187,0.0215817119323117,0.00964139525182582,0.039033253990862,5.72365203711858e-05,0.339326222793436,0.0877006411705093,0.0863531998697614,0.0366835347106844,0.15791846257318,0.00104222988215388,0.362499710105339,"22.2_lon"
"284",2008,"SEdist","CSEO",250,0,19,0.0261676751265815,0.0254416414846737,0.012491186692105,0.0405581280877055,5.32966201194553e-05,0.281675417173974,0.0839510274331601,0.0839103469173419,0.0433534491562485,0.131818803178558,0.000535785620701521,0.272439363574269,"22.2_lon"
"285",2008,"SEdist","SSEO",250,0,31,0.0146746443181738,0.0145155182507398,0.00921632084456681,0.0207030704415364,8.26960832521163e-06,0.196476448914242,0.0499404943324034,0.0491857976342235,0.0311264090335765,0.069296068214266,9.71266000197775e-05,0.198987364236367,"22.2_lon"
"286",2008,"SEdist","NSEO",250,0,5,0.0264869299225858,0.0264869299225858,0.00371691650403226,0.0561279479350194,0.000194100706223398,0.529136644164169,0.0954714980931399,0.087820114083423,0.013397535613385,0.202311830397553,0.00246064834231935,0.522100544791189,"22.2_lon"
"287",2008,"SEdist","EYKT",250,0,19,0.0156035469829314,0.015157241328778,0.00604213799163826,0.0271603049130883,3.14443419506446e-05,0.360845710802851,0.0574002671502942,0.055453680354095,0.0235331597235709,0.106662307233671,0.000453347902810626,0.370061001768298,"22.2_lon"
"288",2007,"SEdist","CSEO",250,0,19,0.0283356506007921,0.0277822051226628,0.0112797695879079,0.052347262981365,0.000114001210807673,0.373895251628994,0.0847010505509605,0.0816311529890971,0.0351253433503186,0.152557306302301,0.000954095209661475,0.362456747116087,"22.2_lon"
"289",2007,"SEdist","SSEO",250,0,31,0.0322231099209849,0.0318831805003275,0.0162897871098651,0.0498701690500904,7.29525361773111e-05,0.265820706535751,0.104865420531971,0.103029764771028,0.0505855945661211,0.168865098236352,0.000875986920082976,0.283062087934636,"22.2_lon"
"290",2007,"SEdist","NSEO",250,0,6,0.006724418355,0.00648445158,0.00265520825666667,0.01184481537175,6.25029771019336e-06,0.373806754885722,0.0242380032730567,0.0238055260556368,0.0071259975879252,0.0437946452925085,8.98828854409556e-05,0.391199854932729,"22.2_lon"
"291",2007,"SEdist","EYKT",250,0,19,0.00910726343789474,0.00892251250105263,0.00285493757673684,0.0174480670095789,1.50254769284978e-05,0.424890916479973,0.0376004028469422,0.0365995733042215,0.00929587909660347,0.0731459518467109,0.000260740218565774,0.43274091871611,"22.2_lon"
"292",2006,"SEdist","CSEO",250,0,19,0.0341584688328947,0.0339330068223684,0.0204120576442873,0.0499415645555702,5.91503208819563e-05,0.225148126149113,0.102106644245449,0.100958195699756,0.0606605511487822,0.151037750849038,0.000548057237652972,0.229091814795932,"22.2_lon"
"293",2006,"SEdist","SSEO",250,0,30,0.0293248606205503,0.0286839745841089,0.0163499017510282,0.0454085017283558,5.25919317917868e-05,0.248770253879054,0.0954334900807564,0.0934054183560173,0.0507457188357132,0.143051909787407,0.000566777692004417,0.251802074691038,"22.2_lon"
"294",2006,"SEdist","NSEO",250,0,6,0.0349250041277778,0.0316640080041667,0.00598153682583334,0.0786490924861111,0.000391442877579421,0.582923601770739,0.125886332418798,0.119353364448947,0.0216808847395689,0.276955783095712,0.00463880470299058,0.549567350574504,"22.2_lon"
"295",2006,"SEdist","EYKT",250,0,19,0.0114368570653509,0.0112183631513158,0.00385928249359649,0.0208522040632127,1.8987367459257e-05,0.379701969533865,0.0472184027499151,0.0455626830681505,0.0148815683696774,0.0853447026350318,0.000332954831257282,0.388447415150106,"22.2_lon"
"296",2005,"SEdist","CSEO",250,0,18,0.0485240230172619,0.0487260788122024,0.0295935110408036,0.06959765002562,0.000107820608656677,0.21226078735411,0.14504822156461,0.144501073437973,0.0870040382495271,0.202157887539074,0.000884512017433348,0.20584644730108,"22.2_lon"
"297",2005,"SEdist","SSEO",250,0,32,0.0441967965835623,0.0445480302464537,0.0254347593253708,0.0675805455874803,0.000116480281984985,0.239357676754959,0.143832040770308,0.140736718342285,0.0806604428876312,0.212351269931263,0.001226470235119,0.244220877622286,"22.2_lon"
"298",2005,"SEdist","NSEO",250,0,5,0.0169694127087564,0.0169694127087564,0.00162070162589928,0.0336025063114286,6.2867698965159e-05,0.458486128212894,0.0611658375584051,0.0611658375584051,0.00584177980003075,0.121119421035682,0.000877161096198484,0.475267987117407,"22.2_lon"
"299",2005,"SEdist","EYKT",250,0,19,0.0108749979771515,0.010476443549144,0.00405957510213501,0.0192978653408956,1.64192455158336e-05,0.374922163507793,0.0448987017548163,0.0423930999733082,0.0145735488336355,0.0815457706784769,0.000291003762052467,0.386333767938565,"22.2_lon"
"300",2004,"SEdist","CSEO",250,0,19,0.0288708961679825,0.0285808873432018,0.0137793303411294,0.0460330535130811,6.83725605868471e-05,0.287268382722138,0.0863010089384521,0.0843246787384207,0.0407124051648843,0.145402131932576,0.000697366926797538,0.304336604537977,"22.2_lon"
"301",2004,"SEdist","SSEO",250,0,31,0.0233821428647761,0.023130238787229,0.0118168629140348,0.0364191023509766,4.00046266081315e-05,0.271644608108678,0.0760937802237562,0.074774451901038,0.0371570911762282,0.118805655003557,0.000445475797345833,0.277315722668156,"22.2_lon"
"302",2004,"SEdist","NSEO",250,0,6,0.0207756709722222,0.0198014823027778,0.00292256600833333,0.0499717842833333,0.000175598277325335,0.655044205127895,0.0748854033821741,0.0713739638922423,0.0105343184697954,0.183633526944426,0.00242910344194564,0.667852756747113,"22.2_lon"
"303",2004,"SEdist","EYKT",250,0,18,0.020111503655578,0.0194942110769921,0.00791943613494459,0.0337796516974126,4.73699069895765e-05,0.345598349977029,0.077402549592453,0.0762935133158963,0.0306642237089384,0.132191568243276,0.000670203280344258,0.333793597895014,"22.2_lon"
"304",2003,"SEdist","CSEO",250,0,18,0.0292738035814741,0.0290363050223075,0.0138226638680939,0.047980383820125,8.16619211340725e-05,0.305132732921594,0.0879359892064042,0.0855369438478549,0.0410369773715427,0.143426646893903,0.000714464064412704,0.304030075256684,"22.2_lon"
"305",2003,"SEdist","SSEO",250,0,31,0.0443770479329032,0.0423355103075806,0.019476175842871,0.0732416749037581,0.000188314337515112,0.314303637228824,0.151348131961198,0.151964885248454,0.0738470406488398,0.238617723386761,0.00184302805268773,0.281501062457769,"22.2_lon"
"306",2003,"SEdist","NSEO",250,0,6,0.0273958047533333,0.0267464549466667,0.00784820989333333,0.0496907252741666,0.000132792662425191,0.421258013074103,0.0987475154316621,0.0927910238471455,0.0288226907734064,0.188014247812117,0.00171402748269232,0.423886744011465,"22.2_lon"
"307",2003,"SEdist","EYKT",250,0,18,0.0138166648866667,0.0137239523322222,0.00588866314791667,0.0220527746270833,1.82964917196245e-05,0.306915819168778,0.0594389710246519,0.0584530246952737,0.0274706771272027,0.0967435186369281,0.000341309271409729,0.309589342298388,"22.2_lon"
"308",2002,"SEdist","CSEO",250,0,19,0.0241965045732199,0.0237360203559333,0.0118357773866246,0.0390770951850789,4.90441577946953e-05,0.289553449718485,0.07620449150001,0.0747355331813068,0.0379383426220278,0.123132968414061,0.000488773757087144,0.290321720417387,"22.2_lon"
"309",2002,"SEdist","SSEO",250,0,30,0.0460500500401683,0.0456338509765017,0.0249360075424033,0.0726875850434292,0.000147250668290538,0.264366080948819,0.157584449490336,0.151830036136232,0.0841739061876008,0.250510367453308,0.00202014331402077,0.284938068138032,"22.2_lon"
"310",2002,"SEdist","NSEO",250,0,6,0.0193967767933333,0.0184078451766667,0.00236710537,0.0455823996772916,0.000145505969445264,0.63278469131687,0.0699152126747121,0.0675659435552714,0.00853217403748669,0.168551552468461,0.00191566767461498,0.62462279439582,"22.2_lon"
"311",2002,"SEdist","EYKT",250,0,19,0.00630815456427892,0.00632319998145344,0.00211138324962128,0.0117912955954133,5.90390497992732e-06,0.379018761278572,0.027137534234259,0.0263878134326995,0.00784786305298013,0.0505559962444371,0.000116112634000365,0.397872300422167,"22.2_lon"
"312",2001,"SEdist","CSEO",250,0,16,0.0278585196921875,0.0274383365534375,0.0134268043784219,0.0457664903539766,7.06909712469482e-05,0.300888253185897,0.0913065552885587,0.08889952189813,0.0400337286191156,0.149484255323847,0.000746956140351198,0.303917026013567,"22.2_lon"
"313",2001,"SEdist","SSEO",250,0,31,0.03618237219888,0.0347291652927725,0.0162610803426172,0.0653145646590835,0.000147861700424742,0.337791062955631,0.118226310462693,0.114628998212642,0.0575980643453916,0.205890151030736,0.00149510533547046,0.327392183797228,"22.2_lon"
"314",2001,"SEdist","NSEO",250,0,6,0.0101858749204167,0.0101858749204167,0.00106296432166667,0.0210601188804167,2.60027028931224e-05,0.502072336567257,0.0367147397181841,0.0367147397181841,0.00383142918056875,0.0734294794363682,0.00033987049560373,0.51650690317377,"22.2_lon"
"315",2001,"SEdist","EYKT",250,0,19,0.0145274745655483,0.0145188917351665,0.00513268128526316,0.0263698630188165,2.99259223419727e-05,0.370936829341184,0.0624968577327432,0.0604653973364732,0.0189758126557138,0.118228739353198,0.000609518589658181,0.397713392407344,"22.2_lon"
"316",2000,"SEdist","CSEO",250,0,18,0.0261583579063601,0.0260169655098839,0.0139911316034675,0.0395298037511078,4.3392595832166e-05,0.25173453954099,0.0829963960702053,0.0827158356753606,0.0444627734018046,0.126437258504659,0.000441261791612904,0.252131564303299,"22.2_lon"
"317",2000,"SEdist","SSEO",250,0,31,0.0505748987575669,0.0499937986722555,0.0314553457125537,0.0730519537024035,0.00011716912685839,0.214696667936087,0.175802717958196,0.172680897919139,0.10652050720354,0.255503696973875,0.00142721732479201,0.215818972797123,"22.2_lon"
"318",2000,"SEdist","NSEO",250,0,4,0.0159626349357143,0.0144187328142857,0.00304920668982143,0.0340565789071429,6.92649314750352e-05,0.531735889319896,0.0575369314330014,0.0575369314330014,0.0111299156884372,0.122756114721307,0.000861402838815661,0.500868711133816,"22.2_lon"
"319",2000,"SEdist","EYKT",250,0,18,0.0234659976849206,0.0225148983505952,0.0109751492502083,0.0383493110908532,4.88616049925137e-05,0.302508350415413,0.0869577671133359,0.0856011298542218,0.0424527109188252,0.144453304207454,0.00071866091987674,0.306022936534996,"22.2_lon"
"320",1999,"SEdist","CSEO",250,0,19,0.036942767186307,0.0366839369284367,0.0181580188933917,0.0578394504415503,0.0001022335737767,0.273662386225008,0.117378473476018,0.115189654515662,0.0597801517183174,0.179117611770118,0.00095670992599716,0.266190554788019,"22.2_lon"
"321",1999,"SEdist","SSEO",250,0,31,0.0333482440383855,0.0325586311803396,0.0180033925206255,0.0505960371856002,6.70247351110206e-05,0.248484878099764,0.100980109691843,0.100409579665575,0.054863271336581,0.154559213160927,0.000637223135685288,0.248555117714887,"22.2_lon"
"322",1999,"SEdist","NSEO",250,0,6,0.0179940985725356,0.0177942298625,0.00457721463333333,0.0341158306248984,5.98891005696118e-05,0.428727210388305,0.06485929296361,0.0623719937652864,0.0164984594067863,0.120018645257792,0.000779347840783904,0.434361482313005,"22.2_lon"
"323",1999,"SEdist","EYKT",250,0,19,0.0263145246819079,0.025430852990625,0.0100515797582648,0.0451276462263322,8.21923013119989e-05,0.34969949773474,0.0993727540728126,0.0995884461652944,0.0386765835913286,0.170023473171802,0.0011871502938871,0.341597565977177,"22.2_lon"
"324",1998,"SEdist","CSEO",250,0,17,0.0734580086597839,0.0710839204339356,0.0362067885692288,0.113512075824342,0.000434659442631992,0.288638813748714,0.224192105247023,0.221856432725898,0.112742491589307,0.361963126456603,0.00434187423091174,0.293450880771867,"22.2_lon"
"325",1998,"SEdist","SSEO",250,0,31,0.0409162292945354,0.0409006848278091,0.0236618584308732,0.0620388175156059,9.49632906797874e-05,0.236861483957286,0.125073037059493,0.125567022268526,0.070125855429135,0.185693913390755,0.000869921724030068,0.234101597521462,"22.2_lon"
"326",1998,"SEdist","NSEO",250,0,6,0.04256384366875,0.0420892569125,0.01543640794375,0.06852778644375,0.000180195419856277,0.319401952694857,0.153420344733598,0.152187401546471,0.0616679538476265,0.247630097110046,0.00228897642643362,0.314757205440734,"22.2_lon"
"327",1998,"SEdist","EYKT",250,0,19,0.0421299119278195,0.0405954572255169,0.0172611490786783,0.0698024462194208,0.000191334074546262,0.333923219493444,0.171206799067809,0.170200873305044,0.0781034208784551,0.285486966847848,0.00296502241512359,0.316821224227733,"22.2_lon"
"328",2025,"SEdist","CSEO",250,0,4,0.0352264679265625,0.0352264679265625,0.010193534225,0.0696211938515625,0.000226271346460383,0.421550821569574,0.131333158386098,0.131333158386098,0.0190020334663833,0.239853405259179,0.00296366358169714,0.423122584347751,"22.2 + correct stations"
"329",2025,"SEdist","SSEO",250,0,19,0.0491255820976974,0.0466334374447368,0.0212228633234786,0.0845843664611431,0.00024298704480655,0.320311733398014,0.196841492626325,0.194991084382365,0.087429441316251,0.337877736216271,0.00429001507822608,0.329338442832876,"22.2 + correct stations"
"330",2024,"SEdist","CSEO",250,0,13,0.0919382760168269,0.0917743465271635,0.0540103575283534,0.134806642645517,0.000449394219617487,0.22989549697356,0.334280844406255,0.329835223109492,0.203987626947388,0.495284158005526,0.00585037357903342,0.228273065230111,"22.2 + correct stations"
"331",2024,"SEdist","SSEO",250,0,24,0.0438827186346354,0.0436586329063802,0.0294707878845703,0.0600824317814258,6.34791847337641e-05,0.181892708235307,0.161450564122672,0.159505374898329,0.106176407784012,0.224434975487021,0.000908560117026479,0.187447679647323,"22.2 + correct stations"
"332",2024,"SEdist","NSEO",250,0,4,0.050430856475,0.050430856475,0.0150493175,0.11173745055,0.000665475259473923,0.502216619941053,0.178142212758399,0.174730218331927,0.0299921370945095,0.391289941655592,0.00841854659019224,0.532968946195622,"22.2 + correct stations"
"333",2023,"SEdist","CSEO",250,0,18,0.0789931788135417,0.0789766694489583,0.0377201883169531,0.126889479199844,0.000533559491994294,0.290728165849663,0.281266789752165,0.275177890303657,0.13689781481841,0.435466669840112,0.0064356645109429,0.290014656654815,"22.2 + correct stations"
"334",2023,"SEdist","SSEO",250,0,31,0.0578026863546371,0.0575574580702621,0.033589847221245,0.0844992372000756,0.000186136396285888,0.236182145230589,0.20927284609885,0.204020038250239,0.113113734159552,0.31015308225495,0.00257472286019696,0.246226501176374,"22.2 + correct stations"
"335",2023,"SEdist","NSEO",250,0,6,0.0118924565958333,0.0118924565958333,0,0.0288816803041667,5.90271159254241e-05,0.63532253970635,0.0439998198517979,0.0439998198517979,0,0.106856705354366,0.000843098928558931,0.652458889585702,"22.2 + correct stations"
"336",2023,"SEdist","EYKT",250,0,27,0.0223048992095679,0.021994150275,0.00945372403304012,0.0369900748640972,5.0928824202457e-05,0.318597473776722,0.0998767589472994,0.0957958512667232,0.0433047970943325,0.165403761125772,0.000962513184576011,0.314211397260267,"22.2 + correct stations"
"337",2022,"SEdist","CSEO",250,0,19,0.0627761645740132,0.0612850389726974,0.0272208031093668,0.0999059964165378,0.000371426829046336,0.3123152143573,0.218158078950317,0.215945870456114,0.106642367128832,0.374222966881351,0.00475257591476894,0.310556866060497,"22.2 + correct stations"
"338",2022,"SEdist","SSEO",250,0,11,0.0439707331193182,0.0430250736372159,0.0220967250012784,0.0703424197969886,0.000154517105883712,0.28397138385445,0.159194685320961,0.156275323193229,0.0847767588920989,0.25024587598864,0.00193417576130216,0.275457120822707,"22.2 + correct stations"
"339",2022,"SEdist","NSEO",250,0,4,0.0220762881839286,0.0220762881839286,0.002104032725,0.0420485436428571,0.000103250530428272,0.457366472496928,0.0791631650793498,0.0791631650793498,0.00754483219977104,0.150781497958929,0.00137246251656437,0.469446214846569,"22.2 + correct stations"
"340",2022,"SEdist","EYKT",250,0,18,0.0322544074173611,0.0314418675454861,0.00799182564855903,0.062582505502691,0.000193893316979591,0.431505087696709,0.14145839061818,0.137440797615832,0.0357670367961388,0.277208792634337,0.00385333742538475,0.436484521600332,"22.2 + correct stations"
"341",2021,"SEdist","CSEO",250,0,18,0.0583267099635417,0.0555634277418403,0.0254333280464931,0.0964537468376302,0.000316415551275111,0.313218517849548,0.202695451107664,0.192342551353173,0.104369726982768,0.330111954654128,0.00377846681479671,0.308536316327834,"22.2 + correct stations"
"342",2021,"SEdist","SSEO",250,0,29,0.0286209547204059,0.028463312847721,0.0184652882360566,0.0403595268807127,3.24306545821449e-05,0.19832342852364,0.101503093057095,0.10015436193955,0.0642078156655678,0.150225572146564,0.000468748507173166,0.212927050145434,"22.2 + correct stations"
"343",2021,"SEdist","NSEO",250,0,7,0.0742383366133929,0.0742383366133929,0,0.164977367089553,0.00191663134092012,0.600270578382135,0.264554739515631,0.264554739515631,0.0105354420056288,0.564241990548163,0.0230358949409523,0.586897622397366,"22.2 + correct stations"
"344",2021,"SEdist","EYKT",250,0,23,0.0270196267679348,0.0268863887646739,0.0122980307058967,0.0450996301453804,7.35105573981236e-05,0.315029573417201,0.115187995652539,0.112011381501621,0.055371844235762,0.19048005180275,0.00127016262268128,0.308875286820841,"22.2 + correct stations"
"345",2020,"SEdist","CSEO",250,0,19,0.0497702632773026,0.0486513711116776,0.0182518972743339,0.0906376503861842,0.000340028606166842,0.368578637055069,0.173207416761447,0.167232347417071,0.0631998092749209,0.307646595980326,0.00390631805730049,0.362342562500357,"22.2 + correct stations"
"346",2020,"SEdist","SSEO",250,0,30,0.0352742386511012,0.0348451776402679,0.0162305722968854,0.0566252454971756,0.000109883920642163,0.295098799913643,0.123204687078846,0.122138508153751,0.0565794341069619,0.199728625510482,0.00133168920397517,0.293384102796626,"22.2 + correct stations"
"347",2020,"SEdist","NSEO",250,0,6,0.0172328592427083,0.0174531428192708,0.00487164568854167,0.0358544207766667,6.96037679195511e-05,0.465425855600313,0.0616998029172531,0.058688103282736,0.0174309907425704,0.127832765960785,0.000899443031183568,0.491414373131582,"22.2 + correct stations"
"348",2020,"SEdist","EYKT",250,0,28,0.0227533932470982,0.0218257578918527,0.0104777984350167,0.0364926247285714,4.85911122019035e-05,0.311343856719658,0.0933215543118538,0.0903741933677494,0.0387118824070918,0.157205147735795,0.000947712977236586,0.330063423331896,"22.2 + correct stations"
"349",2019,"SEdist","CSEO",250,0,17,0.0390678267063025,0.0393733956781513,0.0219937141171218,0.0579293483802626,8.46455730904609e-05,0.233120234482598,0.136336413343998,0.134167375569277,0.0822949054390632,0.202170555781308,0.000978875735499935,0.228008265690868,"22.2 + correct stations"
"350",2019,"SEdist","SSEO",250,0,30,0.0278513772863087,0.0272965567776182,0.0135725297927887,0.0460163966558988,6.99186961377224e-05,0.300860639811572,0.0972783638851812,0.0961439689055589,0.0470765091546781,0.160950126677936,0.000862604405131759,0.299284651344743,"22.2 + correct stations"
"351",2019,"SEdist","NSEO",250,0,7,0.0330898843948694,0.0330898843948694,0.0131144803507615,0.0547398632387755,0.000111264103884198,0.318636970486917,0.116568221457256,0.114085690456296,0.0498674173814608,0.183776880880268,0.00118473747876308,0.296886244122003,"22.2 + correct stations"
"352",2019,"SEdist","EYKT",250,0,23,0.0119261542875776,0.0116671855559006,0.00467534152934783,0.0199934839812267,1.63702870591529e-05,0.340070614678554,0.0474641653064532,0.0474464328737566,0.0176110277402998,0.0817207559942558,0.00027086130264744,0.341874163717518,"22.2 + correct stations"
"353",2018,"SEdist","CSEO",250,0,18,0.0349443419549475,0.0346550178246483,0.0174367384066027,0.0555860357714975,9.62023565570422e-05,0.277614257595617,0.126971544944837,0.123048633498643,0.0580897579884824,0.198526111031043,0.00127962148198628,0.284987122921996,"22.2 + correct stations"
"354",2018,"SEdist","SSEO",250,0,31,0.0326887181847791,0.0320123630766171,0.0159389675573221,0.054372966644027,9.88453963736919e-05,0.304369168750894,0.116175099082072,0.114216013327659,0.0574871913419611,0.197498475107703,0.00127492522717215,0.302124450191411,"22.2 + correct stations"
"355",2018,"SEdist","NSEO",250,0,5,0.0202794651542857,0.0202794651542857,0,0.0500414321942857,0.000167874102942994,0.647365835861738,0.0717721388449826,0.0717721388449826,0,0.17710430685057,0.00198968134942694,0.630072828021649,"22.2 + correct stations"
"356",2018,"SEdist","EYKT",250,0,26,0.0185341079638049,0.0183679106807692,0.0112089509033911,0.0267808874659736,1.66905366664797e-05,0.220869011277735,0.0731534622007108,0.0715767042063904,0.039435845351844,0.110890135707683,0.000308205228806718,0.241421679587018,"22.2 + correct stations"
"357",2017,"SEdist","CSEO",250,0,15,0.0297332051013333,0.0292682077216667,0.01039173320255,0.0542186611481,0.000126599373833651,0.374944274349658,0.106274970233623,0.101000147977577,0.0360642830414803,0.198282907726381,0.00172574662080329,0.395128405582751,"22.2 + correct stations"
"358",2017,"SEdist","SSEO",250,0,28,0.0286986933757143,0.0284850169748214,0.0171230850282411,0.042503483839,4.41693479995849e-05,0.231558464838584,0.1013934467398,0.100434681836815,0.0593793973911721,0.145683578681803,0.000499321337298187,0.221117504931718,"22.2 + correct stations"
"359",2017,"SEdist","NSEO",250,0,5,0.01449057504,0.01449057504,0,0.02898115008,6.01830401364512e-05,0.528496354005895,0.0537211562458537,0.0537211562458537,0,0.107442312491707,0.000812280759194381,0.52605581909497,"22.2 + correct stations"
"360",2017,"SEdist","EYKT",250,0,28,0.0379592613517857,0.0365176389244643,0.0186274515315089,0.0612927941904375,0.000123860049363045,0.297213629930766,0.1470610801607,0.149240058341524,0.0756995586697303,0.241636435005697,0.00182226921610432,0.28502922918356,"22.2 + correct stations"
"361",2016,"SEdist","CSEO",250,0,15,0.0450874253511111,0.0435486844291667,0.0191940991869722,0.0720081708342639,0.000179973250603085,0.302571521355243,0.158910993607798,0.157760996868021,0.072674576376363,0.253774183691399,0.00211474258474217,0.288606725101562,"22.2 + correct stations"
"362",2016,"SEdist","SSEO",250,0,28,0.0325523678340988,0.0309679901393184,0.011898199748158,0.063660353316762,0.000214444469139772,0.452598717853302,0.113518860215408,0.107809265519593,0.0401101456406384,0.235553067208223,0.00278005372845232,0.463643188087593,"22.2 + correct stations"
"363",2016,"SEdist","NSEO",250,0,6,0.0159045503375584,0.0156121889347806,0.00355120821388889,0.032924095351564,6.39007256545555e-05,0.506037248540243,0.0598647274705697,0.0598647274705697,0.0133667477170778,0.117611091925032,0.000839894827601859,0.477015014429725,"22.2 + correct stations"
"364",2016,"SEdist","EYKT",250,0,28,0.0184090307877401,0.0178243133220238,0.00833952230392113,0.0303868330685282,3.31793150706095e-05,0.316288911203868,0.0722921701392917,0.0704896016884208,0.0317096076200029,0.122397107912278,0.000554312884366622,0.328462861589855,"22.2 + correct stations"
"365",2015,"SEdist","CSEO",250,0,15,0.0333774964158725,0.0327717182261078,0.0153645671028633,0.0513067682055542,9.1460709192325e-05,0.28846773755107,0.115911608981803,0.11243294520744,0.0554934813384465,0.187370981708368,0.00113388687660471,0.291916482478658,"22.2 + correct stations"
"366",2015,"SEdist","SSEO",250,0,26,0.0237714448491689,0.0235630612397054,0.0141270767961182,0.0346729550598973,2.61022506089689e-05,0.217555445748944,0.0840297186697786,0.0853124351890156,0.0499760482855917,0.122213838055599,0.000332006294468381,0.213398833383289,"22.2 + correct stations"
"367",2015,"SEdist","NSEO",250,0,4,0.0182847501846368,0.0182847501846368,0.00496600043507891,0.034842414352122,6.62414930926859e-05,0.453776420077095,0.0722189027324614,0.0722189027324614,0.0100990043958665,0.137616369250385,0.000987682494497539,0.441961296207461,"22.2 + correct stations"
"368",2015,"SEdist","EYKT",250,0,27,0.017494458595701,0.0173079504527746,0.00899635068986176,0.0269894669645502,2.15357844548683e-05,0.263877301628186,0.0693033492321262,0.068630922705972,0.035934796266416,0.104195665906008,0.000328582803541869,0.260502730529027,"22.2 + correct stations"
"369",2014,"SEdist","CSEO",250,0,14,0.0398855173661246,0.0375252029291881,0.0168085036019405,0.0694474737896451,0.000177019637415141,0.338072051554757,0.135754283471131,0.132238886106934,0.0598271347642142,0.228758298855247,0.00183504784558303,0.314764027795541,"22.2 + correct stations"
"370",2014,"SEdist","SSEO",250,0,29,0.0306947166316933,0.0303969667239745,0.0172459110212456,0.0445220787301113,4.94390088154485e-05,0.230652356072219,0.108502803240415,0.106689446102971,0.0620163063562258,0.162276771879325,0.000661911261017861,0.237158862861622,"22.2 + correct stations"
"371",2014,"SEdist","NSEO",250,0,5,0.0204781479636485,0.0203624109744399,0.00511469122571429,0.0372197377831364,6.67527952604624e-05,0.403962876157454,0.0717895921676789,0.0713838566847265,0.0179304103969476,0.125658917325484,0.000773822795607026,0.394956882097863,"22.2 + correct stations"
"372",2014,"SEdist","EYKT",250,0,27,0.0188098324633698,0.0184560156139769,0.00707157289528582,0.0343507459895072,4.75643037620963e-05,0.362279747411228,0.0693787761702841,0.0687483399360024,0.026114186584336,0.12642320379103,0.000614451401520018,0.353058990181623,"22.2 + correct stations"
"373",2013,"SEdist","CSEO",250,0,14,0.0336181629158796,0.033088810080367,0.0167940239048033,0.0519276376808732,8.13567077588366e-05,0.270397398262407,0.107196204745039,0.104847420990299,0.0594763477657008,0.160828692242613,0.000698821747389923,0.248503858962368,"22.2 + correct stations"
"374",2013,"SEdist","SSEO",250,0,29,0.0259200086696922,0.0251912181937542,0.00982091631425738,0.0489311839181163,0.000109368606427308,0.397320054894558,0.0916246803781727,0.0855534055386887,0.0320273020114161,0.172152445480635,0.00135141096326828,0.405590150491217,"22.2 + correct stations"
"375",2013,"SEdist","NSEO",250,0,6,0.0392701629735528,0.0392701629735528,0.0154101365666667,0.0631514562116194,0.000162808230204432,0.328659855551385,0.131637812672602,0.131637812672602,0.0516564362615007,0.211619189083702,0.00172571126330115,0.31701635639921,"22.2 + correct stations"
"376",2013,"SEdist","EYKT",250,0,27,0.0133877259007321,0.0132879124677074,0.00683399598125389,0.0207416740788426,1.35713950297205e-05,0.274760690457396,0.0544031348751316,0.053095871703981,0.0267825856951686,0.0858648299935686,0.000234961013941219,0.283191866070038,"22.2 + correct stations"
"377",2012,"SEdist","CSEO",250,0,13,0.0486801064116919,0.0478373118113001,0.0248890350931588,0.0783022733372441,0.000180897378268703,0.276287598952051,0.16575295170211,0.163295469645123,0.0874417307218112,0.259459796257897,0.00197985492542076,0.266963718657255,"22.2 + correct stations"
"378",2012,"SEdist","SSEO",250,0,28,0.0246232945873095,0.0246327146601105,0.00773612906569382,0.0457406634528024,9.53350558601305e-05,0.391059762849852,0.0905136365889118,0.0888893920695098,0.0273126270198816,0.16797462122988,0.00129526643619982,0.396398814247464,"22.2 + correct stations"
"379",2012,"SEdist","NSEO",250,0,6,0.0218810201458333,0.0218810201458333,0.00259694424583333,0.0494978779397916,0.000171091988695975,0.597779523186536,0.0733475344368311,0.0680083555595097,0.00870523660379073,0.174543299140688,0.00191956130129415,0.613458926188421,"22.2 + correct stations"
"380",2012,"SEdist","EYKT",250,0,28,0.0214169342723214,0.0210299090401786,0.0100875410396429,0.0343244936875223,4.05843603842816e-05,0.297594748806288,0.0936243720495867,0.0904432495202788,0.041974627828843,0.146732908851266,0.000754739417585765,0.296862206989479,"22.2 + correct stations"
"381",2011,"SEdist","CSEO",250,0,16,0.0322790479140969,0.0298238998578297,0.0101185809412891,0.0623795451597211,0.000189149323014218,0.437085766428667,0.103911539350083,0.0986682891306195,0.0321686881697143,0.199525535923853,0.00200934905815505,0.433157061243766,"22.2 + correct stations"
"382",2011,"SEdist","SSEO",250,0,26,0.0230393681597319,0.0221574202437646,0.0117661005276872,0.0364272538199279,4.14819273726482e-05,0.283019078275796,0.080852452551554,0.0779991261373098,0.0401863768773303,0.126890070139486,0.000483484006918581,0.275329768833694,"22.2 + correct stations"
"383",2011,"SEdist","NSEO",250,0,5,0.0187077816886732,0.0187077816886732,0.00579083443129032,0.0366338045647294,6.17792653446754e-05,0.415965714468085,0.0694375676352808,0.0670058851957239,0.0208892034672311,0.135429673576329,0.000895162851491608,0.436415284921717,"22.2 + correct stations"
"384",2011,"SEdist","EYKT",250,0,28,0.0142529605410714,0.0140101425229167,0.00661112699799851,0.0219339185766295,1.49169518144693e-05,0.274670756410368,0.061997415160201,0.0602000363400305,0.0297025920473574,0.096671771993096,0.00029986418631542,0.282295609268365,"22.2 + correct stations"
"385",2010,"SEdist","CSEO",250,0,15,0.0542075361450336,0.0509078412867003,0.0221586284756194,0.0994649767476682,0.000382326491886071,0.366073891176306,0.190516577086062,0.181474069256037,0.0741436288845121,0.346657712503953,0.00535752162188829,0.386802521085986,"22.2 + correct stations"
"386",2010,"SEdist","SSEO",250,0,29,0.0292397953053011,0.0293072043203947,0.0156877172977439,0.0435536232840393,5.01844188305051e-05,0.242158936159941,0.098752535344437,0.0976597175423806,0.0538723387312687,0.149012452691539,0.000617369452905544,0.251048578917087,"22.2 + correct stations"
"387",2010,"SEdist","NSEO",250,0,6,0.011478139378636,0.011478139378636,0.003698602140625,0.020138181335908,1.93760248142492e-05,0.386271756837958,0.0416135901574076,0.0416135901574076,0.0109813714741221,0.0722458088406931,0.000259261986615318,0.386222087157508,"22.2 + correct stations"
"388",2010,"SEdist","EYKT",250,0,26,0.0239568892706731,0.0237463794401442,0.0109416329873437,0.0399124899828245,5.75677990316118e-05,0.310902805162509,0.101483225788207,0.0988363558756327,0.0456134466055913,0.166762972745586,0.00101827884191739,0.31883254901996,"22.2 + correct stations"
"389",2009,"SEdist","CSEO",250,0,15,0.0289091255442857,0.0273501373378571,0.0104643489108214,0.0527226603993214,0.000125565527174296,0.39539922753127,0.10327746313855,0.0954818482623157,0.0365517768027378,0.192929679775315,0.00172099718270056,0.408672080273099,"22.2 + correct stations"
"390",2009,"SEdist","SSEO",250,0,29,0.0239458397484855,0.0231683153827027,0.0113022456373771,0.0398125006659405,5.48712237838928e-05,0.310857544346898,0.0870061824758471,0.0856776421498518,0.0394395409610894,0.146339071986807,0.000751311286725569,0.315026495742824,"22.2 + correct stations"
"391",2009,"SEdist","NSEO",250,0,5,0.0177079331585714,0.0177079331585714,0.00192832942285714,0.0421636058357143,0.000119522333750676,0.604328381909877,0.0635207965556727,0.0611558925078916,0.00691718338129914,0.15124666466496,0.00155390205446675,0.645410995963085,"22.2 + correct stations"
"392",2009,"SEdist","EYKT",250,0,27,0.0208667269994315,0.0206030036336514,0.0112175360761246,0.0358609990347215,3.78578955848623e-05,0.288359982416879,0.0831836079085366,0.0828097017690278,0.0392198692516555,0.133017568026972,0.00059185699564838,0.28873534411553,"22.2 + correct stations"
"393",2008,"SEdist","CSEO",250,0,16,0.0274533080910743,0.0276164613834819,0.012824877831207,0.0446999140803857,6.78263854945125e-05,0.297624833910703,0.0880755898082667,0.088481260584509,0.0408948540867913,0.145273351080211,0.000746559574259732,0.304441746146052,"22.2 + correct stations"
"394",2008,"SEdist","SSEO",250,0,28,0.0151062002919723,0.015033387490077,0.0087764939654373,0.0222784292308862,1.10804762539686e-05,0.218667083925269,0.0514091581171133,0.0506277834267636,0.0313788689639649,0.0745657857549485,0.00012474909829942,0.217137454396187,"22.2 + correct stations"
"395",2008,"SEdist","NSEO",250,0,5,0.0264869299225858,0.0264869299225858,0.00371691650403226,0.0574707347827633,0.000193301403514854,0.51767028376205,0.0954714980931399,0.0954714980931399,0.013397535613385,0.207151873103468,0.00250496507342961,0.528677520988838,"22.2 + correct stations"
"396",2008,"SEdist","EYKT",250,0,28,0.0182731354871223,0.0178049115969707,0.00688060134709348,0.0333711953228983,4.50578666084226e-05,0.367576605653468,0.0672207966420522,0.0653953611435805,0.0253522789070815,0.118964371041274,0.000642334023877596,0.377887682351704,"22.2 + correct stations"
"397",2007,"SEdist","CSEO",250,0,16,0.0300227240159406,0.0287156668150371,0.0103640458094257,0.0566767216149729,0.000146299651206365,0.399642541366809,0.0897440577729539,0.0875572755617544,0.0318489865142154,0.173658166323258,0.00134542207153616,0.399552234412325,"22.2 + correct stations"
"398",2007,"SEdist","SSEO",250,0,28,0.035895099790019,0.036107660984214,0.0172455642192807,0.0576162622538118,0.000103547110385566,0.280407906912074,0.116815377030571,0.116916309566906,0.0572361653781944,0.183901885202389,0.00110482603511258,0.282883963576093,"22.2 + correct stations"
"399",2007,"SEdist","NSEO",250,0,6,0.006724418355,0.00666679913416667,0.00197698582833333,0.011835512425,6.47326900340964e-06,0.378935772133633,0.0242380032730567,0.0242380032730567,0.00757185238776734,0.0435562532525911,8.00365381918424e-05,0.362476021311857,"22.2 + correct stations"
"400",2007,"SEdist","EYKT",250,0,28,0.00962058725571429,0.00937124177535714,0.00366494932082143,0.016712567558375,1.12200825696145e-05,0.348551776532891,0.0397197202986187,0.0387878200531283,0.0149833797683738,0.0682105984736077,0.000186891386908339,0.346236392317392,"22.2 + correct stations"
"401",2006,"SEdist","CSEO",250,0,16,0.0324658313692708,0.0321838286705729,0.0184634178623438,0.0499909012150781,6.40275560203927e-05,0.24522714886869,0.0970470049454485,0.0946330987468226,0.0536067953616295,0.143272271803899,0.000544645598861903,0.244202932685039,"22.2 + correct stations"
"402",2006,"SEdist","SSEO",250,0,27,0.0348620918499526,0.0345719676729717,0.0180393396731384,0.0538289680914969,8.15612425681691e-05,0.257738195547798,0.113453603064199,0.111624852486975,0.0608929583011829,0.177201027836995,0.000865449076581298,0.261251572047527,"22.2 + correct stations"
"403",2006,"SEdist","NSEO",250,0,6,0.0349250041277778,0.0334764679347222,0.00601498966944444,0.0768366325555555,0.000370217200089324,0.55036727965255,0.125886332418798,0.124972593156093,0.0216808847395689,0.273046323740286,0.0047606022732587,0.539670475708429,"22.2 + correct stations"
"404",2006,"SEdist","EYKT",250,0,28,0.0103964478446429,0.0099554753625,0.0041706256830506,0.0180805707202902,1.27511513307096e-05,0.347820837103789,0.0429229515322069,0.0420456092875797,0.0173470493623635,0.0740630587865597,0.000217348101486542,0.341077936835404,"22.2 + correct stations"
"405",2005,"SEdist","CSEO",250,0,15,0.0498950749114286,0.0499050789730952,0.0307216583670833,0.0728574099735714,0.000118290172657667,0.215215674767871,0.149146575875648,0.14619531024733,0.0878189788782168,0.213755302137461,0.00109870612514122,0.223759934179589,"22.2 + correct stations"
"406",2005,"SEdist","SSEO",250,0,29,0.0457419197162573,0.0449716299626731,0.0241952042659106,0.0689502337082472,0.000130906775723119,0.251365060957362,0.148860419082676,0.145653916966241,0.0806132788912578,0.227249811026933,0.00151786654490563,0.264556621856429,"22.2 + correct stations"
"407",2005,"SEdist","NSEO",250,0,5,0.0169694127087564,0.0169694127087564,0.00162070162589928,0.0336025063114286,6.93048270839308e-05,0.495060316668116,0.0611658375584051,0.0611658375584051,0.00584177980003075,0.121119421035682,0.000851068713274807,0.476102194681803,"22.2 + correct stations"
"408",2005,"SEdist","EYKT",250,0,28,0.0109581488450905,0.0103326494281529,0.004746742781196,0.0188890464049172,1.41945277175863e-05,0.350579725584274,0.0452419998435233,0.0443993926841395,0.0200268794815208,0.0793256054772437,0.000229901856549176,0.335557638555598,"22.2 + correct stations"
"409",2004,"SEdist","CSEO",250,0,16,0.0277055129213542,0.0269608443208333,0.0128029083030339,0.046833892888724,7.61613998006668e-05,0.315620425003865,0.0828174402470332,0.0817448885870623,0.0358337883912359,0.141658824189785,0.000725622309836483,0.325346442438279,"22.2 + correct stations"
"410",2004,"SEdist","SSEO",250,0,28,0.0246944837056449,0.0244015563554887,0.011087502907486,0.0391954763291867,4.992934431225e-05,0.286188479277874,0.080364602453406,0.0793305020134374,0.0371227536978163,0.129418009479689,0.000563681121459819,0.29462031918678,"22.2 + correct stations"
"411",2004,"SEdist","NSEO",250,0,6,0.0207756709722222,0.0204431886722222,0.00292256600833333,0.0509459729527778,0.000183586091877943,0.648702190380822,0.0748854033821741,0.0725723882986657,0.0105343184697954,0.180122087454494,0.00235045477856896,0.656448534590551,"22.2 + correct stations"
"412",2004,"SEdist","EYKT",250,0,27,0.0189815921711261,0.0186585713779686,0.00911899889619903,0.0320156802489162,3.44366557378539e-05,0.307697757675983,0.0730538926641524,0.0713395797450935,0.0332658739085943,0.121758249202524,0.000521413679720391,0.310866192173567,"22.2 + correct stations"
"413",2003,"SEdist","CSEO",250,0,16,0.0321165114629084,0.0313634837490501,0.0148173511090312,0.0514661409938561,9.31300532046706e-05,0.301832243742669,0.0964752392865326,0.0952107136919153,0.0436148416027219,0.157165351914167,0.000850979266883033,0.301334662152467,"22.2 + correct stations"
"414",2003,"SEdist","SSEO",250,0,28,0.0536832657503571,0.0532151603764286,0.0272684106224286,0.0881413031453214,0.000257259808185598,0.296358021255638,0.183087031863355,0.178561953559485,0.0807764243430198,0.298498565869941,0.00308045687078929,0.304721497793256,"22.2 + correct stations"
"415",2003,"SEdist","NSEO",250,0,6,0.0273958047533333,0.0267464549466667,0.00784820989333333,0.0521613288333333,0.000138965821025643,0.431153239894292,0.0987475154316621,0.0987475154316621,0.0305840844130502,0.188014247812117,0.00163543814119524,0.403443815564284,"22.2 + correct stations"
"416",2003,"SEdist","EYKT",250,0,27,0.012126572776482,0.0118873006774608,0.00624757327517561,0.019269675882523,1.07797802128604e-05,0.270913396109048,0.0521682340711052,0.0513745548147596,0.0251789325080321,0.0780704821251478,0.00020028723375848,0.273719557140749,"22.2 + correct stations"
"417",2002,"SEdist","CSEO",250,0,16,0.0272419258975736,0.0263924380034062,0.013873989883619,0.0449617658217191,6.95225495366169e-05,0.305714772284007,0.0857957439358068,0.0831462683753369,0.0403539039595792,0.137288909510718,0.000633292614086776,0.296501460553734,"22.2 + correct stations"
"418",2002,"SEdist","SSEO",250,0,27,0.0557481686638908,0.0560523996441676,0.0258984207284973,0.0873916066439139,0.000263703517560137,0.289539247383759,0.190771659560209,0.188038858930829,0.0935432376812981,0.30434077338292,0.00307937154225175,0.289522486563167,"22.2 + correct stations"
"419",2002,"SEdist","NSEO",250,0,6,0.0193967767933333,0.0186607205666667,0.00236710537,0.0459244447015,0.00014611294033032,0.630513361336131,0.0699152126747121,0.068173599038806,0.00853217403748669,0.168475283067169,0.00193560303758043,0.629550095816628,"22.2 + correct stations"
"420",2002,"SEdist","EYKT",250,0,28,0.00730215586383429,0.007249376922318,0.00311781093572118,0.011869030324438,5.03325974264811e-06,0.309170946842239,0.0314137047086369,0.0309964955097078,0.0138206894342278,0.0537752581108967,9.39940083103102e-05,0.305406818419165,"22.2 + correct stations"
"421",2001,"SEdist","CSEO",250,0,14,0.0308796862310714,0.0303952432542857,0.0131470338487589,0.0518057151267321,9.51471021366838e-05,0.313851684806836,0.101208456490291,0.099630088756151,0.0452223862418159,0.161582918449857,0.000913002944819322,0.300113678256947,"22.2 + correct stations"
"422",2001,"SEdist","SSEO",250,0,27,0.0408900500773524,0.0388774457220143,0.0176853551162002,0.070557881386111,0.00018686215928518,0.339259298253348,0.133608701184877,0.130142521568755,0.0592692017632808,0.235809544789031,0.00203172979246109,0.338590441715278,"22.2 + correct stations"
"423",2001,"SEdist","NSEO",250,0,6,0.0101858749204167,0.0101858749204167,0.00106296432166667,0.0210601188804167,2.63938450292911e-05,0.50096438314832,0.0367147397181841,0.0367147397181841,0.00383142918056875,0.0759106889854567,0.000343736571116736,0.504819080235247,"22.2 + correct stations"
"424",2001,"SEdist","EYKT",250,0,28,0.0137929571187649,0.0135064083886026,0.00592746075866655,0.0232959573501905,1.9508589193213e-05,0.319889409882462,0.0593369807584821,0.057505738490774,0.026759286694043,0.0962251399070706,0.000337890365679408,0.312062531219865,"22.2 + correct stations"
"425",2000,"SEdist","CSEO",250,0,16,0.0280027988415301,0.0279880029046631,0.0150139173054747,0.0421546673258289,5.09225433132546e-05,0.255716666293631,0.088848519927959,0.0875709394871828,0.0448715903737159,0.130813685014689,0.000496526727433149,0.252513051207518,"22.2 + correct stations"
"426",2000,"SEdist","SSEO",250,0,27,0.0424459129944022,0.0410570389067015,0.0233037419108931,0.0674593262219347,0.000133356490232739,0.271562624288473,0.147545661068013,0.144129448106667,0.0828590179338086,0.232738505994536,0.00157532609235234,0.269815914188494,"22.2 + correct stations"
"427",2000,"SEdist","NSEO",250,0,4,0.0159626349357143,0.0154692652928571,0.00154390212142857,0.0340565789071429,6.98478349726523e-05,0.536263132084515,0.0575369314330014,0.0575369314330014,0.00556495784421861,0.122756114721307,0.000923860039366455,0.521863020546503,"22.2 + correct stations"
"428",2000,"SEdist","EYKT",250,0,27,0.019937931673545,0.0199086506469577,0.0107585279735185,0.0311439122646825,2.68451877380031e-05,0.257162321700941,0.0738838400339504,0.0729692888109282,0.0392707869627076,0.114936966362084,0.000382382531013663,0.264571952957125,"22.2 + correct stations"
"429",1999,"SEdist","CSEO",250,0,16,0.0324301443944539,0.0320832937801511,0.0142275401522827,0.054464687179713,0.00011245280392,0.322828862840966,0.103040490292205,0.0989968667486735,0.0483092779813908,0.172406269601857,0.00103885933680676,0.31425080390839,"22.2 + correct stations"
"430",1999,"SEdist","SSEO",250,0,28,0.0340432794505955,0.0331510536124393,0.0164653778965378,0.0519731914567599,7.93067512010516e-05,0.264185994747738,0.103084710824181,0.100952100010206,0.0522378485362814,0.161351929363961,0.000771086149014407,0.27142545987436,"22.2 + correct stations"
"431",1999,"SEdist","NSEO",250,0,6,0.0179940985725356,0.0177942298625,0.00457721463333333,0.0339159619148628,5.75447578112309e-05,0.425843317526696,0.06485929296361,0.0643955513152787,0.0210167403126941,0.120018645257792,0.000735821479428179,0.41720768088191,"22.2 + correct stations"
"432",1999,"SEdist","EYKT",250,0,27,0.0257430573613426,0.0251587244190972,0.0117018249237789,0.0412905961760359,6.01126170236823e-05,0.301457205156436,0.097214695654747,0.0974590557663128,0.0424752988849833,0.159262136171408,0.00082469322317978,0.292182195760124,"22.2 + correct stations"
"433",1998,"SEdist","CSEO",250,0,14,0.085925109734375,0.08526120621875,0.0454381400901004,0.138977974911585,0.00059640072333011,0.279668074805225,0.262241402896582,0.255037654938328,0.130896027334095,0.414708834054067,0.00536997637657042,0.283064802701928,"22.2 + correct stations"
"434",1998,"SEdist","SSEO",250,0,28,0.0419080063208631,0.0402663296194429,0.0211129499548012,0.0647828855081232,0.000127705073828295,0.274531004120378,0.12810470852354,0.126917371907375,0.0667675797317181,0.194745852967066,0.00108567765710653,0.257661002367514,"22.2 + correct stations"
"435",1998,"SEdist","NSEO",250,0,6,0.04256384366875,0.04256384366875,0.0193026711557813,0.0695357429535937,0.000170022954742911,0.300120815945262,0.153420344733598,0.155923570199387,0.0578944461031754,0.251887319858834,0.00238725103166157,0.314942306041388,"22.2 + correct stations"
"436",1998,"SEdist","EYKT",250,0,28,0.0343543924588329,0.0345555997025829,0.0159371110100072,0.0556134576011081,9.98410681323824e-05,0.286093530514335,0.139608779075377,0.137266291503496,0.0651039019387953,0.222521029599477,0.00158882914267627,0.285250198155855,"22.2 + correct stations"
